# Blender 5.2.0 LTS
# www.blender.org
mtllib airplane.mtl
o Airplane1
v 599.744324 -49.852062 -323.371216
v 600.309631 -52.353050 -322.076111
v 496.167114 -50.627602 -279.655853
v 496.167114 -50.627602 -279.655853
v 600.309631 -52.353050 -322.076111
v 496.167114 -53.132824 -278.122162
v 496.167114 -32.729378 -253.472290
v 599.304138 -32.753181 -298.166412
v 496.167114 -50.627602 -279.655853
v 496.167114 -50.627602 -279.655853
v 599.304138 -32.753181 -298.166412
v 599.744324 -49.852062 -323.371216
v 600.451477 -36.764488 -293.696411
v 600.309631 -52.353050 -322.076111
v 599.304138 -32.753181 -298.166412
v 599.304138 -32.753181 -298.166412
v 600.309631 -52.353050 -322.076111
v 599.744324 -49.852062 -323.371216
v 496.167114 -36.705025 -248.149445
v 496.167114 -53.132824 -278.122162
v 575.254639 -36.781624 -282.748962
v 600.309631 -52.353050 -322.076111
v 600.451477 -36.764488 -293.696411
v 496.167114 -53.132824 -278.122162
v 496.167114 -53.132824 -278.122162
v 600.451477 -36.764488 -293.696411
v 575.254639 -36.781624 -282.748962
v 211.622604 -55.263367 -158.028534
v 211.783173 -37.618355 -125.904953
v 211.057266 -52.762379 -159.323639
v 210.533630 -32.420597 -129.338593
v 211.057266 -52.762379 -159.323639
v 210.799194 -33.265282 -128.159149
v 211.057266 -52.762379 -159.323639
v 211.783173 -37.618355 -125.904953
v 210.799194 -33.265282 -128.159149
v 211.783173 -37.618355 -125.904953
v 211.622604 -55.263367 -158.028534
v 352.363770 -36.565750 -185.237793
v 211.622604 -55.263367 -158.028534
v 490.412231 -53.175915 -275.693268
v 352.363770 -36.565750 -185.237793
v 490.412231 -36.699459 -245.631805
v 352.363770 -36.565750 -185.237793
v 490.412231 -53.175915 -275.693268
v 210.799194 -33.265282 -128.159149
v 211.783173 -37.618355 -125.904953
v 352.363770 -36.565750 -185.237793
v 210.533630 -32.420597 -129.338593
v 348.694641 -32.695358 -189.565552
v 211.057266 -52.762379 -159.323639
v 211.057266 -52.762379 -159.323639
v 348.694641 -32.695358 -189.565552
v 490.412231 -50.670692 -277.226990
v 490.412231 -50.670692 -277.226990
v 348.694641 -32.695358 -189.565552
v 490.412231 -32.728062 -250.978455
v 211.622604 -55.263367 -158.028534
v 211.057266 -52.762379 -159.323639
v 490.412231 -53.175915 -275.693268
v 490.412231 -53.175915 -275.693268
v 211.057266 -52.762379 -159.323639
v 490.412231 -50.670692 -277.226990
v -765.768494 -30.000000 -375.186768
v -762.787781 -40.223328 -361.233826
v -781.632996 -50.001694 -375.186768
v -781.632996 -50.001694 -375.186768
v -762.787781 -40.223328 -361.233826
v -778.652283 -53.742767 -361.233826
v -765.768494 -30.000000 -271.076660
v -781.632996 -50.001694 -271.076660
v -762.787781 -40.223328 -269.233826
v -762.787781 -40.223328 -269.233826
v -781.632996 -50.001694 -271.076660
v -778.652283 -53.742767 -269.233826
v -765.768494 -30.000000 -375.186768
v -762.787781 -19.776672 -361.233826
v -195.963318 -30.000000 -128.100677
v -195.963318 -30.000000 -128.100677
v -762.787781 -19.776672 -361.233826
v -197.751770 -19.776688 -113.199997
v -195.963318 -30.000000 100.941528
v -197.751770 -19.776688 89.199982
v -765.768494 -30.000000 -271.076660
v -765.768494 -30.000000 -271.076660
v -197.751770 -19.776688 89.199982
v -762.787781 -19.776672 -269.233826
v -765.768494 -30.000000 -271.076660
v -762.787781 -40.223328 -269.233826
v -195.963318 -30.000000 100.941528
v -247.559814 -37.767696 57.604004
v -244.542908 -35.719479 61.642883
v -762.787781 -40.223328 -269.233826
v -762.787781 -40.223328 -269.233826
v -244.542908 -35.719479 61.642883
v -195.963318 -30.000000 100.941528
v -244.542908 -35.719479 61.642883
v -215.457031 -38.175125 80.093689
v -195.963318 -30.000000 100.941528
v -215.457031 -38.175125 80.093689
v -212.440125 -40.223328 79.882355
v -195.963318 -30.000000 100.941528
v -212.440125 -40.223328 79.882355
v -197.751770 -40.223328 89.199982
v -195.963318 -30.000000 100.941528
v -19.940948 -25.042358 676.184814
v -11.023071 -18.987839 676.184814
v -43.771942 52.250278 561.123901
v -43.771942 52.250278 561.123901
v -11.023071 -18.987839 676.184814
v -22.046173 63.403782 561.895996
v 0.000000 65.540436 561.123901
v 0.000000 -18.987839 676.184814
v 22.046173 63.403782 561.895996
v 22.046173 63.403782 561.895996
v 0.000000 -18.987839 676.184814
v 11.023071 -18.987839 676.184814
v 43.771973 52.250278 561.123901
v 19.940948 -25.042358 676.184814
v 57.717651 39.185703 561.895996
v 57.717651 39.185703 561.895996
v 19.940948 -25.042358 676.184814
v 28.858826 -31.096893 676.184814
v 35.671448 -50.689728 676.184814
v 73.907013 -26.602386 593.556641
v 32.265137 -40.893311 676.184814
v 32.265137 -40.893311 676.184814
v 73.907013 -26.602386 593.556641
v 70.824524 17.456192 578.498291
v 73.907013 -26.602386 593.556641
v 35.671448 -50.689728 676.184814
v 71.541046 -50.623871 593.556641
v 71.541046 -50.623871 593.556641
v 35.671448 -50.689728 676.184814
v 33.386169 -60.486145 676.184814
v 57.717651 -83.854782 593.556641
v 28.858826 -70.282570 676.184814
v 22.046173 -98.080780 593.556641
v 22.046173 -98.080780 593.556641
v 28.858826 -70.282570 676.184814
v 11.023071 -82.391602 676.184814
v -11.023071 -82.391602 676.184814
v -28.858795 -70.282562 676.184814
v -22.046173 -98.080780 593.556641
v -22.046173 -98.080780 593.556641
v -28.858795 -70.282562 676.184814
v -57.717621 -83.854767 593.556641
v -71.541046 -50.623871 593.556641
v -57.717621 -83.854767 593.556641
v -33.386169 -60.486145 676.184814
v -33.386169 -60.486145 676.184814
v -57.717621 -83.854767 593.556641
v -28.858795 -70.282562 676.184814
v -57.717651 39.185703 561.895996
v -70.824493 17.456207 578.498291
v -28.858826 -31.096878 676.184814
v -28.858826 -31.096878 676.184814
v -70.824493 17.456207 578.498291
v -32.265137 -40.893311 676.184814
v -66.493134 82.363434 482.278778
v -43.771942 52.250278 561.123901
v -33.069244 95.105682 482.278778
v -33.069244 95.105682 482.278778
v -43.771942 52.250278 561.123901
v -22.046173 63.403782 561.895996
v 0.000000 65.540436 561.123901
v 22.046173 63.403782 561.895996
v 0.000000 98.934021 482.278778
v 0.000000 98.934021 482.278778
v 22.046173 63.403782 561.895996
v 33.069275 95.105652 482.278778
v 86.576447 58.778538 482.278778
v 66.493134 82.363434 482.278778
v 57.717651 39.185703 561.895996
v 66.493134 82.363434 482.278778
v 60.015442 78.988251 494.873871
v 57.717651 39.185703 561.895996
v 60.015442 78.988251 494.873871
v 43.771973 52.250278 561.123901
v 57.717651 39.185703 561.895996
v 96.855499 38.981113 482.278778
v 70.824524 17.456192 578.498291
v 107.014404 0.000000 482.278778
v 107.014404 0.000000 482.278778
v 70.824524 17.456192 578.498291
v 73.907013 -26.602386 593.556641
v 107.014404 0.000000 482.278778
v 73.907013 -26.602386 593.556641
v 106.696808 -38.281540 482.278778
v 106.696808 -38.281540 482.278778
v 73.907013 -26.602386 593.556641
v 71.541046 -50.623871 593.556641
v 85.467377 -96.158340 482.278778
v 57.717651 -83.854782 593.556641
v 33.069275 -115.105652 482.278778
v 33.069275 -115.105652 482.278778
v 57.717651 -83.854782 593.556641
v 22.046173 -98.080780 593.556641
v -22.046173 -98.080780 593.556641
v -57.717621 -83.854767 593.556641
v -33.069244 -115.105652 482.278778
v -33.069244 -115.105652 482.278778
v -57.717621 -83.854767 593.556641
v -85.467377 -96.158325 482.278778
v -106.696838 -38.281525 482.278778
v -85.467377 -96.158325 482.278778
v -71.541046 -50.623871 593.556641
v -71.541046 -50.623871 593.556641
v -85.467377 -96.158325 482.278778
v -57.717621 -83.854767 593.556641
v -70.824493 17.456207 578.498291
v -57.717651 39.185703 561.895996
v -96.855499 38.981113 482.278778
v -96.855499 38.981113 482.278778
v -57.717651 39.185703 561.895996
v -86.576447 58.778538 482.278778
v 107.311584 -51.617676 166.666626
v 107.014404 0.000000 166.666626
v 106.696808 -38.281540 482.278778
v 106.696808 -38.281540 482.278778
v 107.014404 0.000000 166.666626
v 107.014404 0.000000 482.278778
v 85.467377 -96.158340 482.278778
v 33.069275 -115.105652 482.278778
v 86.576447 -103.235352 166.666626
v 33.069275 -115.105652 482.278778
v 33.069275 -117.605652 436.666595
v 86.576447 -103.235352 166.666626
v 33.069275 -117.605652 436.666595
v 33.069275 -118.855652 394.999969
v 86.576447 -103.235352 166.666626
v 33.069275 -118.855652 394.999969
v 33.069275 -120.105652 333.333344
v 86.576447 -103.235352 166.666626
v 33.069275 -120.105652 333.333344
v 33.069275 -125.105652 166.666626
v 86.576447 -103.235352 166.666626
v -85.467377 -96.158325 482.278778
v -86.576447 -103.235336 166.666626
v -33.069244 -115.105652 482.278778
v -33.069244 -115.105652 482.278778
v -86.576447 -103.235336 166.666626
v -33.069244 -117.605652 436.666595
v -33.069244 -117.605652 436.666595
v -86.576447 -103.235336 166.666626
v -33.069244 -118.855652 394.999969
v -33.069244 -118.855652 394.999969
v -86.576447 -103.235336 166.666626
v -33.069244 -120.105652 333.333344
v -86.576447 -103.235336 166.666626
v -33.069244 -125.105652 166.666626
v -33.069244 -120.105652 333.333344
v -33.069244 95.105682 -165.569153
v 0.000000 98.934021 -165.247192
v -12.902679 95.105682 -500.000000
v -12.902679 95.105682 -500.000000
v 0.000000 98.934021 -165.247192
v 0.000000 98.934021 -500.000000
v 66.493134 82.363434 -165.423828
v 55.285583 82.363434 -500.000000
v 33.069275 95.105652 -165.502197
v 33.069275 95.105652 -165.502197
v 55.285583 82.363434 -500.000000
v 12.902710 95.105652 -500.000000
v 107.311584 -51.617676 -166.666687
v 107.311584 -29.389282 -500.000000
v 107.014404 0.000000 -166.666687
v 107.014404 0.000000 -166.666687
v 107.311584 -29.389282 -500.000000
v 107.014404 0.000000 -500.000000
v 86.576447 -58.778534 -500.000000
v 86.576447 -103.235352 -166.666687
v 33.069275 -115.105652 -500.000000
v 33.069275 -115.105652 -500.000000
v 86.576447 -103.235352 -166.666687
v 33.069275 -125.105652 -166.666687
v -86.576447 -58.778519 -500.000000
v -33.069244 -115.105652 -500.000000
v -86.576447 -103.235321 -166.666687
v -86.576447 -103.235321 -166.666687
v -33.069244 -115.105652 -500.000000
v -33.069244 -125.105652 -166.666687
v -86.576447 -103.235321 -166.666687
v -107.311584 -51.617661 -166.666687
v -86.576447 -58.778519 -500.000000
v -86.576447 -58.778519 -500.000000
v -107.311584 -51.617661 -166.666687
v -107.311584 -29.389252 -500.000000
v -86.576447 58.778538 -500.000000
v -55.285553 82.363434 -500.000000
v -68.039703 67.095093 -590.000000
v -68.039703 67.095093 -590.000000
v -55.285553 82.363434 -500.000000
v -41.928436 85.071747 -590.000000
v 0.000061 361.732178 -903.660034
v -7.875000 354.174805 -894.847168
v 0.000061 364.524780 -837.780273
v 0.000061 364.524780 -837.780273
v -7.875000 354.174805 -894.847168
v -11.812531 357.235962 -828.967407
v 55.285583 82.363434 -500.000000
v 41.928467 85.071747 -590.000000
v 12.902710 95.105652 -500.000000
v 12.902710 95.105652 -500.000000
v 41.928467 85.071747 -590.000000
v 8.601807 92.019806 -590.000000
v 96.855499 38.981113 -499.651184
v 80.344849 50.479893 -590.000000
v 86.576447 58.778538 -500.000000
v 86.576447 58.778538 -500.000000
v 80.344849 50.479893 -590.000000
v 68.039703 67.095062 -590.000000
v 107.311584 -29.389282 -500.000000
v 94.662292 -7.449890 -590.000000
v 107.014404 0.000000 -500.000000
v 107.014404 0.000000 -500.000000
v 94.662292 -7.449890 -590.000000
v 92.837189 14.818481 -590.000000
v 33.069275 -115.105652 -500.000000
v 22.046173 -69.529633 -590.000000
v 86.576447 -58.778534 -500.000000
v 86.576447 -58.778534 -500.000000
v 22.046173 -69.529633 -590.000000
v 77.934235 -29.718262 -590.000000
v -77.934235 -29.718246 -590.000000
v -22.046173 -69.529633 -590.000000
v -86.576447 -58.778519 -500.000000
v -86.576447 -58.778519 -500.000000
v -22.046173 -69.529633 -590.000000
v -33.069244 -115.105652 -500.000000
v -94.662262 -7.449890 -590.000000
v -77.934235 -29.718246 -590.000000
v -107.311584 -29.389252 -500.000000
v -107.311584 -29.389252 -500.000000
v -77.934235 -29.718246 -590.000000
v -86.576447 -58.778519 -500.000000
v -107.014404 0.000000 -500.000000
v -96.855499 38.981113 -499.651184
v -92.837189 14.818481 -590.000000
v -92.837189 14.818481 -590.000000
v -96.855499 38.981113 -499.651184
v -80.344849 50.479923 -590.000000
v -22.164368 86.794037 -770.000000
v -28.858826 75.744110 -770.000000
v -25.799927 86.105133 -698.000000
v -25.799927 86.105133 -698.000000
v -28.858826 75.744110 -770.000000
v -42.270569 77.278961 -698.000000
v -6.021240 89.519806 -737.440674
v 0.000000 93.838043 -749.407959
v -11.023071 87.853149 -770.000000
v -11.023071 87.853149 -770.000000
v 0.000000 93.838043 -749.407959
v 0.000000 92.317535 -770.000000
v 11.023071 87.853119 -770.000000
v 6.021271 89.519806 -737.440674
v 22.164368 86.794037 -770.000000
v 22.164368 86.794037 -770.000000
v 6.021271 89.519806 -737.440674
v 25.799927 86.105103 -698.000000
v 28.858826 75.744110 -770.000000
v 42.270599 77.278961 -698.000000
v 32.339966 72.333252 -770.000000
v 32.339966 72.333252 -770.000000
v 42.270599 77.278961 -698.000000
v 52.276855 65.860016 -698.000000
v 65.165894 24.598637 -698.000000
v 35.770508 46.354832 -770.000000
v 63.909485 40.869328 -698.000000
v 63.909485 40.869328 -698.000000
v 35.770508 46.354832 -770.000000
v 35.671448 56.151249 -770.000000
v 15.432312 -11.481628 -698.000000
v 11.023071 24.449375 -770.000000
v 53.650238 8.327911 -698.000000
v 53.650238 8.327911 -698.000000
v 11.023071 24.449375 -770.000000
v 28.858826 36.558414 -770.000000
v -15.432312 -11.481628 -698.000000
v -53.650238 8.327927 -698.000000
v -11.023071 24.449375 -770.000000
v -11.023071 24.449375 -770.000000
v -53.650238 8.327927 -698.000000
v -28.858795 36.558414 -770.000000
v -32.339935 72.333252 -770.000000
v -35.671448 56.151249 -770.000000
v -52.276825 65.860046 -698.000000
v -52.276825 65.860046 -698.000000
v -35.671448 56.151249 -770.000000
v -63.909515 40.869328 -698.000000
v 35.671448 -50.689728 676.184814
v 0.000000 -50.689728 692.941284
v 33.386169 -60.486145 676.184814
v 0.000000 -50.689728 692.941284
v 28.858826 -70.282570 676.184814
v 33.386169 -60.486145 676.184814
v -35.671448 -50.689728 676.184814
v -33.386169 -60.486145 676.184814
v 0.000000 -50.689728 692.941284
v -33.386169 -60.486145 676.184814
v -28.858795 -70.282562 676.184814
v 0.000000 -50.689728 692.941284
v -28.858826 75.744110 -770.000000
v -22.164368 86.794037 -770.000000
v 0.000000 56.151249 -790.000000
v -22.164368 86.794037 -770.000000
v -11.023071 87.853149 -770.000000
v 0.000000 56.151249 -790.000000
v -11.023071 87.853149 -770.000000
v 0.000000 92.317535 -770.000000
v 0.000000 56.151249 -790.000000
v 0.000000 92.317535 -770.000000
v 11.023071 87.853119 -770.000000
v 0.000000 56.151249 -790.000000
v 28.858826 75.744110 -770.000000
v 0.000000 56.151249 -790.000000
v 22.164368 86.794037 -770.000000
v 0.000000 56.151249 -790.000000
v 11.023071 87.853119 -770.000000
v 22.164368 86.794037 -770.000000
v 28.858826 75.744110 -770.000000
v 32.339966 72.333252 -770.000000
v 0.000000 56.151249 -790.000000
v 32.339966 72.333252 -770.000000
v 35.671448 56.151249 -770.000000
v 0.000000 56.151249 -790.000000
v 35.671448 56.151249 -770.000000
v 35.770508 46.354832 -770.000000
v 0.000000 56.151249 -790.000000
v 35.770508 46.354832 -770.000000
v 28.858826 36.558414 -770.000000
v 0.000000 56.151249 -790.000000
v -28.858795 36.558414 -770.000000
v -35.770508 46.354832 -770.000000
v 0.000000 56.151249 -790.000000
v -35.770508 46.354832 -770.000000
v -35.671448 56.151249 -770.000000
v 0.000000 56.151249 -790.000000
v -28.858826 75.744110 -770.000000
v 0.000000 56.151249 -790.000000
v -32.339935 72.333252 -770.000000
v 0.000000 56.151249 -790.000000
v -35.671448 56.151249 -770.000000
v -32.339935 72.333252 -770.000000
v -68.039703 67.095093 -590.000000
v -41.928436 85.071747 -590.000000
v -42.270569 77.278961 -698.000000
v -42.270569 77.278961 -698.000000
v -41.928436 85.071747 -590.000000
v -25.799927 86.105133 -698.000000
v 0.000061 359.473999 -982.843384
v -5.512512 351.699585 -974.030518
v 0.000061 361.732178 -903.660034
v 0.000061 361.732178 -903.660034
v -5.512512 351.699585 -974.030518
v -7.875000 354.174805 -894.847168
v 6.021271 89.519806 -737.440674
v 8.601807 92.019806 -590.000000
v 25.799927 86.105103 -698.000000
v 25.799927 86.105103 -698.000000
v 8.601807 92.019806 -590.000000
v 41.928467 85.071747 -590.000000
v 80.344849 50.479893 -590.000000
v 52.276855 65.860016 -698.000000
v 68.039703 67.095062 -590.000000
v 68.039703 67.095062 -590.000000
v 52.276855 65.860016 -698.000000
v 42.270599 77.278961 -698.000000
v 94.662292 -7.449890 -590.000000
v 65.165894 24.598637 -698.000000
v 92.837189 14.818481 -590.000000
v 92.837189 14.818481 -590.000000
v 65.165894 24.598637 -698.000000
v 63.909485 40.869328 -698.000000
v 22.046173 -69.529633 -590.000000
v 15.432312 -11.481628 -698.000000
v 77.934235 -29.718262 -590.000000
v 77.934235 -29.718262 -590.000000
v 15.432312 -11.481628 -698.000000
v 53.650238 8.327911 -698.000000
v -53.650238 8.327927 -698.000000
v -15.432312 -11.481628 -698.000000
v -77.934235 -29.718246 -590.000000
v -77.934235 -29.718246 -590.000000
v -15.432312 -11.481628 -698.000000
v -22.046173 -69.529633 -590.000000
v -65.165863 24.598637 -698.000000
v -53.650238 8.327927 -698.000000
v -94.662262 -7.449890 -590.000000
v -94.662262 -7.449890 -590.000000
v -53.650238 8.327927 -698.000000
v -77.934235 -29.718246 -590.000000
v 0.000061 364.524780 -837.780273
v -11.812531 357.235962 -828.967407
v 0.000000 98.934021 -500.000000
v 0.000000 98.934021 -500.000000
v -11.812531 357.235962 -828.967407
v -12.902679 95.105682 -500.000000
v 12.902710 95.105652 -500.000000
v 8.601807 92.019806 -590.000000
v 11.812622 357.235962 -828.967407
v 11.812622 357.235962 -828.967407
v 8.601807 92.019806 -590.000000
v 7.875122 354.174805 -894.847168
v -12.902679 95.105682 -500.000000
v -11.812531 357.235962 -828.967407
v -8.601807 92.019806 -590.000000
v -8.601807 92.019806 -590.000000
v -11.812531 357.235962 -828.967407
v -7.875000 354.174805 -894.847168
v 8.601807 92.019806 -590.000000
v 6.021271 89.519806 -737.440674
v 7.875122 354.174805 -894.847168
v 7.875122 354.174805 -894.847168
v 6.021271 89.519806 -737.440674
v 5.512573 351.699585 -974.030518
v 0.000061 359.473999 -982.843384
v 0.000000 93.838043 -749.407959
v -5.512512 351.699585 -974.030518
v -5.512512 351.699585 -974.030518
v 0.000000 93.838043 -749.407959
v -6.021240 89.519806 -737.440674
v -8.601807 92.019806 -590.000000
v -7.875000 354.174805 -894.847168
v -6.021240 89.519806 -737.440674
v -6.021240 89.519806 -737.440674
v -7.875000 354.174805 -894.847168
v -5.512512 351.699585 -974.030518
v -87.649994 59.414036 -166.601074
v -96.855499 38.981113 -166.188477
v -86.576447 58.778538 166.666626
v -86.576447 58.778538 166.666626
v -96.855499 38.981113 -166.188477
v -96.855499 38.981113 166.666626
v -96.855499 38.981113 -166.188477
v -87.649994 59.414036 -166.601074
v -96.855499 38.981113 -499.651184
v -96.855499 38.981113 -499.651184
v -87.649994 59.414036 -166.601074
v -86.576447 58.778538 -500.000000
v -96.855499 38.981113 -499.651184
v -86.576447 58.778538 -500.000000
v -80.344849 50.479923 -590.000000
v -80.344849 50.479923 -590.000000
v -86.576447 58.778538 -500.000000
v -68.039703 67.095093 -590.000000
v -80.344849 50.479923 -590.000000
v -68.039703 67.095093 -590.000000
v -52.276825 65.860046 -698.000000
v -52.276825 65.860046 -698.000000
v -68.039703 67.095093 -590.000000
v -42.270569 77.278961 -698.000000
v -52.276825 65.860046 -698.000000
v -42.270569 77.278961 -698.000000
v -32.339935 72.333252 -770.000000
v -32.339935 72.333252 -770.000000
v -42.270569 77.278961 -698.000000
v -28.858826 75.744110 -770.000000
v -67.566681 82.998932 -165.719299
v -66.493134 82.363434 166.666626
v -33.069244 95.105682 -165.569153
v -33.069244 95.105682 -165.569153
v -66.493134 82.363434 166.666626
v -33.069244 95.105682 166.666626
v -12.902679 95.105682 -500.000000
v -55.285553 82.363434 -500.000000
v -33.069244 95.105682 -165.569153
v -33.069244 95.105682 -165.569153
v -55.285553 82.363434 -500.000000
v -67.566681 82.998932 -165.719299
v -55.285553 82.363434 -500.000000
v -12.902679 95.105682 -500.000000
v -41.928436 85.071747 -590.000000
v -41.928436 85.071747 -590.000000
v -12.902679 95.105682 -500.000000
v -8.601807 92.019806 -590.000000
v -6.021240 89.519806 -737.440674
v -25.799927 86.105133 -698.000000
v -8.601807 92.019806 -590.000000
v -8.601807 92.019806 -590.000000
v -25.799927 86.105133 -698.000000
v -41.928436 85.071747 -590.000000
v -11.023071 87.853149 -770.000000
v -22.164368 86.794037 -770.000000
v -6.021240 89.519806 -737.440674
v -6.021240 89.519806 -737.440674
v -22.164368 86.794037 -770.000000
v -25.799927 86.105133 -698.000000
v 33.069275 95.105652 -165.502197
v 12.902710 95.105652 -500.000000
v 0.000000 98.934021 -165.247192
v 0.000000 98.934021 -165.247192
v 12.902710 95.105652 -500.000000
v 0.000000 98.934021 -500.000000
v 12.902710 95.105652 -500.000000
v 11.812622 357.235962 -828.967407
v 0.000000 98.934021 -500.000000
v 0.000000 98.934021 -500.000000
v 11.812622 357.235962 -828.967407
v 0.000061 364.524780 -837.780273
v 11.812622 357.235962 -828.967407
v 7.875122 354.174805 -894.847168
v 0.000061 364.524780 -837.780273
v 0.000061 364.524780 -837.780273
v 7.875122 354.174805 -894.847168
v 0.000061 361.732178 -903.660034
v 0.000061 359.473999 -982.843384
v 0.000061 361.732178 -903.660034
v 5.512573 351.699585 -974.030518
v 5.512573 351.699585 -974.030518
v 0.000061 361.732178 -903.660034
v 7.875122 354.174805 -894.847168
v 0.000061 359.473999 -982.843384
v 5.512573 351.699585 -974.030518
v 0.000000 93.838043 -749.407959
v 0.000000 93.838043 -749.407959
v 5.512573 351.699585 -974.030518
v 6.021271 89.519806 -737.440674
v 6.021271 89.519806 -737.440674
v 11.023071 87.853119 -770.000000
v 0.000000 93.838043 -749.407959
v 0.000000 93.838043 -749.407959
v 11.023071 87.853119 -770.000000
v 0.000000 92.317535 -770.000000
v 55.285583 82.363434 -500.000000
v 66.493134 82.363434 -165.423828
v 86.576447 58.778538 -500.000000
v 86.576447 58.778538 -500.000000
v 66.493134 82.363434 -165.423828
v 86.576447 58.778538 -165.710327
v 86.576447 58.778538 -500.000000
v 68.039703 67.095062 -590.000000
v 55.285583 82.363434 -500.000000
v 55.285583 82.363434 -500.000000
v 68.039703 67.095062 -590.000000
v 41.928467 85.071747 -590.000000
v 68.039703 67.095062 -590.000000
v 42.270599 77.278961 -698.000000
v 41.928467 85.071747 -590.000000
v 41.928467 85.071747 -590.000000
v 42.270599 77.278961 -698.000000
v 25.799927 86.105103 -698.000000
v 42.270599 77.278961 -698.000000
v 28.858826 75.744110 -770.000000
v 25.799927 86.105103 -698.000000
v 25.799927 86.105103 -698.000000
v 28.858826 75.744110 -770.000000
v 22.164368 86.794037 -770.000000
v 80.344849 50.479893 -590.000000
v 96.855499 38.981113 -499.651184
v 92.837189 14.818481 -590.000000
v 92.837189 14.818481 -590.000000
v 96.855499 38.981113 -499.651184
v 107.014404 0.000000 -500.000000
v 63.909485 40.869328 -698.000000
v 35.671448 56.151249 -770.000000
v 52.276855 65.860016 -698.000000
v 52.276855 65.860016 -698.000000
v 35.671448 56.151249 -770.000000
v 32.339966 72.333252 -770.000000
v -106.696838 -38.281525 482.278778
v -107.311584 -51.617676 166.666626
v -85.467377 -96.158325 482.278778
v -85.467377 -96.158325 482.278778
v -107.311584 -51.617676 166.666626
v -86.576447 -103.235336 166.666626
v -73.907013 -26.602386 593.556641
v -70.824493 17.456207 578.498291
v -107.014404 0.000000 482.278778
v -107.014404 0.000000 482.278778
v -70.824493 17.456207 578.498291
v -96.855499 38.981113 482.278778
v -70.824493 17.456207 578.498291
v -73.907013 -26.602386 593.556641
v -32.265137 -40.893311 676.184814
v -32.265137 -40.893311 676.184814
v -73.907013 -26.602386 593.556641
v -35.671448 -50.689728 676.184814
v -57.717651 39.185703 561.895996
v -43.771942 52.250278 561.123901
v -86.576447 58.778538 482.278778
v -86.576447 58.778538 482.278778
v -43.771942 52.250278 561.123901
v -66.493134 82.363434 482.278778
v -43.771942 52.250278 561.123901
v -57.717651 39.185703 561.895996
v -19.940948 -25.042358 676.184814
v -19.940948 -25.042358 676.184814
v -57.717651 39.185703 561.895996
v -28.858826 -31.096878 676.184814
v -33.069244 95.105682 482.278778
v -22.046173 63.403782 561.895996
v 0.000000 98.934021 482.278778
v 0.000000 98.934021 482.278778
v -22.046173 63.403782 561.895996
v 0.000000 65.540436 561.123901
v 0.000000 65.540436 561.123901
v -22.046173 63.403782 561.895996
v 0.000000 -18.987839 676.184814
v 0.000000 -18.987839 676.184814
v -22.046173 63.403782 561.895996
v -11.023071 -18.987839 676.184814
v 66.493134 82.363434 482.278778
v 33.069275 95.105652 482.278778
v 60.015442 78.988251 494.873871
v 33.069275 95.105652 482.278778
v 22.046173 63.403782 561.895996
v 60.015442 78.988251 494.873871
v 22.046173 63.403782 561.895996
v 43.771973 52.250278 561.123901
v 60.015442 78.988251 494.873871
v 22.046173 63.403782 561.895996
v 11.023071 -18.987839 676.184814
v 43.771973 52.250278 561.123901
v 43.771973 52.250278 561.123901
v 11.023071 -18.987839 676.184814
v 19.940948 -25.042358 676.184814
v 86.576447 58.778538 482.278778
v 57.717651 39.185703 561.895996
v 96.855499 38.981113 482.278778
v 96.855499 38.981113 482.278778
v 57.717651 39.185703 561.895996
v 70.824524 17.456192 578.498291
v 57.717651 39.185703 561.895996
v 28.858826 -31.096893 676.184814
v 70.824524 17.456192 578.498291
v 70.824524 17.456192 578.498291
v 28.858826 -31.096893 676.184814
v 32.265137 -40.893311 676.184814
v -33.386169 -60.486145 676.184814
v -35.671448 -50.689728 676.184814
v -71.541046 -50.623871 593.556641
v -71.541046 -50.623871 593.556641
v -35.671448 -50.689728 676.184814
v -73.907013 -26.602386 593.556641
v -107.014404 0.000000 482.278778
v -106.696838 -38.281525 482.278778
v -73.907013 -26.602386 593.556641
v -73.907013 -26.602386 593.556641
v -106.696838 -38.281525 482.278778
v -71.541046 -50.623871 593.556641
v -107.014404 0.000000 -500.000000
v -107.311584 -29.389252 -500.000000
v -107.014404 0.000000 -166.666687
v -107.014404 0.000000 -166.666687
v -107.311584 -29.389252 -500.000000
v -107.311584 -51.617661 -166.666687
v -107.311584 -29.389252 -500.000000
v -107.014404 0.000000 -500.000000
v -94.662262 -7.449890 -590.000000
v -94.662262 -7.449890 -590.000000
v -107.014404 0.000000 -500.000000
v -92.837189 14.818481 -590.000000
v -94.662262 -7.449890 -590.000000
v -92.837189 14.818481 -590.000000
v -65.165863 24.598637 -698.000000
v -65.165863 24.598637 -698.000000
v -92.837189 14.818481 -590.000000
v -63.909515 40.869328 -698.000000
v -35.671448 56.151249 -770.000000
v -35.770508 46.354832 -770.000000
v -63.909515 40.869328 -698.000000
v -63.909515 40.869328 -698.000000
v -35.770508 46.354832 -770.000000
v -65.165863 24.598637 -698.000000
v 28.858826 -70.282570 676.184814
v 57.717651 -83.854782 593.556641
v 33.386169 -60.486145 676.184814
v 33.386169 -60.486145 676.184814
v 57.717651 -83.854782 593.556641
v 71.541046 -50.623871 593.556641
v 106.696808 -38.281540 482.278778
v 71.541046 -50.623871 593.556641
v 85.467377 -96.158340 482.278778
v 85.467377 -96.158340 482.278778
v 71.541046 -50.623871 593.556641
v 57.717651 -83.854782 593.556641
v 106.696808 -38.281540 482.278778
v 85.467377 -96.158340 482.278778
v 107.311584 -51.617676 166.666626
v 107.311584 -51.617676 166.666626
v 85.467377 -96.158340 482.278778
v 86.576447 -103.235352 166.666626
v 86.576447 -103.235352 -166.666687
v 86.576447 -58.778534 -500.000000
v 107.311584 -51.617676 -166.666687
v 107.311584 -51.617676 -166.666687
v 86.576447 -58.778534 -500.000000
v 107.311584 -29.389282 -500.000000
v 86.576447 -58.778534 -500.000000
v 77.934235 -29.718262 -590.000000
v 107.311584 -29.389282 -500.000000
v 107.311584 -29.389282 -500.000000
v 77.934235 -29.718262 -590.000000
v 94.662292 -7.449890 -590.000000
v 77.934235 -29.718262 -590.000000
v 53.650238 8.327911 -698.000000
v 94.662292 -7.449890 -590.000000
v 94.662292 -7.449890 -590.000000
v 53.650238 8.327911 -698.000000
v 65.165894 24.598637 -698.000000
v -107.014404 0.000000 166.666626
v -107.014404 0.000000 482.278778
v -96.855499 38.981113 166.666626
v -96.855499 38.981113 166.666626
v -107.014404 0.000000 482.278778
v -96.855499 38.981113 482.278778
v -55.285553 82.363434 -500.000000
v -86.576447 58.778538 -500.000000
v -67.566681 82.998932 -165.719299
v -67.566681 82.998932 -165.719299
v -86.576447 58.778538 -500.000000
v -87.649994 59.414036 -166.601074
v 769.058167 -30.000000 -271.076660
v 199.253052 -30.000000 100.941528
v 766.077454 -40.223328 -269.233826
v 250.849548 -40.223328 57.603973
v 766.077454 -40.223328 -269.233826
v 247.832642 -38.175110 61.642853
v 766.077454 -40.223328 -269.233826
v 199.253052 -30.000000 100.941528
v 247.832642 -38.175110 61.642853
v 247.832642 -38.175110 61.642853
v 199.253052 -30.000000 100.941528
v 218.746765 -38.175125 80.093689
v 218.746765 -38.175125 80.093689
v 199.253052 -30.000000 100.941528
v 215.729858 -40.223328 79.882324
v 199.253052 -30.000000 100.941528
v 201.041504 -40.223328 89.199982
v 215.729858 -40.223328 79.882324
v 199.253052 -30.000000 100.941528
v 769.058167 -30.000000 -271.076660
v 201.041504 -19.776688 89.199982
v 201.041504 -19.776688 89.199982
v 769.058167 -30.000000 -271.076660
v 766.077454 -19.776672 -269.233826
v 201.041504 -19.776688 -113.199997
v 766.077454 -19.776672 -361.233826
v 199.253052 -30.000000 -128.100677
v 199.253052 -30.000000 -128.100677
v 766.077454 -19.776672 -361.233826
v 769.058167 -30.000000 -375.186768
v 769.058167 -30.000000 -271.076660
v 766.077454 -40.223328 -269.233826
v 784.922668 -50.001694 -271.076660
v 784.922668 -50.001694 -271.076660
v 766.077454 -40.223328 -269.233826
v 781.941956 -53.742767 -269.233826
v 769.058167 -30.000000 -375.186768
v 784.922668 -50.001694 -375.186768
v 766.077454 -40.223328 -361.233826
v 766.077454 -40.223328 -361.233826
v 784.922668 -50.001694 -375.186768
v 781.941956 -53.742767 -361.233826
v -208.332886 -55.263367 -158.028534
v -207.767578 -52.762379 -159.323639
v -208.493469 -37.618355 -125.904953
v -207.243958 -32.420586 -129.338577
v -207.509460 -33.265282 -128.159149
v -207.767578 -52.762379 -159.323639
v -207.509460 -33.265282 -128.159149
v -208.493469 -37.618355 -125.904953
v -207.767578 -52.762379 -159.323639
v -207.243958 -32.420586 -129.338577
v -207.767578 -52.762379 -159.323639
v -345.405457 -32.695366 -189.565796
v -207.767578 -52.762379 -159.323639
v -487.122559 -50.670692 -277.227020
v -345.405457 -32.695366 -189.565796
v -487.122559 -50.670692 -277.227020
v -487.122498 -32.728069 -250.978455
v -345.405457 -32.695366 -189.565796
v -487.122559 -50.670692 -277.227020
v -207.767578 -52.762379 -159.323639
v -487.122498 -53.175915 -275.693268
v -487.122498 -53.175915 -275.693268
v -207.767578 -52.762379 -159.323639
v -208.332886 -55.263367 -158.028534
v -487.122498 -53.175915 -275.693268
v -208.332886 -55.263367 -158.028534
v -487.122498 -36.699474 -245.631805
v -487.122498 -36.699474 -245.631805
v -208.332886 -55.263367 -158.028534
v -349.073242 -36.565758 -185.237442
v -349.073242 -36.565758 -185.237442
v -208.332886 -55.263367 -158.028534
v -208.493469 -37.618355 -125.904953
v -207.509460 -33.265282 -128.159149
v -349.073242 -36.565758 -185.237442
v -208.493469 -37.618355 -125.904953
v -492.877380 -32.729378 -253.472290
v -492.877441 -50.627602 -279.655884
v -596.014465 -32.753185 -298.166412
v -596.014465 -32.753185 -298.166412
v -492.877441 -50.627602 -279.655884
v -596.454590 -49.852062 -323.371216
v -597.161804 -36.764488 -293.696411
v -596.014465 -32.753185 -298.166412
v -597.019958 -52.353050 -322.076111
v -597.019958 -52.353050 -322.076111
v -596.014465 -32.753185 -298.166412
v -596.454590 -49.852062 -323.371216
v -492.877380 -53.132824 -278.122162
v -597.019958 -52.353050 -322.076111
v -492.877441 -50.627602 -279.655884
v -492.877441 -50.627602 -279.655884
v -597.019958 -52.353050 -322.076111
v -596.454590 -49.852062 -323.371216
v -492.877380 -36.705032 -248.149460
v -571.964966 -36.781624 -282.748993
v -492.877380 -53.132824 -278.122162
v -597.019958 -52.353050 -322.076111
v -492.877380 -53.132824 -278.122162
v -597.161804 -36.764488 -293.696411
v -571.964966 -36.781624 -282.748993
v -597.161804 -36.764488 -293.696411
v -492.877380 -53.132824 -278.122162
v 186.557739 -37.852730 -116.834473
v 186.557739 -62.110485 -162.349625
v 186.557739 -33.918072 -122.560524
v 186.557739 -33.918072 -122.560524
v 186.557739 -62.110485 -162.349625
v 186.557739 -59.622738 -163.785919
v 103.096558 -62.110485 -162.349625
v 186.557739 -62.110485 -162.349625
v 107.311584 -51.617676 -142.661835
v 186.557739 -62.110485 -162.349625
v 186.557739 -37.852730 -116.834473
v 107.311584 -51.617676 -142.661835
v 107.311584 -51.617676 -142.661835
v 186.557739 -37.852730 -116.834473
v 107.234070 -38.156120 -117.403725
v 104.095886 -59.622738 -163.785919
v 107.311584 -51.617676 -150.947327
v 186.557739 -59.622738 -163.785919
v 186.557739 -59.622738 -163.785919
v 107.311584 -51.617676 -150.947327
v 186.557739 -33.918072 -122.560524
v 186.557739 -33.918072 -122.560524
v 107.311584 -51.617676 -150.947327
v 143.345520 -34.098068 -122.849205
v 143.345520 -34.098068 -122.849205
v 107.311584 -51.617676 -150.947327
v 107.211670 -34.265804 -123.118225
v 186.557739 -59.622738 -163.785919
v 186.557739 -62.110485 -162.349625
v 104.095886 -59.622738 -163.785919
v 104.095886 -59.622738 -163.785919
v 186.557739 -62.110485 -162.349625
v 103.096558 -62.110485 -162.349625
v 107.311584 -51.617676 -45.168411
v 107.311584 -51.617676 -142.661835
v 107.246002 -40.223328 -50.405212
v 107.234070 -38.156120 -117.403725
v 107.246002 -40.223328 -114.395203
v 107.311584 -51.617676 -142.661835
v 107.311584 -51.617676 -142.661835
v 107.246002 -40.223328 -114.395203
v 107.246002 -40.223328 -50.405212
v -126.250427 -173.749619 -85.847198
v -141.128357 -173.749619 -85.847198
v -126.250427 -186.250381 -85.847198
v -126.250427 -186.250381 -85.847198
v -141.128357 -173.749619 -85.847198
v -141.128357 -186.250381 -85.847198
v -113.749573 -173.749619 -85.847198
v -98.871582 -173.749619 -85.847198
v -113.749573 -173.749619 -93.552521
v -98.871582 -173.749619 -85.847198
v -98.871582 -173.749619 -98.347954
v -113.749573 -173.749619 -93.552521
v -98.871582 -173.749619 -98.347954
v -141.128357 -173.749619 -98.347954
v -113.749573 -173.749619 -93.552521
v -113.749573 -173.749619 -93.552521
v -141.128357 -173.749619 -98.347954
v -126.250427 -173.749619 -93.552521
v -141.128357 -173.749619 -98.347954
v -141.128357 -173.749619 -85.847198
v -126.250427 -173.749619 -93.552521
v -141.128357 -173.749619 -85.847198
v -126.250427 -173.749619 -85.847198
v -126.250427 -173.749619 -93.552521
v -126.250427 -186.250381 -85.847198
v -141.128357 -186.250381 -85.847198
v -126.250427 -186.250381 -96.902084
v -141.128357 -186.250381 -85.847198
v -141.128357 -186.250381 -98.347954
v -126.250427 -186.250381 -96.902084
v -141.128357 -186.250381 -98.347954
v -98.871582 -186.250381 -98.347954
v -126.250427 -186.250381 -96.902084
v -126.250427 -186.250381 -96.902084
v -98.871582 -186.250381 -98.347954
v -113.749573 -186.250381 -96.902084
v -98.871582 -186.250381 -98.347954
v -98.871582 -186.250381 -85.847198
v -113.749573 -186.250381 -96.902084
v -98.871582 -186.250381 -85.847198
v -113.749573 -186.250381 -85.847198
v -113.749573 -186.250381 -96.902084
v -98.871582 -173.749619 -85.847198
v -98.871582 -186.250381 -85.847198
v -98.871582 -173.749619 -98.347954
v -98.871582 -173.749619 -98.347954
v -98.871582 -186.250381 -85.847198
v -98.871582 -186.250381 -98.347954
v -113.749573 -186.250381 -85.847198
v -98.871582 -186.250381 -85.847198
v -113.749573 -173.749619 -85.847198
v -113.749573 -173.749619 -85.847198
v -98.871582 -186.250381 -85.847198
v -98.871582 -173.749619 -85.847198
v -141.128357 -173.749619 -98.347954
v -141.128357 -186.250381 -98.347954
v -141.128357 -173.749619 -85.847198
v -141.128357 -173.749619 -85.847198
v -141.128357 -186.250381 -98.347954
v -141.128357 -186.250381 -85.847198
v -98.871582 -173.749619 -98.347954
v -98.871582 -186.250381 -98.347954
v -141.128357 -173.749619 -98.347954
v -141.128357 -173.749619 -98.347954
v -98.871582 -186.250381 -98.347954
v -141.128357 -186.250381 -98.347954
v -126.250427 -186.250381 -96.902084
v -113.749573 -186.250381 -96.902084
v -126.250427 -195.067474 -99.264618
v -126.250427 -195.067474 -99.264618
v -113.749573 -186.250381 -96.902084
v -113.749573 -195.067474 -99.264618
v 271.363647 -54.150803 152.321045
v 247.832642 -38.175110 152.321045
v 263.092285 -59.766411 162.423065
v 263.092285 -59.766411 162.423065
v 247.832642 -38.175110 152.321045
v 244.673279 -47.261383 162.423065
v 244.673279 -47.261383 162.423065
v 247.832642 -38.175110 152.321045
v 221.906128 -47.261383 162.423065
v 221.906128 -47.261383 162.423065
v 247.832642 -38.175110 152.321045
v 218.746765 -38.175125 152.321045
v 221.906128 -47.261383 162.423065
v 218.746765 -38.175125 152.321045
v 203.487122 -59.766426 162.423065
v 203.487122 -59.766426 162.423065
v 218.746765 -38.175125 152.321045
v 195.215759 -54.150803 152.321045
v 203.487122 -59.766426 162.423065
v 195.215759 -54.150803 152.321045
v 196.451721 -80.000000 162.423065
v 196.451721 -80.000000 162.423065
v 195.215759 -54.150803 152.321045
v 186.227722 -80.000000 152.321045
v 186.227722 -80.000000 152.321045
v 195.215759 -105.849197 152.321045
v 196.451721 -80.000000 162.423065
v 196.451721 -80.000000 162.423065
v 195.215759 -105.849197 152.321045
v 203.487122 -100.233582 162.423065
v 195.215759 -105.849197 152.321045
v 218.746765 -121.824875 152.321045
v 203.487122 -100.233582 162.423065
v 203.487122 -100.233582 162.423065
v 218.746765 -121.824875 152.321045
v 221.906128 -112.738617 162.423065
v 221.906128 -112.738617 162.423065
v 218.746765 -121.824875 152.321045
v 244.673279 -112.738617 162.423065
v 244.673279 -112.738617 162.423065
v 218.746765 -121.824875 152.321045
v 247.832642 -121.824875 152.321045
v 244.673279 -112.738617 162.423065
v 247.832642 -121.824875 152.321045
v 263.092285 -100.233582 162.423065
v 263.092285 -100.233582 162.423065
v 247.832642 -121.824875 152.321045
v 271.363647 -105.849197 152.321045
v 263.092285 -100.233582 162.423065
v 271.363647 -105.849197 152.321045
v 270.127747 -80.000000 162.423065
v 270.127747 -80.000000 162.423065
v 271.363647 -105.849197 152.321045
v 280.351746 -80.000000 152.321045
v 280.351746 -80.000000 152.321045
v 271.363647 -54.150803 152.321045
v 270.127747 -80.000000 162.423065
v 270.127747 -80.000000 162.423065
v 271.363647 -54.150803 152.321045
v 263.092285 -59.766411 162.423065
v 247.832642 -38.175110 152.321045
v 271.363647 -54.150803 152.321045
v 247.832642 -38.175110 61.642853
v 271.363647 -54.150803 25.051285
v 250.849548 -40.223328 25.051285
v 271.363647 -54.150803 152.321045
v 250.849548 -40.223328 25.051285
v 250.849548 -40.223328 57.603973
v 271.363647 -54.150803 152.321045
v 250.849548 -40.223328 57.603973
v 247.832642 -38.175110 61.642853
v 271.363647 -54.150803 152.321045
v 218.746765 -38.175125 152.321045
v 247.832642 -38.175110 152.321045
v 218.746765 -38.175125 80.093689
v 218.746765 -38.175125 80.093689
v 247.832642 -38.175110 152.321045
v 247.832642 -38.175110 61.642853
v 215.729858 -40.223328 25.051285
v 195.215759 -54.150803 25.051285
v 215.729858 -40.223328 79.882324
v 195.215759 -54.150803 25.051285
v 195.215759 -54.150803 152.321045
v 215.729858 -40.223328 79.882324
v 218.746765 -38.175125 152.321045
v 218.746765 -38.175125 80.093689
v 195.215759 -54.150803 152.321045
v 195.215759 -54.150803 152.321045
v 218.746765 -38.175125 80.093689
v 215.729858 -40.223328 79.882324
v 195.215759 -54.150803 152.321045
v 195.215759 -54.150803 25.051285
v 186.227722 -80.000000 152.321045
v 186.227722 -80.000000 152.321045
v 195.215759 -54.150803 25.051285
v 186.227722 -80.000000 25.051285
v 186.227722 -80.000000 152.321045
v 186.227722 -80.000000 25.051285
v 195.215759 -105.849197 152.321045
v 195.215759 -105.849197 152.321045
v 186.227722 -80.000000 25.051285
v 195.215759 -105.849197 25.051285
v 195.215759 -105.849197 152.321045
v 195.215759 -105.849197 25.051285
v 218.746765 -121.824875 152.321045
v 218.746765 -121.824875 152.321045
v 195.215759 -105.849197 25.051285
v 218.746765 -121.824875 25.051285
v 218.746765 -121.824875 152.321045
v 218.746765 -121.824875 25.051285
v 247.832642 -121.824875 152.321045
v 247.832642 -121.824875 152.321045
v 218.746765 -121.824875 25.051285
v 247.832642 -121.824875 25.051285
v 247.832642 -121.824875 152.321045
v 247.832642 -121.824875 25.051285
v 271.363647 -105.849197 152.321045
v 271.363647 -105.849197 152.321045
v 247.832642 -121.824875 25.051285
v 271.363647 -105.849197 25.051285
v 271.363647 -105.849197 152.321045
v 271.363647 -105.849197 25.051285
v 280.351746 -80.000000 152.321045
v 280.351746 -80.000000 152.321045
v 271.363647 -105.849197 25.051285
v 280.351746 -80.000000 25.051285
v 280.351746 -80.000000 152.321045
v 280.351746 -80.000000 25.051285
v 271.363647 -54.150803 152.321045
v 271.363647 -54.150803 152.321045
v 280.351746 -80.000000 25.051285
v 271.363647 -54.150803 25.051285
v 271.363647 -54.150803 25.051285
v 252.326721 -67.075401 -18.907684
v 250.849548 -40.223328 25.051285
v 250.849548 -40.223328 25.051285
v 252.326721 -67.075401 -18.907684
v 247.120483 -40.223328 20.745850
v 252.326721 -67.075401 -18.907684
v 240.561157 -59.087555 -18.907684
v 247.120483 -40.223328 20.745850
v 247.120483 -40.223328 20.745850
v 240.561157 -59.087555 -18.907684
v 219.458923 -40.223328 20.745850
v 219.458923 -40.223328 20.745850
v 240.561157 -59.087555 -18.907684
v 226.018250 -59.087563 -18.907684
v 195.215759 -54.150803 25.051285
v 215.729858 -40.223328 25.051285
v 214.252747 -67.075401 -18.907684
v 215.729858 -40.223328 25.051285
v 219.458923 -40.223328 20.745850
v 214.252747 -67.075401 -18.907684
v 219.458923 -40.223328 20.745850
v 226.018250 -59.087563 -18.907684
v 214.252747 -67.075401 -18.907684
v 214.252747 -67.075401 -18.907684
v 209.758728 -80.000000 -18.907684
v 195.215759 -54.150803 25.051285
v 195.215759 -54.150803 25.051285
v 209.758728 -80.000000 -18.907684
v 186.227722 -80.000000 25.051285
v 186.227722 -80.000000 25.051285
v 209.758728 -80.000000 -18.907684
v 195.215759 -105.849197 25.051285
v 195.215759 -105.849197 25.051285
v 209.758728 -80.000000 -18.907684
v 214.252747 -92.924599 -18.907684
v 195.215759 -105.849197 25.051285
v 214.252747 -92.924599 -18.907684
v 218.746765 -121.824875 25.051285
v 218.746765 -121.824875 25.051285
v 214.252747 -92.924599 -18.907684
v 226.018250 -100.912437 -18.907684
v 218.746765 -121.824875 25.051285
v 226.018250 -100.912437 -18.907684
v 247.832642 -121.824875 25.051285
v 247.832642 -121.824875 25.051285
v 226.018250 -100.912437 -18.907684
v 240.561218 -100.912437 -18.907684
v 240.561218 -100.912437 -18.907684
v 252.326721 -92.924599 -18.907684
v 247.832642 -121.824875 25.051285
v 247.832642 -121.824875 25.051285
v 252.326721 -92.924599 -18.907684
v 271.363647 -105.849197 25.051285
v 252.326721 -92.924599 -18.907684
v 256.820740 -80.000000 -18.907684
v 271.363647 -105.849197 25.051285
v 271.363647 -105.849197 25.051285
v 256.820740 -80.000000 -18.907684
v 280.351746 -80.000000 25.051285
v 280.351746 -80.000000 25.051285
v 256.820740 -80.000000 -18.907684
v 271.363647 -54.150803 25.051285
v 271.363647 -54.150803 25.051285
v 256.820740 -80.000000 -18.907684
v 252.326721 -67.075401 -18.907684
v 242.902649 -73.473595 143.241730
v 263.092285 -59.766411 143.241730
v 242.902649 -70.387085 143.241730
v 236.632202 -70.387085 143.241730
v 242.902649 -70.387085 143.241730
v 244.673279 -47.261383 143.241730
v 242.902649 -70.387085 143.241730
v 263.092285 -59.766411 143.241730
v 244.673279 -47.261383 143.241730
v 229.947205 -70.387085 143.241730
v 236.632202 -70.387085 143.241730
v 221.906128 -47.261383 143.241730
v 221.906128 -47.261383 143.241730
v 236.632202 -70.387085 143.241730
v 244.673279 -47.261383 143.241730
v 223.676819 -73.473595 143.241730
v 223.676819 -70.387085 143.241730
v 203.487122 -59.766426 143.241730
v 229.947205 -70.387085 143.241730
v 221.906128 -47.261383 143.241730
v 223.676819 -70.387085 143.241730
v 223.676819 -70.387085 143.241730
v 221.906128 -47.261383 143.241730
v 203.487122 -59.766426 143.241730
v 223.676819 -80.000000 143.241730
v 223.676819 -73.473595 143.241730
v 196.451721 -80.000000 143.241730
v 196.451721 -80.000000 143.241730
v 223.676819 -73.473595 143.241730
v 203.487122 -59.766426 143.241730
v 223.676819 -80.000000 143.241730
v 196.451721 -80.000000 143.241730
v 223.676819 -86.526405 143.241730
v 223.676819 -86.526405 143.241730
v 196.451721 -80.000000 143.241730
v 203.487122 -100.233582 143.241730
v 223.676819 -86.526405 143.241730
v 203.487122 -100.233582 143.241730
v 223.676819 -89.612915 143.241730
v 229.947205 -89.612915 143.241730
v 223.676819 -89.612915 143.241730
v 221.906128 -112.738617 143.241730
v 223.676819 -89.612915 143.241730
v 203.487122 -100.233582 143.241730
v 221.906128 -112.738617 143.241730
v 236.632202 -89.612915 143.241730
v 229.947205 -89.612915 143.241730
v 244.673279 -112.738617 143.241730
v 244.673279 -112.738617 143.241730
v 229.947205 -89.612915 143.241730
v 221.906128 -112.738617 143.241730
v 242.902649 -86.526405 143.241730
v 242.902649 -89.612915 143.241730
v 263.092285 -100.233582 143.241730
v 236.632202 -89.612915 143.241730
v 244.673279 -112.738617 143.241730
v 242.902649 -89.612915 143.241730
v 242.902649 -89.612915 143.241730
v 244.673279 -112.738617 143.241730
v 263.092285 -100.233582 143.241730
v 242.902649 -80.000000 143.241730
v 242.902649 -86.526405 143.241730
v 270.127747 -80.000000 143.241730
v 270.127747 -80.000000 143.241730
v 242.902649 -86.526405 143.241730
v 263.092285 -100.233582 143.241730
v 242.902649 -80.000000 143.241730
v 270.127747 -80.000000 143.241730
v 242.902649 -73.473595 143.241730
v 242.902649 -73.473595 143.241730
v 270.127747 -80.000000 143.241730
v 263.092285 -59.766411 143.241730
v 252.326721 -67.075401 -0.134186
v 233.289734 -80.000000 -0.134186
v 240.561157 -59.087555 -0.134186
v 240.561157 -59.087555 -0.134186
v 233.289734 -80.000000 -0.134186
v 226.018250 -59.087563 -0.134186
v 226.018250 -59.087563 -0.134186
v 233.289734 -80.000000 -0.134186
v 214.252747 -67.075401 -0.134186
v 214.252747 -67.075401 -0.134186
v 233.289734 -80.000000 -0.134186
v 209.758728 -80.000000 -0.134186
v 209.758728 -80.000000 -0.134186
v 233.289734 -80.000000 -0.134186
v 214.252747 -92.924599 -0.134186
v 214.252747 -92.924599 -0.134186
v 233.289734 -80.000000 -0.134186
v 226.018250 -100.912437 -0.134186
v 226.018250 -100.912437 -0.134186
v 233.289734 -80.000000 -0.134186
v 240.561218 -100.912437 -0.134186
v 240.561218 -100.912437 -0.134186
v 233.289734 -80.000000 -0.134186
v 252.326721 -92.924599 -0.134186
v 252.326721 -92.924599 -0.134186
v 233.289734 -80.000000 -0.134186
v 256.820740 -80.000000 -0.134186
v 256.820740 -80.000000 -0.134186
v 233.289734 -80.000000 -0.134186
v 252.326721 -67.075401 -0.134186
v 244.673279 -47.261383 162.423065
v 244.673279 -47.261383 143.241730
v 263.092285 -59.766411 162.423065
v 263.092285 -59.766411 162.423065
v 244.673279 -47.261383 143.241730
v 263.092285 -59.766411 143.241730
v 221.906128 -47.261383 162.423065
v 221.906128 -47.261383 143.241730
v 244.673279 -47.261383 162.423065
v 244.673279 -47.261383 162.423065
v 221.906128 -47.261383 143.241730
v 244.673279 -47.261383 143.241730
v 203.487122 -59.766426 162.423065
v 203.487122 -59.766426 143.241730
v 221.906128 -47.261383 162.423065
v 221.906128 -47.261383 162.423065
v 203.487122 -59.766426 143.241730
v 221.906128 -47.261383 143.241730
v 196.451721 -80.000000 162.423065
v 196.451721 -80.000000 143.241730
v 203.487122 -59.766426 162.423065
v 203.487122 -59.766426 162.423065
v 196.451721 -80.000000 143.241730
v 203.487122 -59.766426 143.241730
v 203.487122 -100.233582 162.423065
v 203.487122 -100.233582 143.241730
v 196.451721 -80.000000 162.423065
v 196.451721 -80.000000 162.423065
v 203.487122 -100.233582 143.241730
v 196.451721 -80.000000 143.241730
v 221.906128 -112.738617 162.423065
v 221.906128 -112.738617 143.241730
v 203.487122 -100.233582 162.423065
v 203.487122 -100.233582 162.423065
v 221.906128 -112.738617 143.241730
v 203.487122 -100.233582 143.241730
v 244.673279 -112.738617 162.423065
v 244.673279 -112.738617 143.241730
v 221.906128 -112.738617 162.423065
v 221.906128 -112.738617 162.423065
v 244.673279 -112.738617 143.241730
v 221.906128 -112.738617 143.241730
v 263.092285 -100.233582 162.423065
v 263.092285 -100.233582 143.241730
v 244.673279 -112.738617 162.423065
v 244.673279 -112.738617 162.423065
v 263.092285 -100.233582 143.241730
v 244.673279 -112.738617 143.241730
v 270.127747 -80.000000 162.423065
v 270.127747 -80.000000 143.241730
v 263.092285 -100.233582 162.423065
v 263.092285 -100.233582 162.423065
v 270.127747 -80.000000 143.241730
v 263.092285 -100.233582 143.241730
v 263.092285 -59.766411 162.423065
v 263.092285 -59.766411 143.241730
v 270.127747 -80.000000 162.423065
v 270.127747 -80.000000 162.423065
v 263.092285 -59.766411 143.241730
v 270.127747 -80.000000 143.241730
v 252.326721 -67.075401 -18.907684
v 252.326721 -67.075401 -0.134186
v 240.561157 -59.087555 -18.907684
v 240.561157 -59.087555 -18.907684
v 252.326721 -67.075401 -0.134186
v 240.561157 -59.087555 -0.134186
v 240.561157 -59.087555 -18.907684
v 240.561157 -59.087555 -0.134186
v 226.018250 -59.087563 -18.907684
v 226.018250 -59.087563 -18.907684
v 240.561157 -59.087555 -0.134186
v 226.018250 -59.087563 -0.134186
v 226.018250 -59.087563 -18.907684
v 226.018250 -59.087563 -0.134186
v 214.252747 -67.075401 -18.907684
v 214.252747 -67.075401 -18.907684
v 226.018250 -59.087563 -0.134186
v 214.252747 -67.075401 -0.134186
v 214.252747 -67.075401 -18.907684
v 214.252747 -67.075401 -0.134186
v 209.758728 -80.000000 -18.907684
v 209.758728 -80.000000 -18.907684
v 214.252747 -67.075401 -0.134186
v 209.758728 -80.000000 -0.134186
v 209.758728 -80.000000 -18.907684
v 209.758728 -80.000000 -0.134186
v 214.252747 -92.924599 -18.907684
v 214.252747 -92.924599 -18.907684
v 209.758728 -80.000000 -0.134186
v 214.252747 -92.924599 -0.134186
v 214.252747 -92.924599 -18.907684
v 214.252747 -92.924599 -0.134186
v 226.018250 -100.912437 -18.907684
v 226.018250 -100.912437 -18.907684
v 214.252747 -92.924599 -0.134186
v 226.018250 -100.912437 -0.134186
v 226.018250 -100.912437 -18.907684
v 226.018250 -100.912437 -0.134186
v 240.561218 -100.912437 -18.907684
v 240.561218 -100.912437 -18.907684
v 226.018250 -100.912437 -0.134186
v 240.561218 -100.912437 -0.134186
v 240.561218 -100.912437 -18.907684
v 240.561218 -100.912437 -0.134186
v 252.326721 -92.924599 -18.907684
v 252.326721 -92.924599 -18.907684
v 240.561218 -100.912437 -0.134186
v 252.326721 -92.924599 -0.134186
v 252.326721 -92.924599 -18.907684
v 252.326721 -92.924599 -0.134186
v 256.820740 -80.000000 -18.907684
v 256.820740 -80.000000 -18.907684
v 252.326721 -92.924599 -0.134186
v 256.820740 -80.000000 -0.134186
v 256.820740 -80.000000 -18.907684
v 256.820740 -80.000000 -0.134186
v 252.326721 -67.075401 -18.907684
v 252.326721 -67.075401 -18.907684
v 256.820740 -80.000000 -0.134186
v 252.326721 -67.075401 -0.134186
v 223.676819 -70.387085 143.241730
v 227.521667 -74.231979 157.078857
v 229.947205 -70.387085 143.241730
v 242.902649 -70.387085 143.241730
v 236.632202 -70.387085 143.241730
v 239.057739 -74.231979 157.078857
v 227.521667 -74.231979 157.078857
v 239.057739 -74.231979 157.078857
v 229.947205 -70.387085 143.241730
v 236.632202 -70.387085 143.241730
v 229.947205 -70.387085 143.241730
v 239.057739 -74.231979 157.078857
v 227.521667 -74.231979 157.078857
v 227.521667 -85.768021 157.078857
v 239.057739 -74.231979 157.078857
v 239.057739 -74.231979 157.078857
v 227.521667 -85.768021 157.078857
v 239.057739 -85.768021 157.078857
v 242.902649 -89.612915 143.241730
v 239.057739 -85.768021 157.078857
v 236.632202 -89.612915 143.241730
v 223.676819 -89.612915 143.241730
v 229.947205 -89.612915 143.241730
v 227.521667 -85.768021 157.078857
v 239.057739 -85.768021 157.078857
v 227.521667 -85.768021 157.078857
v 236.632202 -89.612915 143.241730
v 229.947205 -89.612915 143.241730
v 236.632202 -89.612915 143.241730
v 227.521667 -85.768021 157.078857
v 242.902649 -70.387085 143.241730
v 239.057739 -74.231979 157.078857
v 242.902649 -73.473595 143.241730
v 242.902649 -89.612915 143.241730
v 242.902649 -86.526405 143.241730
v 239.057739 -85.768021 157.078857
v 242.902649 -86.526405 143.241730
v 242.902649 -80.000000 143.241730
v 239.057739 -85.768021 157.078857
v 239.057739 -85.768021 157.078857
v 242.902649 -80.000000 143.241730
v 239.057739 -74.231979 157.078857
v 242.902649 -80.000000 143.241730
v 242.902649 -73.473595 143.241730
v 239.057739 -74.231979 157.078857
v 223.676819 -89.612915 143.241730
v 227.521667 -85.768021 157.078857
v 223.676819 -86.526405 143.241730
v 223.676819 -70.387085 143.241730
v 223.676819 -73.473595 143.241730
v 227.521667 -74.231979 157.078857
v 223.676819 -86.526405 143.241730
v 227.521667 -85.768021 157.078857
v 223.676819 -80.000000 143.241730
v 227.521667 -85.768021 157.078857
v 227.521667 -74.231979 157.078857
v 223.676819 -80.000000 143.241730
v 227.521667 -74.231979 157.078857
v 223.676819 -73.473595 143.241730
v 223.676819 -80.000000 143.241730
v -220.387085 -70.387085 143.241730
v -224.231995 -74.231979 157.078857
v -220.387085 -73.473595 143.241730
v -220.387085 -89.612915 143.241730
v -220.387085 -86.526405 143.241730
v -224.231995 -85.768021 157.078857
v -220.387085 -73.473595 143.241730
v -224.231995 -74.231979 157.078857
v -220.387085 -80.000000 143.241730
v -224.231995 -74.231979 157.078857
v -224.231995 -85.768021 157.078857
v -220.387085 -80.000000 143.241730
v -220.387085 -80.000000 143.241730
v -224.231995 -85.768021 157.078857
v -220.387085 -86.526405 143.241730
v -239.612915 -89.612915 143.241730
v -235.768005 -85.768021 157.078857
v -239.612915 -86.526405 143.241730
v -239.612915 -70.387085 143.241730
v -239.612915 -73.473595 143.241730
v -235.768005 -74.231979 157.078857
v -239.612915 -73.473595 143.241730
v -239.612915 -80.000000 143.241730
v -235.768005 -74.231979 157.078857
v -235.768005 -74.231979 157.078857
v -239.612915 -80.000000 143.241730
v -235.768005 -85.768021 157.078857
v -235.768005 -85.768021 157.078857
v -239.612915 -80.000000 143.241730
v -239.612915 -86.526405 143.241730
v -220.387085 -89.612915 143.241730
v -224.231995 -85.768021 157.078857
v -226.657532 -89.612915 143.241730
v -239.612915 -89.612915 143.241730
v -233.342468 -89.612915 143.241730
v -235.768005 -85.768021 157.078857
v -224.231995 -85.768021 157.078857
v -235.768005 -85.768021 157.078857
v -226.657532 -89.612915 143.241730
v -235.768005 -85.768021 157.078857
v -233.342468 -89.612915 143.241730
v -226.657532 -89.612915 143.241730
v -224.231995 -74.231979 157.078857
v -235.768005 -74.231979 157.078857
v -224.231995 -85.768021 157.078857
v -224.231995 -85.768021 157.078857
v -235.768005 -74.231979 157.078857
v -235.768005 -85.768021 157.078857
v -239.612915 -70.387085 143.241730
v -235.768005 -74.231979 157.078857
v -233.342468 -70.387085 143.241730
v -220.387085 -70.387085 143.241730
v -226.657532 -70.387085 143.241730
v -224.231995 -74.231979 157.078857
v -235.768005 -74.231979 157.078857
v -224.231995 -74.231979 157.078857
v -233.342468 -70.387085 143.241730
v -224.231995 -74.231979 157.078857
v -226.657532 -70.387085 143.241730
v -233.342468 -70.387085 143.241730
v -253.531006 -80.000000 -18.907684
v -249.036987 -67.075401 -18.907684
v -253.531006 -80.000000 -0.134186
v -253.531006 -80.000000 -0.134186
v -249.036987 -67.075401 -18.907684
v -249.036987 -67.075401 -0.134186
v -249.036987 -92.924599 -18.907684
v -253.531006 -80.000000 -18.907684
v -249.036987 -92.924599 -0.134186
v -249.036987 -92.924599 -0.134186
v -253.531006 -80.000000 -18.907684
v -253.531006 -80.000000 -0.134186
v -237.271484 -100.912437 -18.907684
v -249.036987 -92.924599 -18.907684
v -237.271484 -100.912437 -0.134186
v -237.271484 -100.912437 -0.134186
v -249.036987 -92.924599 -18.907684
v -249.036987 -92.924599 -0.134186
v -222.728516 -100.912437 -18.907684
v -237.271484 -100.912437 -18.907684
v -222.728577 -100.912437 -0.134186
v -222.728577 -100.912437 -0.134186
v -237.271484 -100.912437 -18.907684
v -237.271484 -100.912437 -0.134186
v -210.963013 -92.924599 -18.907684
v -222.728516 -100.912437 -18.907684
v -210.963074 -92.924599 -0.134186
v -210.963074 -92.924599 -0.134186
v -222.728516 -100.912437 -18.907684
v -222.728577 -100.912437 -0.134186
v -206.468994 -80.000000 -18.907684
v -210.963013 -92.924599 -18.907684
v -206.468994 -80.000000 -0.134186
v -206.468994 -80.000000 -0.134186
v -210.963013 -92.924599 -18.907684
v -210.963074 -92.924599 -0.134186
v -210.963013 -67.075401 -18.907684
v -206.468994 -80.000000 -18.907684
v -210.963013 -67.075401 -0.134186
v -210.963013 -67.075401 -0.134186
v -206.468994 -80.000000 -18.907684
v -206.468994 -80.000000 -0.134186
v -222.728516 -59.087563 -18.907684
v -210.963013 -67.075401 -18.907684
v -222.728516 -59.087563 -0.134186
v -222.728516 -59.087563 -0.134186
v -210.963013 -67.075401 -18.907684
v -210.963013 -67.075401 -0.134186
v -237.271423 -59.087555 -18.907684
v -222.728516 -59.087563 -18.907684
v -237.271423 -59.087555 -0.134186
v -237.271423 -59.087555 -0.134186
v -222.728516 -59.087563 -18.907684
v -222.728516 -59.087563 -0.134186
v -249.036987 -67.075401 -18.907684
v -237.271423 -59.087555 -18.907684
v -249.036987 -67.075401 -0.134186
v -249.036987 -67.075401 -0.134186
v -237.271423 -59.087555 -18.907684
v -237.271423 -59.087555 -0.134186
v -259.802551 -59.766411 162.423065
v -266.838013 -80.000000 162.423065
v -259.802551 -59.766411 143.241730
v -259.802551 -59.766411 143.241730
v -266.838013 -80.000000 162.423065
v -266.838013 -80.000000 143.241730
v -266.838013 -80.000000 162.423065
v -259.802551 -100.233582 162.423065
v -266.838013 -80.000000 143.241730
v -266.838013 -80.000000 143.241730
v -259.802551 -100.233582 162.423065
v -259.802551 -100.233582 143.241730
v -259.802551 -100.233582 162.423065
v -241.383606 -112.738617 162.423065
v -259.802551 -100.233582 143.241730
v -259.802551 -100.233582 143.241730
v -241.383606 -112.738617 162.423065
v -241.383606 -112.738617 143.241730
v -241.383606 -112.738617 162.423065
v -218.616394 -112.738617 162.423065
v -241.383606 -112.738617 143.241730
v -241.383606 -112.738617 143.241730
v -218.616394 -112.738617 162.423065
v -218.616394 -112.738617 143.241730
v -218.616394 -112.738617 162.423065
v -200.197449 -100.233582 162.423065
v -218.616394 -112.738617 143.241730
v -218.616394 -112.738617 143.241730
v -200.197449 -100.233582 162.423065
v -200.197449 -100.233582 143.241730
v -200.197449 -100.233582 162.423065
v -193.161987 -80.000000 162.423065
v -200.197449 -100.233582 143.241730
v -200.197449 -100.233582 143.241730
v -193.161987 -80.000000 162.423065
v -193.161987 -80.000000 143.241730
v -193.161987 -80.000000 162.423065
v -200.197449 -59.766426 162.423065
v -193.161987 -80.000000 143.241730
v -193.161987 -80.000000 143.241730
v -200.197449 -59.766426 162.423065
v -200.197449 -59.766426 143.241730
v -200.197449 -59.766426 162.423065
v -218.616394 -47.261383 162.423065
v -200.197449 -59.766426 143.241730
v -200.197449 -59.766426 143.241730
v -218.616394 -47.261383 162.423065
v -218.616394 -47.261383 143.241730
v -218.616394 -47.261383 162.423065
v -241.383606 -47.261383 162.423065
v -218.616394 -47.261383 143.241730
v -218.616394 -47.261383 143.241730
v -241.383606 -47.261383 162.423065
v -241.383606 -47.261383 143.241730
v -241.383606 -47.261383 162.423065
v -259.802551 -59.766411 162.423065
v -241.383606 -47.261383 143.241730
v -241.383606 -47.261383 143.241730
v -259.802551 -59.766411 162.423065
v -259.802551 -59.766411 143.241730
v -253.531006 -80.000000 -0.134186
v -249.036987 -67.075401 -0.134186
v -230.000000 -80.000000 -0.134186
v -249.036987 -92.924599 -0.134186
v -253.531006 -80.000000 -0.134186
v -230.000000 -80.000000 -0.134186
v -237.271484 -100.912437 -0.134186
v -249.036987 -92.924599 -0.134186
v -230.000000 -80.000000 -0.134186
v -222.728577 -100.912437 -0.134186
v -237.271484 -100.912437 -0.134186
v -230.000000 -80.000000 -0.134186
v -210.963074 -92.924599 -0.134186
v -222.728577 -100.912437 -0.134186
v -230.000000 -80.000000 -0.134186
v -206.468994 -80.000000 -0.134186
v -210.963074 -92.924599 -0.134186
v -230.000000 -80.000000 -0.134186
v -210.963013 -67.075401 -0.134186
v -206.468994 -80.000000 -0.134186
v -230.000000 -80.000000 -0.134186
v -222.728516 -59.087563 -0.134186
v -210.963013 -67.075401 -0.134186
v -230.000000 -80.000000 -0.134186
v -237.271423 -59.087555 -0.134186
v -222.728516 -59.087563 -0.134186
v -230.000000 -80.000000 -0.134186
v -249.036987 -67.075401 -0.134186
v -237.271423 -59.087555 -0.134186
v -230.000000 -80.000000 -0.134186
v -239.612915 -80.000000 143.241730
v -239.612915 -73.473595 143.241730
v -266.838013 -80.000000 143.241730
v -266.838013 -80.000000 143.241730
v -239.612915 -73.473595 143.241730
v -259.802551 -59.766411 143.241730
v -239.612915 -80.000000 143.241730
v -266.838013 -80.000000 143.241730
v -239.612915 -86.526405 143.241730
v -239.612915 -86.526405 143.241730
v -266.838013 -80.000000 143.241730
v -259.802551 -100.233582 143.241730
v -239.612915 -86.526405 143.241730
v -259.802551 -100.233582 143.241730
v -239.612915 -89.612915 143.241730
v -233.342468 -89.612915 143.241730
v -239.612915 -89.612915 143.241730
v -241.383606 -112.738617 143.241730
v -239.612915 -89.612915 143.241730
v -259.802551 -100.233582 143.241730
v -241.383606 -112.738617 143.241730
v -226.657532 -89.612915 143.241730
v -233.342468 -89.612915 143.241730
v -218.616394 -112.738617 143.241730
v -218.616394 -112.738617 143.241730
v -233.342468 -89.612915 143.241730
v -241.383606 -112.738617 143.241730
v -220.387085 -86.526405 143.241730
v -220.387085 -89.612915 143.241730
v -200.197449 -100.233582 143.241730
v -226.657532 -89.612915 143.241730
v -218.616394 -112.738617 143.241730
v -220.387085 -89.612915 143.241730
v -220.387085 -89.612915 143.241730
v -218.616394 -112.738617 143.241730
v -200.197449 -100.233582 143.241730
v -220.387085 -80.000000 143.241730
v -220.387085 -86.526405 143.241730
v -193.161987 -80.000000 143.241730
v -193.161987 -80.000000 143.241730
v -220.387085 -86.526405 143.241730
v -200.197449 -100.233582 143.241730
v -220.387085 -80.000000 143.241730
v -193.161987 -80.000000 143.241730
v -220.387085 -73.473595 143.241730
v -220.387085 -73.473595 143.241730
v -193.161987 -80.000000 143.241730
v -200.197449 -59.766426 143.241730
v -220.387085 -73.473595 143.241730
v -200.197449 -59.766426 143.241730
v -220.387085 -70.387085 143.241730
v -226.657532 -70.387085 143.241730
v -220.387085 -70.387085 143.241730
v -218.616394 -47.261383 143.241730
v -220.387085 -70.387085 143.241730
v -200.197449 -59.766426 143.241730
v -218.616394 -47.261383 143.241730
v -233.342468 -70.387085 143.241730
v -226.657532 -70.387085 143.241730
v -241.383606 -47.261383 143.241730
v -241.383606 -47.261383 143.241730
v -226.657532 -70.387085 143.241730
v -218.616394 -47.261383 143.241730
v -239.612915 -73.473595 143.241730
v -239.612915 -70.387085 143.241730
v -259.802551 -59.766411 143.241730
v -233.342468 -70.387085 143.241730
v -241.383606 -47.261383 143.241730
v -239.612915 -70.387085 143.241730
v -239.612915 -70.387085 143.241730
v -241.383606 -47.261383 143.241730
v -259.802551 -59.766411 143.241730
v -277.062012 -80.000000 25.051285
v -268.073975 -54.150803 25.051285
v -253.531006 -80.000000 -18.907684
v -253.531006 -80.000000 -18.907684
v -268.073975 -54.150803 25.051285
v -249.036987 -67.075401 -18.907684
v -277.062012 -80.000000 25.051285
v -253.531006 -80.000000 -18.907684
v -268.073975 -105.849197 25.051285
v -268.073975 -105.849197 25.051285
v -253.531006 -80.000000 -18.907684
v -249.036987 -92.924599 -18.907684
v -268.073975 -105.849197 25.051285
v -249.036987 -92.924599 -18.907684
v -244.542908 -121.824875 25.051285
v -244.542908 -121.824875 25.051285
v -249.036987 -92.924599 -18.907684
v -237.271484 -100.912437 -18.907684
v -215.457092 -121.824875 25.051285
v -244.542908 -121.824875 25.051285
v -222.728516 -100.912437 -18.907684
v -222.728516 -100.912437 -18.907684
v -244.542908 -121.824875 25.051285
v -237.271484 -100.912437 -18.907684
v -191.926086 -105.849197 25.051285
v -215.457092 -121.824875 25.051285
v -210.963013 -92.924599 -18.907684
v -210.963013 -92.924599 -18.907684
v -215.457092 -121.824875 25.051285
v -222.728516 -100.912437 -18.907684
v -182.937988 -80.000000 25.051285
v -191.926086 -105.849197 25.051285
v -206.468994 -80.000000 -18.907684
v -206.468994 -80.000000 -18.907684
v -191.926086 -105.849197 25.051285
v -210.963013 -92.924599 -18.907684
v -182.937988 -80.000000 25.051285
v -206.468994 -80.000000 -18.907684
v -191.926025 -54.150803 25.051285
v -191.926025 -54.150803 25.051285
v -206.468994 -80.000000 -18.907684
v -210.963013 -67.075401 -18.907684
v -191.926025 -54.150803 25.051285
v -210.963013 -67.075401 -18.907684
v -212.440186 -40.223328 25.051285
v -212.440186 -40.223328 25.051285
v -210.963013 -67.075401 -18.907684
v -216.169250 -40.223328 20.745850
v -216.169250 -40.223328 20.745850
v -210.963013 -67.075401 -18.907684
v -222.728516 -59.087563 -18.907684
v -243.830750 -40.223328 20.745850
v -216.169250 -40.223328 20.745850
v -237.271423 -59.087555 -18.907684
v -237.271423 -59.087555 -18.907684
v -216.169250 -40.223328 20.745850
v -222.728516 -59.087563 -18.907684
v -268.073975 -54.150803 25.051285
v -247.559814 -40.223328 25.051285
v -249.036987 -67.075401 -18.907684
v -247.559814 -40.223328 25.051285
v -243.830750 -40.223328 20.745850
v -249.036987 -67.075401 -18.907684
v -243.830750 -40.223328 20.745850
v -237.271423 -59.087555 -18.907684
v -249.036987 -67.075401 -18.907684
v -277.062012 -80.000000 152.321045
v -268.073975 -54.150803 152.321045
v -277.062012 -80.000000 25.051285
v -277.062012 -80.000000 25.051285
v -268.073975 -54.150803 152.321045
v -268.073975 -54.150803 25.051285
v -268.073975 -105.849197 152.321045
v -277.062012 -80.000000 152.321045
v -268.073975 -105.849197 25.051285
v -268.073975 -105.849197 25.051285
v -277.062012 -80.000000 152.321045
v -277.062012 -80.000000 25.051285
v -244.542908 -121.824875 152.321045
v -268.073975 -105.849197 152.321045
v -244.542908 -121.824875 25.051285
v -244.542908 -121.824875 25.051285
v -268.073975 -105.849197 152.321045
v -268.073975 -105.849197 25.051285
v -215.457092 -121.824875 152.321045
v -244.542908 -121.824875 152.321045
v -215.457092 -121.824875 25.051285
v -215.457092 -121.824875 25.051285
v -244.542908 -121.824875 152.321045
v -244.542908 -121.824875 25.051285
v -191.926086 -105.849197 152.321045
v -215.457092 -121.824875 152.321045
v -191.926086 -105.849197 25.051285
v -191.926086 -105.849197 25.051285
v -215.457092 -121.824875 152.321045
v -215.457092 -121.824875 25.051285
v -182.937988 -80.000000 152.321045
v -191.926086 -105.849197 152.321045
v -182.937988 -80.000000 25.051285
v -182.937988 -80.000000 25.051285
v -191.926086 -105.849197 152.321045
v -191.926086 -105.849197 25.051285
v -191.926025 -54.150803 152.321045
v -182.937988 -80.000000 152.321045
v -191.926025 -54.150803 25.051285
v -191.926025 -54.150803 25.051285
v -182.937988 -80.000000 152.321045
v -182.937988 -80.000000 25.051285
v -212.440186 -40.223328 25.051285
v -212.440125 -40.223328 79.882355
v -191.926025 -54.150803 25.051285
v -191.926025 -54.150803 25.051285
v -212.440125 -40.223328 79.882355
v -191.926025 -54.150803 152.321045
v -215.457031 -38.175125 152.321045
v -191.926025 -54.150803 152.321045
v -215.457031 -38.175125 80.093689
v -212.440125 -40.223328 79.882355
v -215.457031 -38.175125 80.093689
v -191.926025 -54.150803 152.321045
v -244.542908 -35.719479 61.642883
v -244.542908 -38.175110 152.321045
v -215.457031 -38.175125 80.093689
v -215.457031 -38.175125 80.093689
v -244.542908 -38.175110 152.321045
v -215.457031 -38.175125 152.321045
v -247.559814 -40.223328 25.051285
v -268.073975 -54.150803 25.051285
v -247.559814 -37.767696 57.604004
v -268.073975 -54.150803 25.051285
v -268.073975 -54.150803 152.321045
v -247.559814 -37.767696 57.604004
v -247.559814 -37.767696 57.604004
v -268.073975 -54.150803 152.321045
v -244.542908 -35.719479 61.642883
v -268.073975 -54.150803 152.321045
v -244.542908 -38.175110 152.321045
v -244.542908 -35.719479 61.642883
v -259.802551 -59.766411 162.423065
v -268.073975 -54.150803 152.321045
v -266.838013 -80.000000 162.423065
v -266.838013 -80.000000 162.423065
v -268.073975 -54.150803 152.321045
v -277.062012 -80.000000 152.321045
v -259.802551 -100.233582 162.423065
v -266.838013 -80.000000 162.423065
v -268.073975 -105.849197 152.321045
v -268.073975 -105.849197 152.321045
v -266.838013 -80.000000 162.423065
v -277.062012 -80.000000 152.321045
v -241.383606 -112.738617 162.423065
v -259.802551 -100.233582 162.423065
v -244.542908 -121.824875 152.321045
v -244.542908 -121.824875 152.321045
v -259.802551 -100.233582 162.423065
v -268.073975 -105.849197 152.321045
v -218.616394 -112.738617 162.423065
v -241.383606 -112.738617 162.423065
v -215.457092 -121.824875 152.321045
v -215.457092 -121.824875 152.321045
v -241.383606 -112.738617 162.423065
v -244.542908 -121.824875 152.321045
v -218.616394 -112.738617 162.423065
v -215.457092 -121.824875 152.321045
v -200.197449 -100.233582 162.423065
v -200.197449 -100.233582 162.423065
v -215.457092 -121.824875 152.321045
v -191.926086 -105.849197 152.321045
v -200.197449 -100.233582 162.423065
v -191.926086 -105.849197 152.321045
v -193.161987 -80.000000 162.423065
v -193.161987 -80.000000 162.423065
v -191.926086 -105.849197 152.321045
v -182.937988 -80.000000 152.321045
v -200.197449 -59.766426 162.423065
v -193.161987 -80.000000 162.423065
v -191.926025 -54.150803 152.321045
v -191.926025 -54.150803 152.321045
v -193.161987 -80.000000 162.423065
v -182.937988 -80.000000 152.321045
v -218.616394 -47.261383 162.423065
v -200.197449 -59.766426 162.423065
v -215.457031 -38.175125 152.321045
v -215.457031 -38.175125 152.321045
v -200.197449 -59.766426 162.423065
v -191.926025 -54.150803 152.321045
v -241.383606 -47.261383 162.423065
v -218.616394 -47.261383 162.423065
v -244.542908 -38.175110 152.321045
v -244.542908 -38.175110 152.321045
v -218.616394 -47.261383 162.423065
v -215.457031 -38.175125 152.321045
v -241.383606 -47.261383 162.423065
v -244.542908 -38.175110 152.321045
v -259.802551 -59.766411 162.423065
v -259.802551 -59.766411 162.423065
v -244.542908 -38.175110 152.321045
v -268.073975 -54.150803 152.321045
v -113.749573 -173.749619 -93.552521
v -113.749573 -40.223328 -57.774261
v -113.749573 -173.749619 -85.847198
v -113.749573 -195.067474 -99.264618
v -113.749573 -186.250381 -96.902084
v -113.749573 -198.302887 -87.189819
v -113.749573 -186.250381 -96.902084
v -113.749573 -186.250381 -85.847198
v -113.749573 -198.302887 -87.189819
v -113.749573 -198.302887 -87.189819
v -113.749573 -186.250381 -85.847198
v -113.749573 -47.882889 -46.884903
v -113.749573 -186.250381 -85.847198
v -113.749573 -173.749619 -85.847198
v -113.749573 -47.882889 -46.884903
v -113.749573 -40.223328 -57.774261
v -113.749573 -40.223328 -50.405212
v -113.749573 -173.749619 -85.847198
v -113.749573 -173.749619 -85.847198
v -113.749573 -40.223328 -50.405212
v -113.749573 -47.882889 -46.884903
v -126.250427 -173.749619 -93.552521
v -126.250427 -173.749619 -85.847198
v -126.250427 -40.223328 -57.774261
v -126.250427 -195.067474 -99.264618
v -126.250427 -198.302887 -87.189819
v -126.250427 -186.250381 -96.902084
v -126.250427 -186.250381 -96.902084
v -126.250427 -198.302887 -87.189819
v -126.250427 -186.250381 -85.847198
v -126.250427 -198.302887 -87.189819
v -126.250427 -47.882874 -46.884903
v -126.250427 -186.250381 -85.847198
v -126.250427 -186.250381 -85.847198
v -126.250427 -47.882874 -46.884903
v -126.250427 -173.749619 -85.847198
v -126.250427 -40.223328 -57.774261
v -126.250427 -173.749619 -85.847198
v -126.250427 -40.223328 -50.405212
v -126.250427 -47.882874 -46.884903
v -126.250427 -40.223328 -50.405212
v -126.250427 -173.749619 -85.847198
v -113.749573 -198.302887 -87.189819
v -126.250427 -198.302887 -87.189819
v -113.749573 -195.067474 -99.264618
v -113.749573 -195.067474 -99.264618
v -126.250427 -198.302887 -87.189819
v -126.250427 -195.067474 -99.264618
v -126.250427 -47.882874 -46.884903
v -126.250427 -198.302887 -87.189819
v -113.749573 -47.882889 -46.884903
v -113.749573 -47.882889 -46.884903
v -126.250427 -198.302887 -87.189819
v -113.749573 -198.302887 -87.189819
v -113.749573 -173.749619 -93.552521
v -126.250427 -173.749619 -93.552521
v -113.749573 -40.223328 -57.774261
v -113.749573 -40.223328 -57.774261
v -126.250427 -173.749619 -93.552521
v -126.250427 -40.223328 -57.774261
v -107.149597 -23.489868 150.020111
v -195.963318 -30.000000 100.941528
v -107.187134 -30.000000 158.406708
v -197.751770 -19.776688 89.199982
v -195.963318 -30.000000 100.941528
v -107.128235 -19.776688 146.177338
v -107.128235 -19.776688 146.177338
v -195.963318 -30.000000 100.941528
v -107.149597 -23.489868 150.020111
v -107.224548 -36.504639 109.886292
v -195.963318 -30.000000 100.941528
v -107.246033 -40.223328 105.730286
v -107.246033 -40.223328 105.730286
v -195.963318 -30.000000 100.941528
v -197.751770 -40.223328 89.199982
v -107.187134 -30.000000 158.406708
v -195.963318 -30.000000 100.941528
v -107.224548 -36.504639 109.886292
v -107.211609 -34.250542 -123.093735
v -140.055847 -34.098072 -122.849213
v -107.187134 -30.000000 -129.370117
v -107.187134 -30.000000 -129.370117
v -140.055847 -34.098072 -122.849213
v -195.963318 -30.000000 -128.100677
v -140.055847 -34.098072 -122.849213
v -183.268005 -33.918072 -122.560524
v -195.963318 -30.000000 -128.100677
v -195.963318 -30.000000 -128.100677
v -183.268005 -33.918072 -122.560524
v -197.751770 -40.223328 -113.199997
v -183.268005 -33.918072 -122.560524
v -183.268005 -37.852726 -116.834465
v -197.751770 -40.223328 -113.199997
v -197.751770 -40.223328 -113.199997
v -183.268005 -37.852726 -116.834465
v -107.246033 -40.223328 -114.353271
v -183.268005 -37.852726 -116.834465
v -107.234009 -38.143539 -117.380127
v -107.246033 -40.223328 -114.353271
v -107.187134 -30.000000 -129.370117
v -195.963318 -30.000000 -128.100677
v -107.149658 -23.489883 -119.758270
v -107.149658 -23.489883 -119.758270
v -195.963318 -30.000000 -128.100677
v -107.128235 -19.776688 -114.354767
v -107.128235 -19.776688 -114.354767
v -195.963318 -30.000000 -128.100677
v -197.751770 -19.776688 -113.199997
v -487.122498 -32.728069 -250.978455
v -487.122559 -50.670692 -277.227020
v -487.122498 -30.371735 -253.896484
v -487.122498 -30.371735 -253.896484
v -487.122559 -50.670692 -277.227020
v -487.122498 -30.340790 -255.778870
v -487.122498 -30.340790 -255.778870
v -487.122559 -50.670692 -277.227020
v -487.122498 -69.659203 -308.929443
v -487.122498 -40.223328 -158.008759
v -487.122498 -44.461090 -158.008759
v -487.122498 -40.223328 -240.225098
v -487.122559 -50.670692 -277.227020
v -487.122498 -53.175915 -275.693268
v -487.122498 -69.659203 -308.929443
v -487.122498 -69.659203 -308.929443
v -487.122498 -53.175915 -275.693268
v -487.122498 -44.461090 -158.008759
v -487.122498 -36.699474 -245.631805
v -487.122498 -40.223328 -240.225098
v -487.122498 -53.175915 -275.693268
v -487.122498 -40.223328 -240.225098
v -487.122498 -44.461090 -158.008759
v -487.122498 -53.175915 -275.693268
v -492.877380 -32.729378 -253.472290
v -492.877380 -30.592285 -256.118835
v -492.877441 -50.627602 -279.655884
v -492.877380 -30.592285 -256.118835
v -492.877380 -69.659203 -308.929443
v -492.877441 -50.627602 -279.655884
v -492.877441 -50.627602 -279.655884
v -492.877380 -69.659203 -308.929443
v -492.877380 -53.132824 -278.122162
v -492.877380 -69.659203 -308.929443
v -492.877380 -44.461090 -158.008759
v -492.877380 -53.132824 -278.122162
v -492.877380 -40.223328 -158.008759
v -492.877380 -40.223328 -242.751312
v -492.877380 -44.461090 -158.008759
v -492.877380 -36.705032 -248.149460
v -492.877380 -53.132824 -278.122162
v -492.877380 -40.223328 -242.751312
v -492.877380 -53.132824 -278.122162
v -492.877380 -44.461090 -158.008759
v -492.877380 -40.223328 -242.751312
v -487.122498 -44.461090 -158.008759
v -492.877380 -44.461090 -158.008759
v -487.122498 -69.659203 -308.929443
v -487.122498 -69.659203 -308.929443
v -492.877380 -44.461090 -158.008759
v -492.877380 -69.659203 -308.929443
v -492.877380 -40.223328 -158.008759
v -492.877380 -44.461090 -158.008759
v -487.122498 -40.223328 -158.008759
v -487.122498 -40.223328 -158.008759
v -492.877380 -44.461090 -158.008759
v -487.122498 -44.461090 -158.008759
v -487.122498 -30.371735 -253.896484
v -487.122498 -30.340790 -255.778870
v -491.375183 -30.340790 -255.778870
v -487.122498 -30.340790 -255.778870
v -487.122498 -69.659203 -308.929443
v -491.375183 -30.340790 -255.778870
v -491.375183 -30.340790 -255.778870
v -487.122498 -69.659203 -308.929443
v -492.877380 -30.592285 -256.118835
v -487.122498 -69.659203 -308.929443
v -492.877380 -69.659203 -308.929443
v -492.877380 -30.592285 -256.118835
v -345.405457 -32.695366 -189.565796
v -195.963318 -30.000000 -128.100677
v -207.243958 -32.420586 -129.338577
v -264.055420 -40.223328 -142.305298
v -487.122498 -40.223328 -240.225098
v -264.055420 -38.342407 -145.191193
v -487.122498 -36.699474 -245.631805
v -349.073242 -36.565758 -185.237442
v -487.122498 -40.223328 -240.225098
v -487.122498 -40.223328 -240.225098
v -349.073242 -36.565758 -185.237442
v -264.055420 -38.342407 -145.191193
v -195.963318 -30.000000 -128.100677
v -197.751770 -40.223328 -113.199997
v -207.243958 -32.420586 -129.338577
v -207.243958 -32.420586 -129.338577
v -197.751770 -40.223328 -113.199997
v -207.509460 -33.265282 -128.159149
v -197.751770 -40.223328 -113.199997
v -255.944580 -40.223328 -138.744873
v -207.509460 -33.265282 -128.159149
v -255.944580 -40.223328 -138.744873
v -255.944580 -37.108780 -143.523560
v -207.509460 -33.265282 -128.159149
v -207.509460 -33.265282 -128.159149
v -255.944580 -37.108780 -143.523560
v -349.073242 -36.565758 -185.237442
v -255.944580 -37.108780 -143.523560
v -264.055420 -38.342407 -145.191193
v -349.073242 -36.565758 -185.237442
v -571.964966 -36.781624 -282.748993
v -762.787781 -40.223328 -361.233826
v -597.161804 -36.764488 -293.696411
v -492.877380 -32.729378 -253.472290
v -596.014465 -32.753185 -298.166412
v -492.877380 -30.592285 -256.118835
v -597.161804 -36.764488 -293.696411
v -762.787781 -40.223328 -361.233826
v -596.014465 -32.753185 -298.166412
v -487.122498 -32.728069 -250.978455
v -487.122498 -30.371735 -253.896484
v -345.405457 -32.695366 -189.565796
v -762.787781 -40.223328 -361.233826
v -765.768494 -30.000000 -375.186768
v -596.014465 -32.753185 -298.166412
v -492.877380 -30.592285 -256.118835
v -596.014465 -32.753185 -298.166412
v -491.375183 -30.340790 -255.778870
v -596.014465 -32.753185 -298.166412
v -765.768494 -30.000000 -375.186768
v -491.375183 -30.340790 -255.778870
v -765.768494 -30.000000 -375.186768
v -195.963318 -30.000000 -128.100677
v -491.375183 -30.340790 -255.778870
v -491.375183 -30.340790 -255.778870
v -195.963318 -30.000000 -128.100677
v -487.122498 -30.371735 -253.896484
v -195.963318 -30.000000 -128.100677
v -345.405457 -32.695366 -189.565796
v -487.122498 -30.371735 -253.896484
v -492.877380 -36.705032 -248.149460
v -492.877380 -40.223328 -242.751312
v -571.964966 -36.781624 -282.748993
v -571.964966 -36.781624 -282.748993
v -492.877380 -40.223328 -242.751312
v -762.787781 -40.223328 -361.233826
v -197.751770 -19.776688 -113.199997
v -197.751770 -19.776688 89.199982
v -107.128235 -19.776688 -114.354767
v -107.128235 -19.776688 -114.354767
v -197.751770 -19.776688 89.199982
v -107.128235 -19.776688 146.177338
v -126.250427 -40.223328 -50.405212
v -142.637329 -40.223328 -50.405212
v -126.250427 -40.223328 -57.774261
v -107.246033 -40.223328 90.405212
v -107.246033 -40.223328 105.730286
v -142.637329 -40.223328 90.405212
v -107.246033 -40.223328 105.730286
v -197.751770 -40.223328 89.199982
v -142.637329 -40.223328 90.405212
v -142.637329 -40.223328 90.405212
v -197.751770 -40.223328 89.199982
v -142.637329 -40.223328 -50.405212
v -197.751770 -40.223328 89.199982
v -197.751770 -40.223328 -113.199997
v -142.637329 -40.223328 -50.405212
v -197.751770 -40.223328 -113.199997
v -107.246033 -40.223328 -114.353271
v -142.637329 -40.223328 -50.405212
v -142.637329 -40.223328 -50.405212
v -107.246033 -40.223328 -114.353271
v -126.250427 -40.223328 -57.774261
v -126.250427 -40.223328 -57.774261
v -107.246033 -40.223328 -114.353271
v -113.749573 -40.223328 -57.774261
v -107.246033 -40.223328 -50.405212
v -113.749573 -40.223328 -50.405212
v -107.246033 -40.223328 -114.353271
v -107.246033 -40.223328 -114.353271
v -113.749573 -40.223328 -50.405212
v -113.749573 -40.223328 -57.774261
v -765.768494 -30.000000 -271.076660
v -765.768494 -30.000000 -375.186768
v -781.632996 -50.001694 -271.076660
v -781.632996 -50.001694 -271.076660
v -765.768494 -30.000000 -375.186768
v -781.632996 -50.001694 -375.186768
v -762.787781 -40.223328 -361.233826
v -762.787781 -40.223328 -269.233826
v -778.652283 -53.742767 -361.233826
v -778.652283 -53.742767 -361.233826
v -762.787781 -40.223328 -269.233826
v -778.652283 -53.742767 -269.233826
v -765.768494 -30.000000 -375.186768
v -765.768494 -30.000000 -271.076660
v -762.787781 -19.776672 -361.233826
v -762.787781 -19.776672 -361.233826
v -765.768494 -30.000000 -271.076660
v -762.787781 -19.776672 -269.233826
v -778.652283 -53.742767 -269.233826
v -781.632996 -50.001694 -271.076660
v -778.652283 -53.742767 -361.233826
v -778.652283 -53.742767 -361.233826
v -781.632996 -50.001694 -271.076660
v -781.632996 -50.001694 -375.186768
v -197.751770 -40.223328 89.199982
v -212.440125 -40.223328 79.882355
v -197.751770 -40.223328 -113.199997
v -212.440125 -40.223328 79.882355
v -212.440186 -40.223328 25.051285
v -197.751770 -40.223328 -113.199997
v -212.440186 -40.223328 25.051285
v -216.169250 -40.223328 20.745850
v -197.751770 -40.223328 -113.199997
v -487.122498 -40.223328 -240.225098
v -264.055420 -40.223328 -142.305298
v -487.122498 -40.223328 -158.008759
v -255.944580 -40.223328 -138.744873
v -197.751770 -40.223328 -113.199997
v -255.944580 -40.223328 2.814606
v -197.751770 -40.223328 -113.199997
v -216.169250 -40.223328 20.745850
v -255.944580 -40.223328 2.814606
v -216.169250 -40.223328 20.745850
v -243.830750 -40.223328 20.745850
v -255.944580 -40.223328 2.814606
v -264.055420 -40.223328 -142.305298
v -264.055420 -40.223328 2.814606
v -487.122498 -40.223328 -158.008759
v -243.830750 -40.223328 20.745850
v -247.559814 -40.223328 25.051285
v -255.944580 -40.223328 2.814606
v -255.944580 -40.223328 2.814606
v -247.559814 -40.223328 25.051285
v -264.055420 -40.223328 2.814606
v -247.559814 -37.767696 57.604004
v -762.787781 -40.223328 -269.233826
v -247.559814 -40.223328 25.051285
v -247.559814 -40.223328 25.051285
v -762.787781 -40.223328 -269.233826
v -264.055420 -40.223328 2.814606
v -762.787781 -40.223328 -361.233826
v -492.877380 -40.223328 -242.751312
v -762.787781 -40.223328 -269.233826
v -492.877380 -40.223328 -242.751312
v -492.877380 -40.223328 -158.008759
v -762.787781 -40.223328 -269.233826
v -762.787781 -40.223328 -269.233826
v -492.877380 -40.223328 -158.008759
v -264.055420 -40.223328 2.814606
v -492.877380 -40.223328 -158.008759
v -487.122498 -40.223328 -158.008759
v -264.055420 -40.223328 2.814606
v -762.787781 -19.776672 -361.233826
v -762.787781 -19.776672 -269.233826
v -197.751770 -19.776688 -113.199997
v -197.751770 -19.776688 -113.199997
v -762.787781 -19.776672 -269.233826
v -197.751770 -19.776688 89.199982
v -255.944580 -37.108780 -143.523560
v -255.944580 -75.891434 -195.949890
v -264.055420 -38.342407 -145.191193
v -264.055420 -38.342407 -145.191193
v -255.944580 -75.891434 -195.949890
v -264.055420 -75.891434 -195.949890
v -264.055420 -40.223328 2.814606
v -264.055420 -42.705170 2.814606
v -255.944580 -40.223328 2.814606
v -255.944580 -40.223328 2.814606
v -264.055420 -42.705170 2.814606
v -255.944580 -42.705170 2.814606
v -255.944580 -42.705170 2.814606
v -264.055420 -42.705170 2.814606
v -255.944580 -75.891434 -195.949890
v -255.944580 -75.891434 -195.949890
v -264.055420 -42.705170 2.814606
v -264.055420 -75.891434 -195.949890
v -264.055420 -40.223328 2.814606
v -264.055420 -40.223328 -142.305298
v -264.055420 -42.705170 2.814606
v -264.055420 -38.342407 -145.191193
v -264.055420 -75.891434 -195.949890
v -264.055420 -40.223328 -142.305298
v -264.055420 -40.223328 -142.305298
v -264.055420 -75.891434 -195.949890
v -264.055420 -42.705170 2.814606
v -255.944580 -40.223328 2.814606
v -255.944580 -42.705170 2.814606
v -255.944580 -40.223328 -138.744873
v -255.944580 -37.108780 -143.523560
v -255.944580 -40.223328 -138.744873
v -255.944580 -75.891434 -195.949890
v -255.944580 -42.705170 2.814606
v -255.944580 -75.891434 -195.949890
v -255.944580 -40.223328 -138.744873
v -62.377716 47.214695 -690.655823
v -62.385468 47.176670 -690.707214
v -312.143127 51.067295 -731.185547
v -62.385468 47.176670 -690.707214
v -313.203186 47.176670 -736.495483
v -312.143127 51.067295 -731.185547
v -62.377716 47.214695 -690.655823
v -312.143127 51.067295 -731.185547
v -61.749176 51.067295 -684.639343
v -79.666962 47.481388 -599.426025
v -312.143127 51.067295 -696.173767
v -79.762665 47.176670 -599.486206
v -312.143127 51.067295 -696.173767
v -313.203186 47.176670 -696.875061
v -79.762665 47.176670 -599.486206
v -77.461945 51.067295 -603.478760
v -312.143127 51.067295 -696.173767
v -78.567169 49.440403 -601.681519
v -312.143127 51.067295 -696.173767
v -79.666962 47.481388 -599.426025
v -78.567169 49.440403 -601.681519
v -79.762665 47.176670 -599.486206
v -313.203186 47.176670 -696.875061
v -79.866333 46.868870 -599.508972
v -313.203186 47.176670 -696.875061
v -312.143127 43.286045 -696.173767
v -79.866333 46.868870 -599.508972
v -79.866333 46.868870 -599.508972
v -312.143127 43.286045 -696.173767
v -80.195587 43.286045 -604.558472
v -62.385468 47.176670 -690.707214
v -62.412262 47.138096 -690.661438
v -313.203186 47.176670 -736.495483
v -62.412262 47.138096 -690.661438
v -312.143127 43.286045 -731.185547
v -313.203186 47.176670 -736.495483
v -65.245361 43.286045 -685.289307
v -312.143127 43.286045 -731.185547
v -62.412262 47.138096 -690.661438
v -312.143127 43.286045 -696.173767
v -313.203186 47.176670 -696.875061
v -312.143127 43.286045 -731.185547
v -312.143127 43.286045 -731.185547
v -313.203186 47.176670 -696.875061
v -313.203186 47.176670 -736.495483
v -313.203186 47.176670 -736.495483
v -313.203186 47.176670 -696.875061
v -312.143127 51.067295 -731.185547
v -312.143127 51.067295 -731.185547
v -313.203186 47.176670 -696.875061
v -312.143127 51.067295 -696.173767
v -80.195587 43.286045 -604.558472
v -312.143127 43.286045 -696.173767
v -68.042419 43.286045 -670.841736
v -312.143127 43.286045 -731.185547
v -65.245361 43.286045 -685.289307
v -312.143127 43.286045 -696.173767
v -68.042419 43.286045 -670.841736
v -312.143127 43.286045 -696.173767
v -65.245361 43.286045 -685.289307
v -312.143127 51.067295 -731.185547
v -312.143127 51.067295 -696.173767
v -61.749176 51.067295 -684.639343
v -61.749176 51.067295 -684.639343
v -312.143127 51.067295 -696.173767
v -77.461945 51.067295 -603.478760
v -63.909515 40.869328 -698.000000
v -92.837189 14.818481 -590.000000
v -68.042419 43.286045 -670.841736
v -78.567169 49.440403 -601.681519
v -79.666962 47.481388 -599.426025
v -80.344849 50.479923 -590.000000
v -80.344849 50.479923 -590.000000
v -79.666962 47.481388 -599.426025
v -92.837189 14.818481 -590.000000
v -79.666962 47.481388 -599.426025
v -79.762665 47.176670 -599.486206
v -92.837189 14.818481 -590.000000
v -79.762665 47.176670 -599.486206
v -79.866333 46.868870 -599.508972
v -92.837189 14.818481 -590.000000
v -79.866333 46.868870 -599.508972
v -80.195587 43.286045 -604.558472
v -92.837189 14.818481 -590.000000
v -80.195587 43.286045 -604.558472
v -68.042419 43.286045 -670.841736
v -92.837189 14.818481 -590.000000
v -68.042419 43.286045 -670.841736
v -65.245361 43.286045 -685.289307
v -63.909515 40.869328 -698.000000
v -65.245361 43.286045 -685.289307
v -62.412262 47.138096 -690.661438
v -63.909515 40.869328 -698.000000
v -62.412262 47.138096 -690.661438
v -62.385468 47.176670 -690.707214
v -63.909515 40.869328 -698.000000
v -63.909515 40.869328 -698.000000
v -62.385468 47.176670 -690.707214
v -52.276825 65.860046 -698.000000
v -62.385468 47.176670 -690.707214
v -62.377716 47.214695 -690.655823
v -52.276825 65.860046 -698.000000
v -62.377716 47.214695 -690.655823
v -61.749176 51.067295 -684.639343
v -52.276825 65.860046 -698.000000
v -78.567169 49.440403 -601.681519
v -80.344849 50.479923 -590.000000
v -77.461945 51.067295 -603.478760
v -80.344849 50.479923 -590.000000
v -52.276825 65.860046 -698.000000
v -77.461945 51.067295 -603.478760
v -61.749176 51.067295 -684.639343
v -77.461945 51.067295 -603.478760
v -52.276825 65.860046 -698.000000
v -12.925720 -186.176239 416.176239
v -12.925720 -193.823822 416.176239
v -12.925720 -186.176239 423.823700
v -12.925720 -186.176239 423.823700
v -12.925720 -193.823822 416.176239
v -12.925720 -193.823822 423.823700
v -6.250366 -193.823822 423.823700
v -12.925720 -193.823822 423.823700
v -6.250366 -193.823822 416.176239
v -6.250366 -193.823822 416.176239
v -12.925720 -193.823822 423.823700
v -12.925720 -193.823822 416.176239
v -6.250366 -186.176239 423.823700
v -12.925720 -186.176239 423.823700
v -6.250366 -193.823822 423.823700
v -6.250366 -193.823822 423.823700
v -12.925720 -186.176239 423.823700
v -12.925720 -193.823822 423.823700
v -6.250366 -186.176239 416.176239
v -12.925720 -186.176239 416.176239
v -6.250366 -186.176239 423.823700
v -6.250366 -186.176239 423.823700
v -12.925720 -186.176239 416.176239
v -12.925720 -186.176239 423.823700
v -6.250366 -193.823822 416.176239
v -12.925720 -193.823822 416.176239
v -6.250366 -186.176239 416.176239
v -6.250366 -186.176239 416.176239
v -12.925720 -193.823822 416.176239
v -12.925720 -186.176239 416.176239
v 6.250366 -186.176239 423.823700
v 12.925720 -186.176239 423.823700
v 6.250366 -186.176239 416.176239
v 6.250366 -186.176239 416.176239
v 12.925720 -186.176239 423.823700
v 12.925720 -186.176239 416.176239
v 6.250366 -193.823822 416.176239
v 12.925720 -193.823822 416.176239
v 6.250366 -193.823822 423.823700
v 6.250366 -193.823822 423.823700
v 12.925720 -193.823822 416.176239
v 12.925720 -193.823822 423.823700
v 12.925720 -186.176239 423.823700
v 12.925720 -193.823822 423.823700
v 12.925720 -186.176239 416.176239
v 12.925720 -186.176239 416.176239
v 12.925720 -193.823822 423.823700
v 12.925720 -193.823822 416.176239
v 6.250366 -193.823822 423.823700
v 12.925720 -193.823822 423.823700
v 6.250366 -186.176239 423.823700
v 6.250366 -186.176239 423.823700
v 12.925720 -193.823822 423.823700
v 12.925720 -186.176239 423.823700
v 6.250366 -186.176239 416.176239
v 12.925720 -186.176239 416.176239
v 6.250366 -193.823822 416.176239
v 6.250366 -193.823822 416.176239
v 12.925720 -186.176239 416.176239
v 12.925720 -193.823822 416.176239
v 32.270203 -142.341873 443.670990
v 32.270203 -142.341873 396.328949
v 32.270203 -117.658127 443.670990
v 32.270203 -117.658127 443.670990
v 32.270203 -142.341873 396.328949
v 32.270203 -117.658127 396.328949
v 27.729797 -142.341873 396.328949
v 27.729797 -142.341873 443.670990
v 27.729797 -117.658127 396.328949
v 27.729797 -117.658127 396.328949
v 27.729797 -142.341873 443.670990
v 27.729797 -117.658127 443.670990
v 32.270203 -142.341873 443.670990
v 27.729797 -142.341873 443.670990
v 32.270203 -142.341873 396.328949
v 32.270203 -142.341873 396.328949
v 27.729797 -142.341873 443.670990
v 27.729797 -142.341873 396.328949
v 32.270203 -117.658127 443.670990
v 27.729797 -117.658127 443.670990
v 32.270203 -142.341873 443.670990
v 32.270203 -142.341873 443.670990
v 27.729797 -117.658127 443.670990
v 27.729797 -142.341873 443.670990
v 32.270203 -117.658127 396.328949
v 27.729797 -117.658127 396.328949
v 32.270203 -117.658127 443.670990
v 32.270203 -117.658127 443.670990
v 27.729797 -117.658127 396.328949
v 27.729797 -117.658127 443.670990
v 32.270203 -142.341873 396.328949
v 27.729797 -142.341873 396.328949
v 32.270203 -117.658127 396.328949
v 32.270203 -117.658127 396.328949
v 27.729797 -142.341873 396.328949
v 27.729797 -117.658127 396.328949
v 11.023071 -82.391602 676.184814
v -11.023071 -82.391602 676.184814
v 22.046173 -98.080780 593.556641
v 22.046173 -98.080780 593.556641
v -11.023071 -82.391602 676.184814
v -22.046173 -98.080780 593.556641
v 22.046173 -98.080780 593.556641
v -22.046173 -98.080780 593.556641
v 33.069275 -115.105652 482.278778
v 33.069275 -115.105652 482.278778
v -22.046173 -98.080780 593.556641
v -33.069244 -115.105652 482.278778
v -66.493134 82.363434 166.666626
v -66.493134 82.363434 482.278778
v -33.069244 95.105682 166.666626
v -33.069244 95.105682 166.666626
v -66.493134 82.363434 482.278778
v -33.069244 95.105682 482.278778
v -33.069244 95.105682 482.278778
v 0.000000 98.934021 482.278778
v -33.069244 95.105682 166.666626
v -33.069244 95.105682 166.666626
v 0.000000 98.934021 482.278778
v 0.000000 98.934021 166.666626
v 33.069275 95.105652 482.278778
v 66.493134 82.363434 482.278778
v 33.069275 95.105652 166.666626
v 33.069275 95.105652 166.666626
v 66.493134 82.363434 482.278778
v 66.493134 82.363434 166.666626
v 86.576447 58.778538 482.278778
v 96.855499 38.981113 482.278778
v 86.576447 58.778538 166.666626
v 86.576447 58.778538 166.666626
v 96.855499 38.981113 482.278778
v 96.855499 38.981113 166.666626
v 33.069275 -120.105652 333.333344
v -33.069244 -120.105652 333.333344
v 33.069275 -125.105652 166.666626
v 33.069275 -125.105652 166.666626
v -33.069244 -120.105652 333.333344
v -33.069244 -125.105652 166.666626
v 0.000000 98.934021 166.666626
v 0.000000 98.934021 -165.247192
v -33.069244 95.105682 166.666626
v -33.069244 95.105682 166.666626
v 0.000000 98.934021 -165.247192
v -33.069244 95.105682 -165.569153
v 33.069275 95.105652 166.666626
v 66.493134 82.363434 166.666626
v 33.069275 95.105652 -165.502197
v 33.069275 95.105652 -165.502197
v 66.493134 82.363434 166.666626
v 66.493134 82.363434 -165.423828
v 86.576447 58.778538 166.666626
v 96.855499 38.981113 166.666626
v 86.576447 58.778538 -165.710327
v 86.576447 58.778538 -165.710327
v 96.855499 38.981113 166.666626
v 96.855499 38.981113 -166.188477
v 107.311584 -51.617676 85.168427
v 107.245972 -40.223328 90.405212
v 107.311584 -51.617676 166.666626
v 107.245972 -40.223328 90.405212
v 107.245972 -40.223328 106.331116
v 107.311584 -51.617676 166.666626
v 107.245972 -40.223328 106.331116
v 107.225983 -36.745667 110.217773
v 107.311584 -51.617676 166.666626
v 107.225983 -36.745667 110.217773
v 107.187103 -30.000000 160.536163
v 107.311584 -51.617676 166.666626
v 107.311584 -51.617676 166.666626
v 107.187103 -30.000000 160.536163
v 107.014404 0.000000 166.666626
v 107.187103 -30.000000 160.536163
v 107.148254 -23.248642 151.838776
v 107.014404 0.000000 166.666626
v 107.211670 -34.265804 -123.118225
v 107.311584 -51.617676 -150.947327
v 107.187103 -30.000000 -129.417145
v 107.148254 -23.248642 151.838776
v 107.128265 -19.776688 148.245667
v 107.014404 0.000000 166.666626
v 107.014404 0.000000 166.666626
v 107.128265 -19.776688 148.245667
v 107.014404 0.000000 -166.666687
v 107.128265 -19.776688 148.245667
v 107.128265 -19.776688 -114.396698
v 107.014404 0.000000 -166.666687
v 107.128265 -19.776688 -114.396698
v 107.148254 -23.248642 -119.449127
v 107.014404 0.000000 -166.666687
v 107.148254 -23.248642 -119.449127
v 107.187103 -30.000000 -129.417145
v 107.014404 0.000000 -166.666687
v 107.187103 -30.000000 -129.417145
v 107.311584 -51.617676 -150.947327
v 107.014404 0.000000 -166.666687
v 107.311584 -51.617676 -150.947327
v 107.311584 -51.617676 -166.666687
v 107.014404 0.000000 -166.666687
v 86.576447 -103.235352 166.666626
v 33.069275 -125.105652 166.666626
v 86.576447 -103.235352 -166.666687
v 86.576447 -103.235352 -166.666687
v 33.069275 -125.105652 166.666626
v 33.069275 -125.105652 -166.666687
v 33.069275 -125.105652 166.666626
v -33.069244 -125.105652 166.666626
v 33.069275 -125.105652 -166.666687
v 33.069275 -125.105652 -166.666687
v -33.069244 -125.105652 166.666626
v -33.069244 -125.105652 -166.666687
v -33.069244 -125.105652 166.666626
v -86.576447 -103.235336 166.666626
v -33.069244 -125.105652 -166.666687
v -33.069244 -125.105652 -166.666687
v -86.576447 -103.235336 166.666626
v -86.576447 -103.235321 -166.666687
v -107.311584 -51.617661 -150.947296
v -107.311584 -51.617661 -166.666687
v -104.095886 -59.622738 -163.785919
v -107.311584 -51.617661 -166.666687
v -86.576447 -103.235321 -166.666687
v -104.095886 -59.622738 -163.785919
v -104.095886 -59.622738 -163.785919
v -86.576447 -103.235321 -166.666687
v -103.096558 -62.110485 -162.349625
v -107.311584 -51.617676 166.666626
v -107.311584 -51.617676 85.168396
v -86.576447 -103.235336 166.666626
v -107.311584 -51.617676 85.168396
v -90.833710 -92.637329 66.315918
v -86.576447 -103.235336 166.666626
v -86.576447 -103.235336 166.666626
v -90.833710 -92.637329 66.315918
v -86.576447 -103.235321 -166.666687
v -90.833710 -92.637329 66.315918
v -90.833740 -92.637329 -26.315918
v -86.576447 -103.235321 -166.666687
v -90.833740 -92.637329 -26.315918
v -107.311584 -51.617676 -45.168427
v -86.576447 -103.235321 -166.666687
v -107.311584 -51.617676 -45.168427
v -107.311584 -51.617664 -142.661804
v -86.576447 -103.235321 -166.666687
v -103.096558 -62.110485 -162.349625
v -86.576447 -103.235321 -166.666687
v -107.311584 -51.617664 -142.661804
v -96.855499 38.981113 166.666626
v -96.855499 38.981113 -166.188477
v -107.014404 0.000000 166.666626
v -107.014404 0.000000 166.666626
v -96.855499 38.981113 -166.188477
v -107.014404 0.000000 -166.666687
v -87.649994 59.414036 -166.601074
v -86.576447 58.778538 166.666626
v -67.566681 82.998932 -165.719299
v -67.566681 82.998932 -165.719299
v -86.576447 58.778538 166.666626
v -66.493134 82.363434 166.666626
v 86.576447 58.778538 -165.710327
v 96.855499 38.981113 -166.188477
v 86.576447 58.778538 -500.000000
v 86.576447 58.778538 -500.000000
v 96.855499 38.981113 -166.188477
v 96.855499 38.981113 -499.651184
v 33.069275 -125.105652 -166.666687
v -33.069244 -125.105652 -166.666687
v 33.069275 -115.105652 -500.000000
v 33.069275 -115.105652 -500.000000
v -33.069244 -125.105652 -166.666687
v -33.069244 -115.105652 -500.000000
v -96.855499 38.981113 -166.188477
v -96.855499 38.981113 -499.651184
v -107.014404 0.000000 -166.666687
v -107.014404 0.000000 -166.666687
v -96.855499 38.981113 -499.651184
v -107.014404 0.000000 -500.000000
v 33.069275 -115.105652 -500.000000
v -33.069244 -115.105652 -500.000000
v 22.046173 -69.529633 -590.000000
v 22.046173 -69.529633 -590.000000
v -33.069244 -115.105652 -500.000000
v -22.046173 -69.529633 -590.000000
v 15.432312 -11.481628 -698.000000
v -15.432312 -11.481628 -698.000000
v 11.023071 24.449375 -770.000000
v 11.023071 24.449375 -770.000000
v -15.432312 -11.481628 -698.000000
v -11.023071 24.449375 -770.000000
v -53.650238 8.327927 -698.000000
v -65.165863 24.598637 -698.000000
v -28.858795 36.558414 -770.000000
v -28.858795 36.558414 -770.000000
v -65.165863 24.598637 -698.000000
v -35.770508 46.354832 -770.000000
v -28.858826 -31.096878 676.184814
v 0.000000 -50.689728 692.941284
v -19.940948 -25.042358 676.184814
v -11.023071 -18.987839 676.184814
v -19.940948 -25.042358 676.184814
v 0.000000 -50.689728 692.941284
v 11.023071 -18.987839 676.184814
v 0.000000 -18.987839 676.184814
v 0.000000 -50.689728 692.941284
v 0.000000 -18.987839 676.184814
v -11.023071 -18.987839 676.184814
v 0.000000 -50.689728 692.941284
v 28.858826 -31.096893 676.184814
v 19.940948 -25.042358 676.184814
v 0.000000 -50.689728 692.941284
v 19.940948 -25.042358 676.184814
v 11.023071 -18.987839 676.184814
v 0.000000 -50.689728 692.941284
v 35.671448 -50.689728 676.184814
v 32.265137 -40.893311 676.184814
v 0.000000 -50.689728 692.941284
v 32.265137 -40.893311 676.184814
v 28.858826 -31.096893 676.184814
v 0.000000 -50.689728 692.941284
v 11.023071 -82.391602 676.184814
v 28.858826 -70.282570 676.184814
v 0.000000 -50.689728 692.941284
v -11.023071 -82.391602 676.184814
v 11.023071 -82.391602 676.184814
v 0.000000 -50.689728 692.941284
v -28.858795 -70.282562 676.184814
v -11.023071 -82.391602 676.184814
v 0.000000 -50.689728 692.941284
v -35.671448 -50.689728 676.184814
v 0.000000 -50.689728 692.941284
v -32.265137 -40.893311 676.184814
v -28.858826 -31.096878 676.184814
v -32.265137 -40.893311 676.184814
v 0.000000 -50.689728 692.941284
v 28.858826 36.558414 -770.000000
v 11.023071 24.449375 -770.000000
v 0.000000 56.151249 -790.000000
v 11.023071 24.449375 -770.000000
v -11.023071 24.449375 -770.000000
v 0.000000 56.151249 -790.000000
v -11.023071 24.449375 -770.000000
v -28.858795 36.558414 -770.000000
v 0.000000 56.151249 -790.000000
v 22.046173 -69.529633 -590.000000
v -22.046173 -69.529633 -590.000000
v 15.432312 -11.481628 -698.000000
v 15.432312 -11.481628 -698.000000
v -22.046173 -69.529633 -590.000000
v -15.432312 -11.481628 -698.000000
v 33.069275 -115.105652 482.278778
v -33.069244 -115.105652 482.278778
v 33.069275 -117.605652 436.666595
v 33.069275 -117.605652 436.666595
v -33.069244 -115.105652 482.278778
v -33.069244 -117.605652 436.666595
v 33.069275 -107.605652 436.666595
v -33.069244 -107.605652 436.666595
v 6.250366 -107.918152 426.250336
v 6.250366 -107.918152 426.250336
v -33.069244 -107.605652 436.666595
v -6.250366 -107.918152 426.250336
v 33.069275 -107.605652 436.666595
v 6.250366 -107.918152 426.250336
v 33.069275 -108.855652 394.999969
v 6.250366 -107.918152 426.250336
v 6.250366 -108.293167 413.749603
v 33.069275 -108.855652 394.999969
v 33.069275 -108.855652 394.999969
v 6.250366 -108.293167 413.749603
v -33.069244 -108.855652 394.999969
v 6.250366 -108.293167 413.749603
v -6.250366 -108.293167 413.749603
v -33.069244 -108.855652 394.999969
v -33.069244 -107.605652 436.666595
v -33.069244 -108.855652 394.999969
v -6.250366 -107.918152 426.250336
v -6.250366 -108.293167 413.749603
v -6.250366 -107.918152 426.250336
v -33.069244 -108.855652 394.999969
v 33.069275 -118.855652 394.999969
v -33.069244 -118.855652 394.999969
v 33.069275 -120.105652 333.333344
v 33.069275 -120.105652 333.333344
v -33.069244 -118.855652 394.999969
v -33.069244 -120.105652 333.333344
v 33.069275 -117.605652 436.666595
v -33.069244 -117.605652 436.666595
v 33.069275 -107.605652 436.666595
v 33.069275 -107.605652 436.666595
v -33.069244 -117.605652 436.666595
v -33.069244 -107.605652 436.666595
v -33.069244 -118.855652 394.999969
v -33.069244 -108.855652 394.999969
v -33.069244 -117.605652 436.666595
v -33.069244 -117.605652 436.666595
v -33.069244 -108.855652 394.999969
v -33.069244 -107.605652 436.666595
v -33.069244 -118.855652 394.999969
v 33.069275 -118.855652 394.999969
v -33.069244 -108.855652 394.999969
v -33.069244 -108.855652 394.999969
v 33.069275 -118.855652 394.999969
v 33.069275 -108.855652 394.999969
v 33.069275 -118.855652 394.999969
v 33.069275 -117.605652 436.666595
v 33.069275 -108.855652 394.999969
v 33.069275 -108.855652 394.999969
v 33.069275 -117.605652 436.666595
v 33.069275 -107.605652 436.666595
v -96.855499 38.981113 482.278778
v -86.576447 58.778538 482.278778
v -96.855499 38.981113 166.666626
v -96.855499 38.981113 166.666626
v -86.576447 58.778538 482.278778
v -86.576447 58.778538 166.666626
v 0.000000 98.934021 166.666626
v 0.000000 98.934021 482.278778
v 33.069275 95.105652 166.666626
v 33.069275 95.105652 166.666626
v 0.000000 98.934021 482.278778
v 33.069275 95.105652 482.278778
v 0.000000 98.934021 166.666626
v 33.069275 95.105652 166.666626
v 0.000000 98.934021 -165.247192
v 0.000000 98.934021 -165.247192
v 33.069275 95.105652 166.666626
v 33.069275 95.105652 -165.502197
v 66.493134 82.363434 166.666626
v 66.493134 82.363434 482.278778
v 86.576447 58.778538 166.666626
v 86.576447 58.778538 166.666626
v 66.493134 82.363434 482.278778
v 86.576447 58.778538 482.278778
v 66.493134 82.363434 166.666626
v 86.576447 58.778538 166.666626
v 66.493134 82.363434 -165.423828
v 66.493134 82.363434 -165.423828
v 86.576447 58.778538 166.666626
v 86.576447 58.778538 -165.710327
v 96.855499 38.981113 166.666626
v 96.855499 38.981113 482.278778
v 107.014404 0.000000 166.666626
v 107.014404 0.000000 166.666626
v 96.855499 38.981113 482.278778
v 107.014404 0.000000 482.278778
v 96.855499 38.981113 166.666626
v 107.014404 0.000000 166.666626
v 96.855499 38.981113 -166.188477
v 96.855499 38.981113 -166.188477
v 107.014404 0.000000 166.666626
v 107.014404 0.000000 -166.666687
v 96.855499 38.981113 -166.188477
v 107.014404 0.000000 -166.666687
v 96.855499 38.981113 -499.651184
v 96.855499 38.981113 -499.651184
v 107.014404 0.000000 -166.666687
v 107.014404 0.000000 -500.000000
v -86.576447 58.778538 482.278778
v -66.493134 82.363434 482.278778
v -86.576447 58.778538 166.666626
v -86.576447 58.778538 166.666626
v -66.493134 82.363434 482.278778
v -66.493134 82.363434 166.666626
v -107.311584 -51.617676 85.168396
v -107.311584 -51.617676 166.666626
v -107.246033 -40.223328 90.405212
v -107.246033 -40.223328 90.405212
v -107.311584 -51.617676 166.666626
v -107.246033 -40.223328 105.730286
v -107.246033 -40.223328 105.730286
v -107.311584 -51.617676 166.666626
v -107.224548 -36.504639 109.886292
v -107.224548 -36.504639 109.886292
v -107.311584 -51.617676 166.666626
v -107.187134 -30.000000 158.406708
v -107.311584 -51.617676 166.666626
v -107.014404 0.000000 166.666626
v -107.187134 -30.000000 158.406708
v -107.211609 -34.250542 -123.093735
v -107.187134 -30.000000 -129.370117
v -107.311584 -51.617661 -150.947296
v -107.187134 -30.000000 158.406708
v -107.014404 0.000000 166.666626
v -107.149597 -23.489868 150.020111
v -107.149597 -23.489868 150.020111
v -107.014404 0.000000 166.666626
v -107.128235 -19.776688 146.177338
v -107.014404 0.000000 166.666626
v -107.014404 0.000000 -166.666687
v -107.128235 -19.776688 146.177338
v -107.128235 -19.776688 146.177338
v -107.014404 0.000000 -166.666687
v -107.128235 -19.776688 -114.354767
v -107.128235 -19.776688 -114.354767
v -107.014404 0.000000 -166.666687
v -107.149658 -23.489883 -119.758270
v -107.149658 -23.489883 -119.758270
v -107.014404 0.000000 -166.666687
v -107.187134 -30.000000 -129.370117
v -107.187134 -30.000000 -129.370117
v -107.014404 0.000000 -166.666687
v -107.311584 -51.617661 -150.947296
v -107.311584 -51.617661 -150.947296
v -107.014404 0.000000 -166.666687
v -107.311584 -51.617661 -166.666687
v 107.311584 -51.617676 -150.947327
v 104.095886 -59.622738 -163.785919
v 107.311584 -51.617676 -166.666687
v 107.311584 -51.617676 -166.666687
v 104.095886 -59.622738 -163.785919
v 86.576447 -103.235352 -166.666687
v 104.095886 -59.622738 -163.785919
v 103.096558 -62.110485 -162.349625
v 86.576447 -103.235352 -166.666687
v 107.311584 -51.617676 166.666626
v 86.576447 -103.235352 166.666626
v 107.311584 -51.617676 85.168427
v 107.311584 -51.617676 85.168427
v 86.576447 -103.235352 166.666626
v 90.833740 -92.637329 66.315918
v 86.576447 -103.235352 166.666626
v 86.576447 -103.235352 -166.666687
v 90.833740 -92.637329 66.315918
v 90.833740 -92.637329 66.315918
v 86.576447 -103.235352 -166.666687
v 90.833740 -92.637329 -26.315918
v 90.833740 -92.637329 -26.315918
v 86.576447 -103.235352 -166.666687
v 107.311584 -51.617676 -45.168411
v 107.311584 -51.617676 -45.168411
v 86.576447 -103.235352 -166.666687
v 107.311584 -51.617676 -142.661835
v 103.096558 -62.110485 -162.349625
v 107.311584 -51.617676 -142.661835
v 86.576447 -103.235352 -166.666687
v 35.770508 46.354832 -770.000000
v 65.165894 24.598637 -698.000000
v 28.858826 36.558414 -770.000000
v 28.858826 36.558414 -770.000000
v 65.165894 24.598637 -698.000000
v 53.650238 8.327911 -698.000000
v -27.729828 -142.341873 396.328949
v -32.270172 -142.341873 396.328949
v -27.729828 -117.658127 396.328949
v -27.729828 -117.658127 396.328949
v -32.270172 -142.341873 396.328949
v -32.270172 -117.658127 396.328949
v -27.729828 -117.658127 396.328949
v -32.270172 -117.658127 396.328949
v -27.729828 -117.658127 443.670990
v -27.729828 -117.658127 443.670990
v -32.270172 -117.658127 396.328949
v -32.270172 -117.658127 443.670990
v -27.729828 -117.658127 443.670990
v -32.270172 -117.658127 443.670990
v -27.729828 -142.341873 443.670990
v -27.729828 -142.341873 443.670990
v -32.270172 -117.658127 443.670990
v -32.270172 -142.341873 443.670990
v -27.729828 -142.341873 443.670990
v -32.270172 -142.341873 443.670990
v -27.729828 -142.341873 396.328949
v -27.729828 -142.341873 396.328949
v -32.270172 -142.341873 443.670990
v -32.270172 -142.341873 396.328949
v -32.270172 -142.341873 396.328949
v -32.270172 -142.341873 443.670990
v -32.270172 -117.658127 396.328949
v -32.270172 -117.658127 396.328949
v -32.270172 -142.341873 443.670990
v -32.270172 -117.658127 443.670990
v -27.729828 -142.341873 443.670990
v -27.729828 -142.341873 396.328949
v -27.729828 -117.658127 443.670990
v -27.729828 -117.658127 443.670990
v -27.729828 -142.341873 396.328949
v -27.729828 -117.658127 396.328949
v 6.250366 -108.293167 413.749603
v 6.250366 -195.134918 413.749603
v -6.250366 -108.293167 413.749603
v -6.250366 -108.293167 413.749603
v 6.250366 -195.134918 413.749603
v -6.250366 -195.134918 413.749603
v -6.250366 -107.918152 426.250336
v -6.250366 -195.134918 426.250336
v 6.250366 -107.918152 426.250336
v 6.250366 -107.918152 426.250336
v -6.250366 -195.134918 426.250336
v 6.250366 -195.134918 426.250336
v 6.250366 -195.134918 426.250336
v -6.250366 -195.134918 426.250336
v 6.250366 -195.134918 413.749603
v 6.250366 -195.134918 413.749603
v -6.250366 -195.134918 426.250336
v -6.250366 -195.134918 413.749603
v -6.250366 -195.134918 413.749603
v -6.250366 -195.134918 426.250336
v -6.250366 -193.823822 416.176239
v -6.250366 -193.823822 416.176239
v -6.250366 -195.134918 426.250336
v -6.250366 -193.823822 423.823700
v -6.250366 -195.134918 413.749603
v -6.250366 -193.823822 416.176239
v -6.250366 -108.293167 413.749603
v -6.250366 -193.823822 416.176239
v -6.250366 -186.176239 416.176239
v -6.250366 -108.293167 413.749603
v -6.250366 -195.134918 426.250336
v -6.250366 -107.918152 426.250336
v -6.250366 -193.823822 423.823700
v -6.250366 -193.823822 423.823700
v -6.250366 -107.918152 426.250336
v -6.250366 -186.176239 423.823700
v -6.250366 -107.918152 426.250336
v -6.250366 -108.293167 413.749603
v -6.250366 -186.176239 423.823700
v -6.250366 -108.293167 413.749603
v -6.250366 -186.176239 416.176239
v -6.250366 -186.176239 423.823700
v 6.250366 -107.918152 426.250336
v 6.250366 -195.134918 426.250336
v 6.250366 -108.293167 413.749603
v 6.250366 -108.293167 413.749603
v 6.250366 -195.134918 426.250336
v 6.250366 -186.176239 423.823700
v 6.250366 -186.176239 423.823700
v 6.250366 -195.134918 426.250336
v 6.250366 -193.823822 423.823700
v 6.250366 -195.134918 426.250336
v 6.250366 -195.134918 413.749603
v 6.250366 -193.823822 423.823700
v 6.250366 -193.823822 423.823700
v 6.250366 -195.134918 413.749603
v 6.250366 -193.823822 416.176239
v 6.250366 -195.134918 413.749603
v 6.250366 -108.293167 413.749603
v 6.250366 -193.823822 416.176239
v 6.250366 -193.823822 416.176239
v 6.250366 -108.293167 413.749603
v 6.250366 -186.176239 416.176239
v 6.250366 -108.293167 413.749603
v 6.250366 -186.176239 423.823700
v 6.250366 -186.176239 416.176239
v 68.042419 43.286045 -670.841675
v 63.909485 40.869328 -698.000000
v 65.218140 43.286045 -685.430115
v 65.218140 43.286045 -685.430115
v 63.909485 40.869328 -698.000000
v 62.393738 47.126286 -690.785767
v 62.393738 47.126286 -690.785767
v 63.909485 40.869328 -698.000000
v 62.358643 47.176670 -690.845581
v 63.909485 40.869328 -698.000000
v 52.276855 65.860016 -698.000000
v 62.358643 47.176670 -690.845581
v 62.358643 47.176670 -690.845581
v 52.276855 65.860016 -698.000000
v 62.348541 47.226353 -690.778381
v 62.348541 47.226353 -690.778381
v 52.276855 65.860016 -698.000000
v 61.721924 51.067295 -684.780151
v 78.527283 49.417057 -601.943604
v 77.406219 51.067295 -603.766663
v 80.344849 50.479893 -590.000000
v 80.344849 50.479893 -590.000000
v 77.406219 51.067295 -603.766663
v 52.276855 65.860016 -698.000000
v 52.276855 65.860016 -698.000000
v 77.406219 51.067295 -603.766663
v 61.721924 51.067295 -684.780151
v 63.909485 40.869328 -698.000000
v 68.042419 43.286045 -670.841675
v 92.837189 14.818481 -590.000000
v 78.527283 49.417057 -601.943604
v 80.344849 50.479893 -590.000000
v 79.607697 47.492588 -599.727905
v 80.344849 50.479893 -590.000000
v 92.837189 14.818481 -590.000000
v 79.607697 47.492588 -599.727905
v 79.607697 47.492588 -599.727905
v 92.837189 14.818481 -590.000000
v 79.706909 47.176670 -599.790344
v 79.706909 47.176670 -599.790344
v 92.837189 14.818481 -590.000000
v 79.814362 46.857578 -599.813965
v 79.814362 46.857578 -599.813965
v 92.837189 14.818481 -590.000000
v 80.142578 43.286045 -604.847473
v 92.837189 14.818481 -590.000000
v 68.042419 43.286045 -670.841675
v 80.142578 43.286045 -604.847473
v 77.406219 51.067295 -603.766663
v 311.358521 51.067295 -696.173767
v 61.721924 51.067295 -684.780151
v 61.721924 51.067295 -684.780151
v 311.358521 51.067295 -696.173767
v 311.358521 51.067295 -731.185547
v 80.142578 43.286045 -604.847473
v 68.042419 43.286045 -670.841675
v 311.358521 43.286045 -696.173767
v 311.358521 43.286045 -731.185547
v 311.358521 43.286045 -696.173767
v 65.218140 43.286045 -685.430115
v 65.218140 43.286045 -685.430115
v 311.358521 43.286045 -696.173767
v 68.042419 43.286045 -670.841675
v 312.418457 47.176670 -736.495483
v 311.358521 51.067295 -731.185547
v 312.418457 47.176670 -696.875061
v 312.418457 47.176670 -696.875061
v 311.358521 51.067295 -731.185547
v 311.358521 51.067295 -696.173767
v 312.418457 47.176670 -736.495483
v 312.418457 47.176670 -696.875061
v 311.358521 43.286045 -731.185547
v 311.358521 43.286045 -731.185547
v 312.418457 47.176670 -696.875061
v 311.358521 43.286045 -696.173767
v 62.393738 47.126286 -690.785767
v 311.358521 43.286045 -731.185547
v 65.218140 43.286045 -685.430115
v 62.358643 47.176670 -690.845581
v 312.418457 47.176670 -736.495483
v 62.393738 47.126286 -690.785767
v 312.418457 47.176670 -736.495483
v 311.358521 43.286045 -731.185547
v 62.393738 47.126286 -690.785767
v 80.142578 43.286045 -604.847473
v 311.358521 43.286045 -696.173767
v 79.814362 46.857578 -599.813965
v 79.706909 47.176670 -599.790344
v 79.814362 46.857578 -599.813965
v 312.418457 47.176670 -696.875061
v 79.814362 46.857578 -599.813965
v 311.358521 43.286045 -696.173767
v 312.418457 47.176670 -696.875061
v 77.406219 51.067295 -603.766663
v 78.527283 49.417057 -601.943604
v 311.358521 51.067295 -696.173767
v 79.607697 47.492588 -599.727905
v 311.358521 51.067295 -696.173767
v 78.527283 49.417057 -601.943604
v 79.607697 47.492588 -599.727905
v 79.706909 47.176670 -599.790344
v 311.358521 51.067295 -696.173767
v 79.706909 47.176670 -599.790344
v 312.418457 47.176670 -696.875061
v 311.358521 51.067295 -696.173767
v 61.721924 51.067295 -684.780151
v 311.358521 51.067295 -731.185547
v 62.348541 47.226353 -690.778381
v 62.348541 47.226353 -690.778381
v 311.358521 51.067295 -731.185547
v 62.358643 47.176670 -690.845581
v 311.358521 51.067295 -731.185547
v 312.418457 47.176670 -736.495483
v 62.358643 47.176670 -690.845581
v 490.412231 -32.728062 -250.978455
v 490.412231 -30.371735 -253.896484
v 490.412231 -50.670692 -277.226990
v 490.412231 -30.371735 -253.896484
v 490.412231 -30.340790 -255.778870
v 490.412231 -50.670692 -277.226990
v 490.412231 -30.340790 -255.778870
v 490.412231 -69.659203 -308.929443
v 490.412231 -50.670692 -277.226990
v 490.412231 -40.223328 -158.008759
v 490.412231 -40.223328 -240.225098
v 490.412231 -44.461090 -158.008759
v 490.412231 -50.670692 -277.226990
v 490.412231 -69.659203 -308.929443
v 490.412231 -53.175915 -275.693268
v 490.412231 -69.659203 -308.929443
v 490.412231 -44.461090 -158.008759
v 490.412231 -53.175915 -275.693268
v 490.412231 -36.699459 -245.631805
v 490.412231 -53.175915 -275.693268
v 490.412231 -38.529358 -242.824158
v 490.412231 -44.461090 -158.008759
v 490.412231 -40.223328 -240.225098
v 490.412231 -53.175915 -275.693268
v 490.412231 -40.223328 -240.225098
v 490.412231 -39.183685 -241.820221
v 490.412231 -53.175915 -275.693268
v 490.412231 -39.183685 -241.820221
v 490.412231 -38.529358 -242.824158
v 490.412231 -53.175915 -275.693268
v 496.167114 -32.729378 -253.472290
v 496.167114 -50.627602 -279.655853
v 496.167114 -30.592285 -256.118835
v 496.167114 -30.592285 -256.118835
v 496.167114 -50.627602 -279.655853
v 496.167114 -69.659203 -308.929443
v 496.167114 -50.627602 -279.655853
v 496.167114 -53.132824 -278.122162
v 496.167114 -69.659203 -308.929443
v 496.167114 -69.659203 -308.929443
v 496.167114 -53.132824 -278.122162
v 496.167114 -44.461090 -158.008759
v 496.167114 -40.223328 -158.008759
v 496.167114 -44.461090 -158.008759
v 496.167114 -40.223328 -242.751282
v 496.167114 -36.705025 -248.149445
v 496.167114 -38.564728 -245.296082
v 496.167114 -53.132824 -278.122162
v 496.167114 -44.461090 -158.008759
v 496.167114 -53.132824 -278.122162
v 496.167114 -40.223328 -242.751282
v 496.167114 -40.223328 -242.751282
v 496.167114 -53.132824 -278.122162
v 496.167114 -39.205383 -244.313110
v 496.167114 -53.132824 -278.122162
v 496.167114 -38.564728 -245.296082
v 496.167114 -39.205383 -244.313110
v 490.412231 -44.461090 -158.008759
v 490.412231 -69.659203 -308.929443
v 496.167114 -44.461090 -158.008759
v 496.167114 -44.461090 -158.008759
v 490.412231 -69.659203 -308.929443
v 496.167114 -69.659203 -308.929443
v 490.412231 -40.223328 -158.008759
v 490.412231 -44.461090 -158.008759
v 496.167114 -40.223328 -158.008759
v 496.167114 -40.223328 -158.008759
v 490.412231 -44.461090 -158.008759
v 496.167114 -44.461090 -158.008759
v 494.664917 -30.340790 -255.778870
v 490.412231 -30.340790 -255.778870
v 490.412231 -30.371735 -253.896484
v 496.167114 -69.659203 -308.929443
v 490.412231 -69.659203 -308.929443
v 496.167114 -30.592285 -256.118835
v 490.412231 -30.340790 -255.778870
v 494.664917 -30.340790 -255.778870
v 490.412231 -69.659203 -308.929443
v 496.167114 -30.592285 -256.118835
v 490.412231 -69.659203 -308.929443
v 494.664917 -30.340790 -255.778870
v 490.412231 -39.183685 -241.820221
v 490.412231 -40.223328 -240.225098
v 267.345154 -38.342407 -145.191193
v 267.345154 -38.342407 -145.191193
v 490.412231 -40.223328 -240.225098
v 267.345154 -40.223328 -142.305298
v 490.412231 -39.183685 -241.820221
v 267.345154 -38.342407 -145.191193
v 490.412231 -38.529358 -242.824158
v 490.412231 -38.529358 -242.824158
v 267.345154 -38.342407 -145.191193
v 259.234314 -37.108780 -143.523560
v 496.167114 -36.705025 -248.149445
v 575.254639 -36.781624 -282.748962
v 496.167114 -38.564728 -245.296082
v 496.167114 -38.564728 -245.296082
v 575.254639 -36.781624 -282.748962
v 766.077454 -40.223328 -361.233826
v 575.254639 -36.781624 -282.748962
v 600.451477 -36.764488 -293.696411
v 766.077454 -40.223328 -361.233826
v 496.167114 -32.729378 -253.472290
v 496.167114 -30.592285 -256.118835
v 599.304138 -32.753181 -298.166412
v 600.451477 -36.764488 -293.696411
v 599.304138 -32.753181 -298.166412
v 766.077454 -40.223328 -361.233826
v 490.412231 -32.728062 -250.978455
v 348.694641 -32.695358 -189.565552
v 490.412231 -30.371735 -253.896484
v 766.077454 -40.223328 -361.233826
v 599.304138 -32.753181 -298.166412
v 769.058167 -30.000000 -375.186768
v 496.167114 -30.592285 -256.118835
v 494.664917 -30.340790 -255.778870
v 599.304138 -32.753181 -298.166412
v 599.304138 -32.753181 -298.166412
v 494.664917 -30.340790 -255.778870
v 769.058167 -30.000000 -375.186768
v 769.058167 -30.000000 -375.186768
v 494.664917 -30.340790 -255.778870
v 199.253052 -30.000000 -128.100677
v 494.664917 -30.340790 -255.778870
v 490.412231 -30.371735 -253.896484
v 199.253052 -30.000000 -128.100677
v 490.412231 -30.371735 -253.896484
v 348.694641 -32.695358 -189.565552
v 199.253052 -30.000000 -128.100677
v 348.694641 -32.695358 -189.565552
v 210.533630 -32.420597 -129.338593
v 199.253052 -30.000000 -128.100677
v 490.412231 -36.699459 -245.631805
v 490.412231 -38.529358 -242.824158
v 352.363770 -36.565750 -185.237793
v 490.412231 -38.529358 -242.824158
v 259.234314 -37.108780 -143.523560
v 352.363770 -36.565750 -185.237793
v 352.363770 -36.565750 -185.237793
v 259.234314 -37.108780 -143.523560
v 210.799194 -33.265282 -128.159149
v 259.234314 -37.108780 -143.523560
v 259.234314 -40.223328 -138.744873
v 210.799194 -33.265282 -128.159149
v 199.253052 -30.000000 -128.100677
v 210.533630 -32.420597 -129.338593
v 201.041504 -40.223328 -113.199997
v 210.533630 -32.420597 -129.338593
v 210.799194 -33.265282 -128.159149
v 201.041504 -40.223328 -113.199997
v 259.234314 -40.223328 -138.744873
v 201.041504 -40.223328 -113.199997
v 210.799194 -33.265282 -128.159149
v 496.167114 -39.205383 -244.313110
v 496.167114 -38.564728 -245.296082
v 766.077454 -40.223328 -361.233826
v 496.167114 -40.223328 -242.751282
v 496.167114 -39.205383 -244.313110
v 766.077454 -40.223328 -361.233826
v 766.077454 -19.776672 -361.233826
v 201.041504 -19.776688 -113.199997
v 766.077454 -19.776672 -269.233826
v 766.077454 -19.776672 -269.233826
v 201.041504 -19.776688 -113.199997
v 201.041504 -19.776688 89.199982
v 201.041504 -40.223328 89.199982
v 201.041504 -40.223328 -113.199997
v 215.729858 -40.223328 79.882324
v 215.729858 -40.223328 79.882324
v 201.041504 -40.223328 -113.199997
v 215.729858 -40.223328 25.051285
v 215.729858 -40.223328 25.051285
v 201.041504 -40.223328 -113.199997
v 219.458923 -40.223328 20.745850
v 259.234314 -40.223328 -138.744873
v 259.234314 -40.223328 2.814590
v 201.041504 -40.223328 -113.199997
v 201.041504 -40.223328 -113.199997
v 259.234314 -40.223328 2.814590
v 219.458923 -40.223328 20.745850
v 219.458923 -40.223328 20.745850
v 259.234314 -40.223328 2.814590
v 247.120483 -40.223328 20.745850
v 490.412231 -40.223328 -240.225098
v 490.412231 -40.223328 -158.008759
v 267.345154 -40.223328 -142.305298
v 267.345154 -40.223328 -142.305298
v 490.412231 -40.223328 -158.008759
v 267.345154 -40.223328 2.814590
v 247.120483 -40.223328 20.745850
v 259.234314 -40.223328 2.814590
v 250.849548 -40.223328 25.051285
v 259.234314 -40.223328 2.814590
v 267.345154 -40.223328 2.814590
v 250.849548 -40.223328 25.051285
v 250.849548 -40.223328 57.603973
v 250.849548 -40.223328 25.051285
v 766.077454 -40.223328 -269.233826
v 250.849548 -40.223328 25.051285
v 267.345154 -40.223328 2.814590
v 766.077454 -40.223328 -269.233826
v 766.077454 -40.223328 -361.233826
v 766.077454 -40.223328 -269.233826
v 496.167114 -40.223328 -242.751282
v 496.167114 -40.223328 -242.751282
v 766.077454 -40.223328 -269.233826
v 496.167114 -40.223328 -158.008759
v 766.077454 -40.223328 -269.233826
v 267.345154 -40.223328 2.814590
v 496.167114 -40.223328 -158.008759
v 267.345154 -40.223328 2.814590
v 490.412231 -40.223328 -158.008759
v 496.167114 -40.223328 -158.008759
v 784.922668 -50.001694 -375.186768
v 784.922668 -50.001694 -271.076660
v 781.941956 -53.742767 -361.233826
v 781.941956 -53.742767 -361.233826
v 784.922668 -50.001694 -271.076660
v 781.941956 -53.742767 -269.233826
v 769.058167 -30.000000 -375.186768
v 766.077454 -19.776672 -361.233826
v 769.058167 -30.000000 -271.076660
v 769.058167 -30.000000 -271.076660
v 766.077454 -19.776672 -361.233826
v 766.077454 -19.776672 -269.233826
v 766.077454 -40.223328 -361.233826
v 781.941956 -53.742767 -361.233826
v 766.077454 -40.223328 -269.233826
v 766.077454 -40.223328 -269.233826
v 781.941956 -53.742767 -361.233826
v 781.941956 -53.742767 -269.233826
v 769.058167 -30.000000 -271.076660
v 784.922668 -50.001694 -271.076660
v 769.058167 -30.000000 -375.186768
v 769.058167 -30.000000 -375.186768
v 784.922668 -50.001694 -271.076660
v 784.922668 -50.001694 -375.186768
v 117.039307 -40.223328 -50.405212
v 107.246002 -40.223328 -50.405212
v 117.039307 -40.223328 -57.774261
v 107.246002 -40.223328 -50.405212
v 107.246002 -40.223328 -114.395203
v 117.039307 -40.223328 -57.774261
v 107.246002 -40.223328 -114.395203
v 201.041504 -40.223328 -113.199997
v 117.039307 -40.223328 -57.774261
v 117.039307 -40.223328 -57.774261
v 201.041504 -40.223328 -113.199997
v 129.540100 -40.223328 -57.774261
v 107.245972 -40.223328 90.405212
v 144.384033 -40.223328 90.405212
v 107.245972 -40.223328 106.331116
v 107.245972 -40.223328 106.331116
v 144.384033 -40.223328 90.405212
v 201.041504 -40.223328 89.199982
v 144.384033 -40.223328 90.405212
v 144.384033 -40.223328 -50.405212
v 201.041504 -40.223328 89.199982
v 129.540100 -40.223328 -50.405212
v 129.540100 -40.223328 -57.774261
v 144.384033 -40.223328 -50.405212
v 129.540100 -40.223328 -57.774261
v 201.041504 -40.223328 -113.199997
v 144.384033 -40.223328 -50.405212
v 201.041504 -40.223328 -113.199997
v 201.041504 -40.223328 89.199982
v 144.384033 -40.223328 -50.405212
v 107.128265 -19.776688 148.245667
v 201.041504 -19.776688 89.199982
v 107.128265 -19.776688 -114.396698
v 107.128265 -19.776688 -114.396698
v 201.041504 -19.776688 89.199982
v 201.041504 -19.776688 -113.199997
v 267.345154 -75.891434 -195.949890
v 259.234314 -75.891434 -195.949890
v 267.345154 -38.342407 -145.191193
v 267.345154 -38.342407 -145.191193
v 259.234314 -75.891434 -195.949890
v 259.234314 -37.108780 -143.523560
v 259.234314 -40.223328 2.814590
v 259.234314 -42.705170 2.814590
v 267.345154 -40.223328 2.814590
v 267.345154 -40.223328 2.814590
v 259.234314 -42.705170 2.814590
v 267.345154 -42.705170 2.814590
v 259.234314 -42.705170 2.814590
v 259.234314 -75.891434 -195.949890
v 267.345154 -42.705170 2.814590
v 267.345154 -42.705170 2.814590
v 259.234314 -75.891434 -195.949890
v 267.345154 -75.891434 -195.949890
v 267.345154 -40.223328 2.814590
v 267.345154 -42.705170 2.814590
v 267.345154 -40.223328 -142.305298
v 267.345154 -38.342407 -145.191193
v 267.345154 -40.223328 -142.305298
v 267.345154 -75.891434 -195.949890
v 267.345154 -40.223328 -142.305298
v 267.345154 -42.705170 2.814590
v 267.345154 -75.891434 -195.949890
v 259.234314 -40.223328 2.814590
v 259.234314 -40.223328 -138.744873
v 259.234314 -42.705170 2.814590
v 259.234314 -37.108780 -143.523560
v 259.234314 -75.891434 -195.949890
v 259.234314 -40.223328 -138.744873
v 259.234314 -75.891434 -195.949890
v 259.234314 -42.705170 2.814590
v 259.234314 -40.223328 -138.744873
v 201.041504 -19.776688 -113.199997
v 199.253052 -30.000000 -128.100677
v 107.128265 -19.776688 -114.396698
v 107.128265 -19.776688 -114.396698
v 199.253052 -30.000000 -128.100677
v 107.148254 -23.248642 -119.449127
v 107.148254 -23.248642 -119.449127
v 199.253052 -30.000000 -128.100677
v 107.187103 -30.000000 -129.417145
v 143.345520 -34.098068 -122.849205
v 199.253052 -30.000000 -128.100677
v 186.557739 -33.918072 -122.560524
v 199.253052 -30.000000 -128.100677
v 201.041504 -40.223328 -113.199997
v 186.557739 -33.918072 -122.560524
v 186.557739 -33.918072 -122.560524
v 201.041504 -40.223328 -113.199997
v 186.557739 -37.852730 -116.834473
v 201.041504 -40.223328 -113.199997
v 107.246002 -40.223328 -114.395203
v 186.557739 -37.852730 -116.834473
v 186.557739 -37.852730 -116.834473
v 107.246002 -40.223328 -114.395203
v 107.234070 -38.156120 -117.403725
v 107.211670 -34.265804 -123.118225
v 107.187103 -30.000000 -129.417145
v 143.345520 -34.098068 -122.849205
v 143.345520 -34.098068 -122.849205
v 107.187103 -30.000000 -129.417145
v 199.253052 -30.000000 -128.100677
v 107.225983 -36.745667 110.217773
v 199.253052 -30.000000 100.941528
v 107.187103 -30.000000 160.536163
v 201.041504 -40.223328 89.199982
v 199.253052 -30.000000 100.941528
v 107.245972 -40.223328 106.331116
v 107.245972 -40.223328 106.331116
v 199.253052 -30.000000 100.941528
v 107.225983 -36.745667 110.217773
v 107.148254 -23.248642 151.838776
v 199.253052 -30.000000 100.941528
v 107.128265 -19.776688 148.245667
v 107.128265 -19.776688 148.245667
v 199.253052 -30.000000 100.941528
v 201.041504 -19.776688 89.199982
v 107.187103 -30.000000 160.536163
v 199.253052 -30.000000 100.941528
v 107.148254 -23.248642 151.838776
v -90.833740 -92.637329 -26.315918
v -142.637329 -92.637329 -26.315918
v -107.311584 -51.617676 -45.168427
v -113.749573 -40.223328 -50.405212
v -107.246033 -40.223328 -50.405212
v -113.749573 -47.882889 -46.884903
v -107.246033 -40.223328 -50.405212
v -107.311584 -51.617676 -45.168427
v -113.749573 -47.882889 -46.884903
v -107.311584 -51.617676 -45.168427
v -142.637329 -92.637329 -26.315918
v -113.749573 -47.882889 -46.884903
v -113.749573 -47.882889 -46.884903
v -142.637329 -92.637329 -26.315918
v -126.250427 -47.882874 -46.884903
v -142.637329 -40.223328 -50.405212
v -126.250427 -40.223328 -50.405212
v -142.637329 -92.637329 -26.315918
v -142.637329 -92.637329 -26.315918
v -126.250427 -40.223328 -50.405212
v -126.250427 -47.882874 -46.884903
v -90.833710 -92.637329 66.315918
v -107.311584 -51.617676 85.168396
v -142.637329 -92.637329 66.315918
v -107.246033 -40.223328 90.405212
v -142.637329 -40.223328 90.405212
v -107.311584 -51.617676 85.168396
v -142.637329 -40.223328 90.405212
v -142.637329 -92.637329 66.315918
v -107.311584 -51.617676 85.168396
v -90.833710 -92.637329 66.315918
v -142.637329 -92.637329 66.315918
v -90.833740 -92.637329 -26.315918
v -90.833740 -92.637329 -26.315918
v -142.637329 -92.637329 66.315918
v -142.637329 -92.637329 -26.315918
v -142.637329 -40.223328 -50.405212
v -142.637329 -92.637329 -26.315918
v -142.637329 -40.223328 90.405212
v -142.637329 -40.223328 90.405212
v -142.637329 -92.637329 -26.315918
v -142.637329 -92.637329 66.315918
v 144.384033 -40.223328 -50.405212
v 144.384033 -40.223328 90.405212
v 144.384033 -92.637329 -26.315918
v 144.384033 -92.637329 -26.315918
v 144.384033 -40.223328 90.405212
v 144.384033 -92.637329 66.315918
v 90.833740 -92.637329 66.315918
v 90.833740 -92.637329 -26.315918
v 144.384033 -92.637329 66.315918
v 144.384033 -92.637329 66.315918
v 90.833740 -92.637329 -26.315918
v 144.384033 -92.637329 -26.315918
v 90.833740 -92.637329 66.315918
v 144.384033 -92.637329 66.315918
v 107.311584 -51.617676 85.168427
v 144.384033 -40.223328 90.405212
v 107.245972 -40.223328 90.405212
v 144.384033 -92.637329 66.315918
v 107.311584 -51.617676 85.168427
v 144.384033 -92.637329 66.315918
v 107.245972 -40.223328 90.405212
v 90.833740 -92.637329 -26.315918
v 107.311584 -51.617676 -45.168411
v 144.384033 -92.637329 -26.315918
v 129.540100 -40.223328 -50.405212
v 144.384033 -40.223328 -50.405212
v 129.540100 -47.882889 -46.884903
v 144.384033 -40.223328 -50.405212
v 144.384033 -92.637329 -26.315918
v 129.540100 -47.882889 -46.884903
v 107.246002 -40.223328 -50.405212
v 117.039307 -40.223328 -50.405212
v 107.311584 -51.617676 -45.168411
v 117.039307 -40.223328 -50.405212
v 117.039307 -47.882889 -46.884903
v 107.311584 -51.617676 -45.168411
v 107.311584 -51.617676 -45.168411
v 117.039307 -47.882889 -46.884903
v 144.384033 -92.637329 -26.315918
v 129.540100 -47.882889 -46.884903
v 144.384033 -92.637329 -26.315918
v 117.039307 -47.882889 -46.884903
v 129.540100 -173.749619 -93.552521
v 117.039307 -173.749619 -93.552521
v 129.540100 -40.223328 -57.774261
v 129.540100 -40.223328 -57.774261
v 117.039307 -173.749619 -93.552521
v 117.039307 -40.223328 -57.774261
v 117.039307 -47.882889 -46.884903
v 117.039307 -198.302887 -87.189819
v 129.540100 -47.882889 -46.884903
v 129.540100 -47.882889 -46.884903
v 117.039307 -198.302887 -87.189819
v 129.540100 -198.302887 -87.189819
v 117.039307 -198.302887 -87.189819
v 117.039307 -195.067474 -99.264618
v 129.540100 -198.302887 -87.189819
v 129.540100 -198.302887 -87.189819
v 117.039307 -195.067474 -99.264618
v 129.540100 -195.067474 -99.264618
v 129.540100 -173.749619 -93.552521
v 129.540100 -40.223328 -57.774261
v 129.540100 -173.749619 -85.847198
v 129.540100 -195.067474 -99.264618
v 129.540100 -186.250381 -96.902084
v 129.540100 -198.302887 -87.189819
v 129.540100 -186.250381 -96.902084
v 129.540100 -186.250381 -85.847198
v 129.540100 -198.302887 -87.189819
v 129.540100 -198.302887 -87.189819
v 129.540100 -186.250381 -85.847198
v 129.540100 -47.882889 -46.884903
v 129.540100 -186.250381 -85.847198
v 129.540100 -173.749619 -85.847198
v 129.540100 -47.882889 -46.884903
v 129.540100 -40.223328 -57.774261
v 129.540100 -40.223328 -50.405212
v 129.540100 -173.749619 -85.847198
v 129.540100 -173.749619 -85.847198
v 129.540100 -40.223328 -50.405212
v 129.540100 -47.882889 -46.884903
v 117.039307 -173.749619 -93.552521
v 117.039307 -173.749619 -85.847198
v 117.039307 -40.223328 -57.774261
v 117.039307 -195.067474 -99.264618
v 117.039307 -198.302887 -87.189819
v 117.039307 -186.250381 -96.902084
v 117.039307 -186.250381 -96.902084
v 117.039307 -198.302887 -87.189819
v 117.039307 -186.250381 -85.847198
v 117.039307 -198.302887 -87.189819
v 117.039307 -47.882889 -46.884903
v 117.039307 -186.250381 -85.847198
v 117.039307 -186.250381 -85.847198
v 117.039307 -47.882889 -46.884903
v 117.039307 -173.749619 -85.847198
v 117.039307 -40.223328 -57.774261
v 117.039307 -173.749619 -85.847198
v 117.039307 -40.223328 -50.405212
v 117.039307 -173.749619 -85.847198
v 117.039307 -47.882889 -46.884903
v 117.039307 -40.223328 -50.405212
v 117.039307 -186.250381 -96.902084
v 129.540100 -186.250381 -96.902084
v 117.039307 -195.067474 -99.264618
v 117.039307 -195.067474 -99.264618
v 129.540100 -186.250381 -96.902084
v 129.540100 -195.067474 -99.264618
v 102.161316 -173.749619 -98.347954
v 144.418091 -173.749619 -98.347954
v 102.161316 -186.250381 -98.347954
v 102.161316 -186.250381 -98.347954
v 144.418091 -173.749619 -98.347954
v 144.418091 -186.250381 -98.347954
v 144.418091 -173.749619 -98.347954
v 144.418091 -173.749619 -85.847198
v 144.418091 -186.250381 -98.347954
v 144.418091 -186.250381 -98.347954
v 144.418091 -173.749619 -85.847198
v 144.418091 -186.250381 -85.847198
v 117.039307 -173.749619 -85.847198
v 102.161316 -173.749619 -85.847198
v 117.039307 -186.250381 -85.847198
v 117.039307 -186.250381 -85.847198
v 102.161316 -173.749619 -85.847198
v 102.161316 -186.250381 -85.847198
v 102.161316 -173.749619 -85.847198
v 102.161316 -173.749619 -98.347954
v 102.161316 -186.250381 -85.847198
v 102.161316 -186.250381 -85.847198
v 102.161316 -173.749619 -98.347954
v 102.161316 -186.250381 -98.347954
v 117.039307 -186.250381 -85.847198
v 102.161316 -186.250381 -85.847198
v 117.039307 -186.250381 -96.902084
v 102.161316 -186.250381 -85.847198
v 102.161316 -186.250381 -98.347954
v 117.039307 -186.250381 -96.902084
v 102.161316 -186.250381 -98.347954
v 144.418091 -186.250381 -98.347954
v 117.039307 -186.250381 -96.902084
v 117.039307 -186.250381 -96.902084
v 144.418091 -186.250381 -98.347954
v 129.540100 -186.250381 -96.902084
v 144.418091 -186.250381 -98.347954
v 144.418091 -186.250381 -85.847198
v 129.540100 -186.250381 -96.902084
v 144.418091 -186.250381 -85.847198
v 129.540100 -186.250381 -85.847198
v 129.540100 -186.250381 -96.902084
v 129.540100 -173.749619 -85.847198
v 144.418091 -173.749619 -85.847198
v 129.540100 -173.749619 -93.552521
v 144.418091 -173.749619 -85.847198
v 144.418091 -173.749619 -98.347954
v 129.540100 -173.749619 -93.552521
v 144.418091 -173.749619 -98.347954
v 102.161316 -173.749619 -98.347954
v 129.540100 -173.749619 -93.552521
v 129.540100 -173.749619 -93.552521
v 102.161316 -173.749619 -98.347954
v 117.039307 -173.749619 -93.552521
v 102.161316 -173.749619 -98.347954
v 102.161316 -173.749619 -85.847198
v 117.039307 -173.749619 -93.552521
v 102.161316 -173.749619 -85.847198
v 117.039307 -173.749619 -85.847198
v 117.039307 -173.749619 -93.552521
v 129.540100 -186.250381 -85.847198
v 144.418091 -186.250381 -85.847198
v 129.540100 -173.749619 -85.847198
v 129.540100 -173.749619 -85.847198
v 144.418091 -186.250381 -85.847198
v 144.418091 -173.749619 -85.847198
v -107.311584 -51.617676 -45.168427
v -107.246033 -40.223328 -50.405212
v -107.311584 -51.617664 -142.661804
v -107.234009 -38.143539 -117.380127
v -107.311584 -51.617664 -142.661804
v -107.246033 -40.223328 -114.353271
v -107.311584 -51.617664 -142.661804
v -107.246033 -40.223328 -50.405212
v -107.246033 -40.223328 -114.353271
v -103.096558 -62.110485 -162.349625
v -183.268005 -62.110485 -162.349625
v -104.095886 -59.622738 -163.785919
v -104.095886 -59.622738 -163.785919
v -183.268005 -62.110485 -162.349625
v -183.268005 -59.622738 -163.785919
v -104.095886 -59.622738 -163.785919
v -183.268005 -59.622738 -163.785919
v -107.311584 -51.617661 -150.947296
v -183.268005 -59.622738 -163.785919
v -183.268005 -33.918072 -122.560524
v -107.311584 -51.617661 -150.947296
v -183.268005 -33.918072 -122.560524
v -140.055847 -34.098072 -122.849213
v -107.311584 -51.617661 -150.947296
v -140.055847 -34.098072 -122.849213
v -107.211609 -34.250542 -123.093735
v -107.311584 -51.617661 -150.947296
v -103.096558 -62.110485 -162.349625
v -107.311584 -51.617664 -142.661804
v -183.268005 -62.110485 -162.349625
v -183.268005 -62.110485 -162.349625
v -107.311584 -51.617664 -142.661804
v -183.268005 -37.852726 -116.834465
v -107.234009 -38.143539 -117.380127
v -183.268005 -37.852726 -116.834465
v -107.311584 -51.617664 -142.661804
v -183.268005 -59.622738 -163.785919
v -183.268005 -62.110485 -162.349625
v -183.268005 -33.918072 -122.560524
v -183.268005 -33.918072 -122.560524
v -183.268005 -62.110485 -162.349625
v -183.268005 -37.852726 -116.834465
v -107.311584 -51.617676 166.666626
v -106.696838 -38.281525 482.278778
v -107.014404 0.000000 166.666626
v -107.014404 0.000000 166.666626
v -106.696838 -38.281525 482.278778
v -107.014404 0.000000 482.278778
vn -0.3354 -0.4919 -0.8035
vn -0.2374 0.8020 -0.5482
vn 0.9804 0.1706 -0.0986
vn 0.2050 -0.8583 0.4704
vn -0.9804 -0.1706 0.0986
vn 0.3354 0.4919 0.8035
vn 0.6651 -0.5275 -0.5286
vn 0.6136 -0.7200 -0.3241
vn -0.1626 0.1289 0.9782
vn -0.2333 0.2738 0.9331
vn 0.2628 0.7507 -0.6062
vn 0.2331 0.8147 -0.5310
vn -0.4133 0.6547 0.6330
vn -0.5357 0.0040 0.8444
vn -0.5467 -0.0085 0.8373
vn -0.3990 -0.6624 0.6340
vn -0.3191 -0.7984 0.5106
vn -0.4719 -0.5763 0.6672
vn -0.4029 -0.6590 0.6351
vn -0.4662 0.6867 0.5578
vn -0.3934 0.7274 0.5623
vn 0.0573 0.8046 0.5911
vn -0.0000 0.8112 0.5848
vn 0.5599 0.6295 0.5388
vn 0.4708 0.6935 0.5453
vn 0.8336 0.2898 0.4702
vn 0.8553 0.2202 0.4691
vn 0.9136 -0.0900 0.3965
vn 0.8970 -0.2093 0.3892
vn 0.3565 -0.8940 0.2714
vn 0.5472 -0.8059 0.2260
vn -0.5472 -0.8059 0.2260
vn -0.3565 -0.8940 0.2714
vn -0.8629 -0.3590 0.3556
vn -0.8469 -0.3914 0.3601
vn -0.4643 0.6973 0.5461
vn -0.8209 0.2854 0.4945
vn -0.3237 0.8490 0.4176
vn -0.4324 0.8156 0.3846
vn 0.0754 0.9182 0.3889
vn 0.1063 0.9186 0.3805
vn 0.6980 0.5944 0.3993
vn 0.5003 0.7368 0.4547
vn 0.6077 0.6735 0.4208
vn 0.9221 0.2403 0.3032
vn 0.9317 0.1742 0.3188
vn 0.9590 -0.0080 0.2834
vn 0.9523 -0.0938 0.2904
vn 0.3342 -0.9241 0.1855
vn 0.3647 -0.9144 0.1760
vn -0.3647 -0.9144 0.1760
vn -0.3342 -0.9241 0.1855
vn -0.9090 -0.3334 0.2502
vn -0.8908 -0.3705 0.2631
vn -0.6752 0.6596 0.3302
vn -0.8138 0.4225 0.3990
vn 1.0000 0.0058 0.0017
vn 1.0000 -0.0083 -0.0000
vn 0.3400 -0.9402 0.0223
vn 0.4781 -0.8770 0.0481
vn 0.3870 -0.9216 0.0276
vn 0.3539 -0.9351 0.0190
vn 0.3782 -0.9253 0.0278
vn -0.3400 -0.9402 0.0223
vn -0.4781 -0.8770 0.0481
vn -0.3870 -0.9216 0.0276
vn -0.3539 -0.9351 0.0190
vn -0.3782 -0.9253 0.0278
vn -0.1149 0.9933 -0.0069
vn -0.2845 0.9587 -0.0000
vn 0.3562 0.9343 -0.0119
vn 0.2879 0.9575 -0.0174
vn 1.0000 0.0058 0.0004
vn 0.9999 0.0101 -0.0000
vn 0.7220 -0.6858 -0.0915
vn 0.3782 -0.9253 -0.0278
vn -0.7220 -0.6858 -0.0915
vn -0.3782 -0.9253 -0.0278
vn -0.9268 -0.3723 -0.0497
vn -0.8165 -0.5761 -0.0384
vn -0.6011 0.7976 -0.0501
vn -0.5661 0.8222 -0.0593
vn -0.7093 0.7043 -0.0299
vn -0.5621 0.8240 -0.0719
vn 0.2879 0.9576 -0.0139
vn 0.2039 0.9780 -0.0433
vn 0.8835 0.4569 -0.1033
vn 0.7987 0.5916 -0.1099
vn 0.9906 0.0100 -0.1368
vn 0.9865 0.0809 -0.1421
vn 0.6642 -0.6310 -0.4009
vn 0.5528 -0.7760 -0.3037
vn -0.5528 -0.7760 -0.3037
vn -0.6642 -0.6310 -0.4009
vn -0.7740 -0.5815 -0.2505
vn -0.7899 -0.5573 -0.2558
vn -0.9616 0.2516 -0.1100
vn -0.9358 0.3278 -0.1293
vn -0.8547 0.5178 -0.0382
vn -0.4697 0.8764 -0.1062
vn -0.5310 0.8465 0.0383
vn -0.3745 0.9247 -0.0683
vn 0.0946 0.9949 -0.0364
vn 0.1683 0.9857 0.0009
vn 0.6926 0.7068 -0.1441
vn 0.7439 0.6519 -0.1474
vn 0.9308 0.0719 -0.3583
vn 0.9316 0.0094 -0.3634
vn 0.4163 -0.8031 -0.4263
vn 0.4988 -0.7347 -0.4598
vn -0.4163 -0.8031 -0.4263
vn -0.4988 -0.7347 -0.4598
vn -0.9495 0.1955 -0.2453
vn -0.8761 0.4078 -0.2571
vn 0.4231 -0.0987 0.9007
vn 0.3974 -0.1836 0.8991
vn -0.4231 -0.0987 0.9007
vn -0.3974 -0.1836 0.8991
vn -0.4259 0.2580 -0.8672
vn -0.0495 0.5206 -0.8524
vn -0.1923 0.4749 -0.8588
vn 0.1923 0.4749 -0.8588
vn 0.4259 0.2580 -0.8672
vn 0.0495 0.5206 -0.8524
vn 0.3534 0.3606 -0.8632
vn 0.4866 0.1002 -0.8679
vn 0.4890 0.0050 -0.8722
vn 0.4065 -0.2868 -0.8675
vn -0.4065 -0.2868 -0.8675
vn -0.4890 0.0050 -0.8722
vn -0.3534 0.3606 -0.8632
vn -0.4866 0.1002 -0.8679
vn -0.5661 0.8223 -0.0575
vn -0.4714 0.8797 -0.0620
vn -0.8242 0.5661 -0.0161
vn -0.7165 0.6963 -0.0431
vn 0.2091 0.9777 -0.0202
vn 0.2040 0.9787 -0.0211
vn 0.7975 0.5906 -0.1232
vn 0.7470 0.6546 -0.1165
vn 0.9674 0.0793 -0.2407
vn 0.9676 0.0747 -0.2412
vn 0.5244 -0.7362 -0.4278
vn 0.4249 -0.8197 -0.3843
vn -0.4249 -0.8197 -0.3843
vn -0.5244 -0.7362 -0.4278
vn -0.7593 -0.5374 -0.3669
vn -0.7446 -0.5593 -0.3644
vn -0.0239 0.7859 0.6179
vn -0.2261 0.7622 0.6066
vn 0.9975 -0.0534 -0.0458
vn 0.9964 -0.0631 -0.0566
vn -0.9975 -0.0534 -0.0458
vn -0.9964 -0.0631 -0.0566
vn 0.9997 -0.0172 -0.0172
vn 0.9993 -0.0243 -0.0291
vn -0.2606 -0.6373 -0.7252
vn -0.7063 -0.4735 -0.5262
vn -0.9997 -0.0172 -0.0172
vn -0.9993 -0.0243 -0.0291
vn -0.9117 0.4108 0.0037
vn -0.8875 0.4608 -0.0000
vn -0.9117 0.4108 -0.0000
vn -0.8875 0.4607 -0.0037
vn -0.8835 0.4569 -0.1033
vn -0.7987 0.5916 -0.1099
vn -0.7975 0.5906 -0.1232
vn -0.7470 0.6546 -0.1165
vn -0.7439 0.6519 -0.1474
vn -0.6926 0.7068 -0.1441
vn -0.3312 0.9436 0.0029
vn -0.3562 0.9344 -0.0000
vn -0.2879 0.9575 -0.0174
vn -0.3311 0.9435 -0.0140
vn -0.2879 0.9576 -0.0139
vn -0.2039 0.9780 -0.0433
vn -0.2091 0.9777 -0.0202
vn -0.2040 0.9787 -0.0211
vn -0.0946 0.9949 -0.0364
vn -0.1683 0.9857 0.0009
vn 0.1149 0.9933 -0.0069
vn 0.2845 0.9587 -0.0000
vn 0.2261 0.7622 0.6066
vn 0.0239 0.7859 0.6179
vn 0.5621 0.8240 -0.0719
vn 0.7093 0.7043 -0.0299
vn 0.8242 0.5661 -0.0161
vn 0.7165 0.6963 -0.0431
vn 0.2606 -0.6373 -0.7252
vn 0.7063 -0.4735 -0.5262
vn 0.5310 0.8465 0.0382
vn 0.3745 0.9247 -0.0683
vn 0.6018 0.7984 -0.0202
vn 0.7614 0.6483 -0.0000
vn 0.6011 0.7976 -0.0501
vn 0.5661 0.8222 -0.0593
vn 0.5661 0.8223 -0.0575
vn 0.4714 0.8797 -0.0620
vn 0.4697 0.8764 -0.1062
vn 0.8547 0.5178 -0.0382
vn 0.9358 0.3278 -0.1293
vn 0.9616 0.2516 -0.1100
vn 0.8761 0.4078 -0.2571
vn 0.9495 0.1955 -0.2453
vn -0.9387 -0.3443 0.0164
vn -0.9279 -0.3727 0.0116
vn -0.9317 0.1742 0.3188
vn -0.9221 0.2403 0.3032
vn -0.8553 0.2202 0.4691
vn -0.8336 0.2898 0.4702
vn -0.6174 0.6822 0.3917
vn -0.6898 0.5874 0.4231
vn -0.5599 0.6295 0.5388
vn -0.4708 0.6935 0.5453
vn -0.1063 0.9186 0.3805
vn -0.0754 0.9182 0.3889
vn -0.0573 0.8046 0.5911
vn 0.3268 0.8573 0.3978
vn 0.3326 0.8594 0.3883
vn 0.4250 0.7984 0.4265
vn 0.3934 0.7274 0.5623
vn 0.4662 0.6867 0.5578
vn 0.8138 0.4225 0.3990
vn 0.6752 0.6596 0.3302
vn 0.4643 0.6973 0.5461
vn 0.8209 0.2854 0.4945
vn -0.8970 -0.2093 0.3892
vn -0.9136 -0.0900 0.3965
vn -0.9590 -0.0080 0.2834
vn -0.9523 -0.0938 0.2904
vn -0.9999 0.0101 -0.0000
vn -1.0000 0.0058 0.0004
vn -0.9906 0.0100 -0.1368
vn -0.9865 0.0809 -0.1421
vn -0.9674 0.0793 -0.2407
vn -0.9676 0.0747 -0.2412
vn -0.9316 0.0094 -0.3634
vn -0.9308 0.0719 -0.3583
vn 0.8469 -0.3914 0.3601
vn 0.8629 -0.3590 0.3556
vn 0.9090 -0.3334 0.2502
vn 0.8908 -0.3705 0.2631
vn 0.9387 -0.3443 0.0164
vn 0.9279 -0.3727 0.0116
vn 0.9268 -0.3723 -0.0497
vn 0.8165 -0.5761 -0.0384
vn 0.7899 -0.5573 -0.2558
vn 0.7740 -0.5815 -0.2505
vn 0.7445 -0.5593 -0.3644
vn 0.7593 -0.5374 -0.3669
vn -0.9677 0.2522 -0.0000
vn -0.6017 0.7983 -0.0236
vn -0.7613 0.6484 -0.0037
vn 0.5467 -0.0085 0.8373
vn 0.4029 -0.6590 0.6351
vn 0.4133 0.6547 0.6330
vn 0.5357 0.0040 0.8444
vn -0.2331 0.8147 -0.5310
vn -0.2628 0.7507 -0.6062
vn 0.1626 0.1289 0.9782
vn 0.2333 0.2738 0.9331
vn -0.6651 -0.5275 -0.5286
vn -0.6136 -0.7200 -0.3241
vn 0.9804 -0.1706 0.0986
vn 0.9804 -0.1705 0.0986
vn 0.2374 0.8020 -0.5482
vn 0.3354 -0.4919 -0.8035
vn -0.2050 -0.8583 0.4704
vn -0.3354 0.4919 0.8035
vn -0.9804 0.1706 -0.0986
vn 1.0000 -0.0000 -0.0000
vn -0.0000 -0.8825 0.4703
vn -0.0000 0.8486 -0.5291
vn -0.0000 -0.5000 -0.8660
vn 1.0000 0.0058 -0.0000
vn -0.0000 -0.0000 1.0000
vn -0.0000 1.0000 -0.0000
vn -0.0000 -1.0000 -0.0000
vn -1.0000 -0.0000 -0.0000
vn -0.0000 -0.0000 -1.0000
vn -0.0000 0.2588 -0.9659
vn 0.4134 0.6089 0.6770
vn -0.0000 0.7435 0.6687
vn -0.4134 0.6089 0.6770
vn -0.6828 0.2374 0.6910
vn -0.6828 -0.2374 0.6910
vn -0.4134 -0.6089 0.6770
vn -0.0000 -0.7435 0.6687
vn 0.4134 -0.6089 0.6770
vn 0.6828 -0.2374 0.6910
vn 0.6828 0.2374 0.6910
vn 0.5617 0.8273 -0.0000
vn -0.5617 0.8273 -0.0000
vn -0.9445 0.3284 -0.0000
vn -0.9445 -0.3284 -0.0000
vn -0.5617 -0.8273 -0.0000
vn 0.5617 -0.8273 -0.0000
vn 0.9445 -0.3284 -0.0000
vn 0.9445 0.3284 -0.0000
vn 0.5051 0.7440 -0.4375
vn -0.0000 0.9030 -0.4296
vn -0.5051 0.7440 -0.4375
vn -0.8429 0.2931 -0.4512
vn -0.8429 -0.2931 -0.4512
vn -0.5051 -0.7440 -0.4375
vn -0.0000 -0.9030 -0.4296
vn 0.5051 -0.7440 -0.4375
vn 0.8429 -0.2931 -0.4512
vn 0.8429 0.2931 -0.4512
vn -0.0000 0.9635 0.2677
vn -0.0000 -0.9635 0.2677
vn 0.9635 -0.0000 0.2677
vn -0.9635 -0.0000 0.2677
vn 0.0671 0.9974 0.0270
vn -0.5606 0.8257 -0.0623
vn -0.6240 0.7814 -0.0000
vn -0.5766 0.8169 0.0164
vn -0.5616 0.8271 0.0224
vn -0.0000 -0.9659 -0.2588
vn -0.0000 -0.2588 0.9659
vn -0.3683 0.7352 0.5690
vn -0.3997 0.6603 0.6358
vn -0.1210 -0.7394 0.6623
vn -0.0857 -0.9875 0.1324
vn -0.0080 -0.8280 -0.5607
vn -0.0072 -0.8242 -0.5663
vn -0.0080 0.8280 -0.5607
vn -0.0072 0.8242 -0.5663
vn 1.0000 -0.0000 0.0001
vn -0.0000 -0.9863 0.1647
vn -0.0000 0.9999 0.0164
vn -0.0000 0.8039 -0.5947
vn 0.2331 -0.8147 -0.5310
vn 0.2628 -0.7507 -0.6061
vn 0.2628 -0.7507 -0.6062
vn 0.2629 -0.7507 -0.6062
vn 0.2629 -0.7506 -0.6062
vn 0.2630 -0.7503 -0.6065
vn -0.0000 -0.0001 1.0000
vn -0.7835 0.6214 -0.0000
vn 0.6486 -0.7611 -0.0000
vn -0.9600 0.2799 -0.0000
vn -0.7821 -0.6231 -0.0000
vn -0.0429 -0.9962 0.0752
vn 0.1099 0.7911 -0.6018
vn 0.1098 0.7912 -0.6016
vn 0.1011 0.8330 -0.5440
vn -0.3843 -0.0611 0.9212
vn -0.3843 -0.0613 0.9212
vn -0.2265 0.7873 0.5734
vn -0.3843 0.0613 0.9212
vn -0.2265 -0.7873 0.5734
vn 0.1099 -0.7908 -0.6022
vn 0.1098 -0.7912 -0.6016
vn 0.1011 -0.8330 -0.5440
vn -0.9648 -0.2629 -0.0000
vn -0.9648 0.2629 -0.0000
vn -0.9299 0.3258 -0.1705
vn -0.9300 0.3258 -0.1705
vn -0.9300 0.3257 -0.1705
vn -0.9300 0.3256 -0.1702
vn -0.8929 0.4157 -0.1729
vn -0.8929 0.4156 -0.1729
vn -0.8934 0.4148 -0.1724
vn -0.8933 0.4150 -0.1726
vn -0.0000 -0.9824 0.1865
vn -0.0000 -0.9885 0.1512
vn -0.1150 0.9934 -0.0000
vn 0.3562 0.9344 -0.0000
vn 0.8875 0.4608 -0.0000
vn -0.0000 -0.9996 0.0300
vn 1.0000 0.0057 -0.0000
vn 0.3784 -0.9257 -0.0000
vn -0.3784 -0.9257 -0.0000
vn -0.9279 -0.3728 -0.0000
vn -0.7614 0.6482 0.0037
vn -0.7614 0.6483 0.0037
vn -0.0000 -0.9996 -0.0300
vn -0.0000 -0.8921 -0.4518
vn -0.0000 -0.8948 -0.4465
vn -0.7279 -0.5151 -0.4526
vn -0.7286 -0.5140 -0.4528
vn -0.2579 0.3799 0.8884
vn -0.0000 0.4673 0.8841
vn 0.2579 0.3799 0.8884
vn 0.4206 0.1462 0.8954
vn 0.2579 -0.3799 0.8884
vn -0.0000 -0.4673 0.8841
vn -0.2579 -0.3799 0.8884
vn -0.4206 0.1462 0.8954
vn 0.2949 -0.4344 -0.8511
vn -0.0000 -0.5336 -0.8458
vn -0.2949 -0.4344 -0.8511
vn -0.0000 -0.8808 -0.4734
vn -0.0000 -0.9985 0.0547
vn -0.0000 -0.9998 0.0203
vn 0.1150 0.9934 -0.0000
vn 0.9677 0.2522 -0.0000
vn -0.7614 0.6483 -0.0000
vn -1.0000 0.0058 -0.0000
vn 0.9279 -0.3728 -0.0000
vn 0.7286 -0.5140 -0.4528
vn 0.7279 -0.5151 -0.4526
vn 0.8930 0.4156 -0.1729
vn 0.8929 0.4156 -0.1729
vn 0.8926 0.4162 -0.1732
vn 0.8932 0.4152 -0.1728
vn 0.8929 0.4157 -0.1729
vn 0.9299 0.3258 -0.1705
vn 0.9298 0.3260 -0.1707
vn 0.9301 0.3255 -0.1704
vn 0.9648 0.2629 -0.0000
vn 0.9648 -0.2629 -0.0000
vn -0.1011 -0.8330 -0.5440
vn -0.1098 -0.7911 -0.6018
vn -0.1098 -0.7912 -0.6016
vn 0.2265 -0.7873 0.5734
vn 0.3843 0.0613 0.9212
vn 0.2265 0.7873 0.5734
vn 0.3843 -0.0614 0.9212
vn 0.3843 -0.0613 0.9212
vn -0.1011 0.8330 -0.5440
vn -0.1098 0.7912 -0.6016
vn -0.2331 -0.8147 -0.5310
vn -0.2628 -0.7507 -0.6061
vn -0.2629 -0.7507 -0.6062
vn -0.2628 -0.7507 -0.6062
vn -0.2629 -0.7506 -0.6062
vn -0.2630 -0.7503 -0.6065
vn 0.7821 -0.6231 -0.0000
vn 0.9600 0.2799 -0.0000
vn -0.6486 -0.7611 -0.0000
vn 0.7835 0.6214 -0.0000
vn 0.0072 0.8242 -0.5663
vn 0.0080 0.8280 -0.5607
vn 0.0072 -0.8242 -0.5663
vn 0.0080 -0.8280 -0.5607
vn 0.0857 -0.9875 0.1324
vn 0.1210 -0.7394 0.6623
vn 0.3997 0.6603 0.6358
vn 0.3683 0.7352 0.5690
vn -0.0000 -0.4176 -0.9086
vn -0.0000 -0.4176 0.9086
vn -1.0000 0.0058 0.0017
vn -1.0000 -0.0083 -0.0000
vt 0.910351 0.398085
vt 0.896391 0.398085
vt 0.910351 0.406371
vt 0.896391 0.406416
vt 0.861728 0.695382
vt 0.878443 0.682599
vt 0.861653 0.407965
vt 0.878443 0.407965
vt 0.949244 0.430529
vt 0.921775 0.438097
vt 0.947441 0.459128
vt 0.921775 0.452057
vt 0.961753 0.458480
vt 0.961741 0.429531
vt 0.955426 0.457301
vt 0.953410 0.429531
vt 0.953410 0.456999
vt 0.927483 0.469542
vt 0.896391 0.460976
vt 0.927483 0.483502
vt 0.896950 0.491914
vt 0.896390 0.485274
vt 0.984502 0.460623
vt 0.984502 0.429531
vt 0.973257 0.460623
vt 0.962201 0.429531
vt 0.962213 0.458566
vt 0.973879 0.422383
vt 0.973879 0.398085
vt 0.962633 0.398085
vt 0.815436 0.734685
vt 0.837827 0.713660
vt 0.815436 0.407965
vt 0.860720 0.407965
vt 0.860795 0.696095
vt 0.896391 0.429178
vt 0.910351 0.429178
vt 0.896391 0.406876
vt 0.910351 0.406831
vt 0.291350 0.566433
vt 0.299730 0.560294
vt 0.291350 0.554421
vt 0.299730 0.552174
vt 0.353876 0.566433
vt 0.353876 0.554421
vt 0.354982 0.560294
vt 0.354982 0.552174
vt 0.487934 0.476900
vt 0.485341 0.534240
vt 0.122574 0.472017
vt 0.123039 0.529398
vt 0.122781 0.472775
vt 0.124610 0.415425
vt 0.488141 0.477658
vt 0.486912 0.420267
vt 0.485547 0.534998
vt 0.155182 0.530583
vt 0.153384 0.519064
vt 0.134734 0.518815
vt 0.132663 0.530282
vt 0.123245 0.530156
vt 0.511810 0.730024
vt 0.500439 0.737849
vt 0.542198 0.829919
vt 0.514495 0.844334
vt 0.486383 0.847095
vt 0.486383 0.737849
vt 0.458272 0.844334
vt 0.472328 0.737849
vt 0.430569 0.829919
vt 0.460956 0.730024
vt 0.412787 0.813034
vt 0.449585 0.722199
vt 0.440898 0.696877
vt 0.395414 0.762390
vt 0.445242 0.709538
vt 0.396074 0.784950
vt 0.074833 0.816558
vt 0.124509 0.939697
vt 0.084321 0.816558
vt 0.129253 0.939697
vt 0.093808 0.816558
vt 0.133997 0.939697
vt 0.143484 0.816558
vt 0.158835 0.939697
vt 0.189536 0.939697
vt 0.214374 0.939697
vt 0.204887 0.816558
vt 0.254563 0.816558
vt 0.264051 0.816558
vt 0.219118 0.939697
vt 0.559980 0.813034
vt 0.576692 0.784950
vt 0.523182 0.722199
vt 0.527525 0.709538
vt 0.571169 0.868838
vt 0.528550 0.885306
vt 0.486383 0.890254
vt 0.444216 0.885306
vt 0.375989 0.838356
vt 0.401597 0.868838
vt 0.409857 0.864476
vt 0.362882 0.812770
vt 0.349928 0.762390
vt 0.025157 0.677132
vt 0.048294 0.677132
vt 0.071430 0.677132
vt 0.128133 0.677132
vt 0.220238 0.677132
vt 0.276941 0.677132
vt 0.300077 0.677132
vt 0.609885 0.812770
vt 0.596778 0.838356
vt 0.746054 0.040671
vt 0.746054 0.072284
vt 0.950062 0.048839
vt 0.950062 0.072284
vt 0.129294 0.298777
vt 0.129294 0.323864
vt 0.349070 0.290897
vt 0.171052 0.323864
vt 0.198524 0.323864
vt 0.239182 0.323864
vt 0.349070 0.323864
vt 0.129294 0.389699
vt 0.349070 0.397579
vt 0.129294 0.364612
vt 0.171052 0.364612
vt 0.198524 0.364612
vt 0.239182 0.364612
vt 0.349070 0.364612
vt 0.531301 0.130532
vt 0.531509 0.132876
vt 0.315130 0.130532
vt 0.315130 0.132876
vt 0.531395 0.122728
vt 0.315130 0.122728
vt 0.531345 0.130532
vt 0.530592 0.040671
vt 0.315130 0.054285
vt 0.530592 0.072284
vt 0.315130 0.072284
vt 0.788622 0.290897
vt 0.568846 0.290897
vt 0.788622 0.323864
vt 0.568846 0.323864
vt 0.788622 0.397579
vt 0.788622 0.364612
vt 0.568846 0.397579
vt 0.568846 0.364612
vt 0.530592 0.009058
vt 0.315130 0.036286
vt 0.315130 0.108283
vt 0.256955 0.113377
vt 0.256955 0.124386
vt 0.054209 0.293826
vt 0.059905 0.289198
vt 0.096793 0.295537
vt 0.102489 0.291073
vt 0.256955 0.128642
vt 0.315355 0.096158
vt 0.256955 0.103201
vt 0.256955 0.067722
vt 0.256955 0.081360
vt 0.847962 0.330655
vt 0.847962 0.296222
vt 0.847962 0.392254
vt 0.847962 0.357821
vt 0.256955 0.054083
vt 0.140605 0.125441
vt 0.140605 0.118674
vt 0.187145 0.125019
vt 0.187145 0.119614
vt 0.161651 0.127111
vt 0.153916 0.129755
vt 0.140605 0.126090
vt 0.140605 0.128824
vt 0.140605 0.116585
vt 0.187145 0.112620
vt 0.187145 0.087350
vt 0.140605 0.100674
vt 0.187145 0.097315
vt 0.140605 0.106674
vt 0.919169 0.334730
vt 0.966641 0.337446
vt 0.919169 0.311183
vt 0.966641 0.326458
vt 0.919169 0.353746
vt 0.919169 0.377292
vt 0.966641 0.351029
vt 0.966641 0.362018
vt 0.174186 0.964669
vt 0.223862 0.939697
vt 0.725857 0.233626
vt 0.716580 0.240366
vt 0.695836 0.211815
vt 0.707303 0.247106
vt 0.695836 0.247106
vt 0.684370 0.247106
vt 0.665816 0.233626
vt 0.675093 0.240366
vt 0.662273 0.222720
vt 0.658729 0.211815
vt 0.662273 0.200910
vt 0.665816 0.190004
vt 0.725857 0.190004
vt 0.729400 0.200910
vt 0.732943 0.211815
vt 0.729400 0.222720
vt 0.003026 0.292443
vt 0.008722 0.287682
vt 0.187145 0.077385
vt 0.530634 0.108283
vt 0.530901 0.096158
vt 0.746054 0.108283
vt 0.746054 0.096158
vt 0.531204 0.122728
vt 0.746054 0.122728
vt 0.746054 0.130532
vt 0.531210 0.108283
vt 0.950062 0.013392
vt 0.746054 0.009058
vt 0.577354 0.762390
vt 0.622838 0.762390
vt 0.531868 0.696877
vt 0.273538 0.816558
vt 0.323214 0.677132
vt 0.950062 0.096158
vt 0.896391 0.485274
vt 0.961741 0.429530
vt 0.952639 0.429594
vt 0.950848 0.460066
vt 0.977768 0.429531
vt 0.976538 0.442881
vt 0.953410 0.460395
vt 0.976560 0.460009
vt 0.904671 0.537561
vt 0.906868 0.594956
vt 0.961007 0.537561
vt 0.961007 0.721859
vt 0.931485 0.720569
vt 0.906799 0.719366
vt 0.910351 0.422151
vt 0.896391 0.422443
vt 0.609127 0.040671
vt 0.546108 0.040671
vt 0.605742 0.047650
vt 0.562435 0.048916
vt 0.564379 0.047650
vt 0.559055 0.464157
vt 0.569121 0.464157
vt 0.559055 0.492746
vt 0.569121 0.492746
vt 0.572997 0.506595
vt 0.572997 0.496529
vt 0.590619 0.506595
vt 0.601586 0.496529
vt 0.601586 0.525118
vt 0.590619 0.515052
vt 0.572997 0.525118
vt 0.572997 0.515052
vt 0.569121 0.515052
vt 0.569121 0.525118
vt 0.543839 0.515052
vt 0.540532 0.525118
vt 0.540532 0.496529
vt 0.543839 0.506595
vt 0.569121 0.496529
vt 0.569121 0.506595
vt 0.601586 0.464157
vt 0.601586 0.492746
vt 0.572997 0.464157
vt 0.572997 0.492746
vt 0.550598 0.492746
vt 0.540532 0.492746
vt 0.550598 0.464157
vt 0.540532 0.464157
vt 0.572997 0.431959
vt 0.601586 0.431959
vt 0.572997 0.460548
vt 0.601586 0.460548
vt 0.540532 0.460548
vt 0.540532 0.431959
vt 0.569121 0.460548
vt 0.569121 0.431959
vt 0.541986 0.431959
vt 0.541986 0.460548
vt 0.786653 0.454021
vt 0.743006 0.422309
vt 0.782645 0.458305
vt 0.741876 0.428685
vt 0.691483 0.428685
vt 0.689055 0.422309
vt 0.650714 0.458305
vt 0.645409 0.454021
vt 0.635143 0.506231
vt 0.628737 0.505331
vt 0.645409 0.556641
vt 0.650714 0.554157
vt 0.689056 0.588353
vt 0.691483 0.583777
vt 0.741876 0.583777
vt 0.743006 0.588353
vt 0.782645 0.554157
vt 0.786653 0.556641
vt 0.798216 0.506231
vt 0.803326 0.505331
vt 0.660163 0.592625
vt 0.646196 0.592625
vt 0.660163 0.742270
vt 0.646196 0.802656
vt 0.658372 0.802656
vt 0.658372 0.748935
vt 0.674130 0.592625
vt 0.674130 0.711821
vt 0.675920 0.802656
vt 0.688097 0.802656
vt 0.675920 0.712170
vt 0.688097 0.592625
vt 0.702064 0.592625
vt 0.702064 0.802656
vt 0.716031 0.592625
vt 0.716031 0.802656
vt 0.729998 0.592625
vt 0.729998 0.802656
vt 0.743965 0.592625
vt 0.743965 0.802656
vt 0.757932 0.592625
vt 0.757932 0.802656
vt 0.771899 0.592625
vt 0.771899 0.802656
vt 0.785866 0.592625
vt 0.785866 0.802656
vt 0.786653 0.940736
vt 0.772268 0.930284
vt 0.748602 0.968381
vt 0.743735 0.969871
vt 0.737511 0.955536
vt 0.742468 0.970791
vt 0.689594 0.970791
vt 0.694550 0.955536
vt 0.645409 0.940736
vt 0.683460 0.968382
vt 0.659794 0.930284
vt 0.688327 0.969870
vt 0.646519 0.889425
vt 0.628737 0.889425
vt 0.645409 0.838115
vt 0.659794 0.848567
vt 0.689055 0.806404
vt 0.694550 0.823316
vt 0.743006 0.806404
vt 0.737511 0.823316
vt 0.772268 0.848567
vt 0.786653 0.838115
vt 0.785543 0.889425
vt 0.803326 0.889425
vt 0.725241 0.499886
vt 0.744585 0.486249
vt 0.725241 0.496768
vt 0.719233 0.496703
vt 0.726938 0.473427
vt 0.712828 0.496703
vt 0.705124 0.473427
vt 0.706821 0.499886
vt 0.706820 0.496768
vt 0.687477 0.486249
vt 0.712828 0.496704
vt 0.706821 0.506540
vt 0.680736 0.506994
vt 0.706821 0.513269
vt 0.687477 0.527740
vt 0.706821 0.516481
vt 0.712828 0.516416
vt 0.705124 0.540562
vt 0.719233 0.516416
vt 0.726938 0.540562
vt 0.725241 0.513269
vt 0.725241 0.516481
vt 0.744585 0.527740
vt 0.725241 0.506540
vt 0.751326 0.506994
vt 0.745721 0.910996
vt 0.716031 0.885934
vt 0.727371 0.924328
vt 0.704690 0.924328
vt 0.686341 0.910996
vt 0.679332 0.889425
vt 0.686341 0.867855
vt 0.704690 0.854523
vt 0.727371 0.854523
vt 0.745721 0.867855
vt 0.752729 0.889425
vt 0.598813 0.628782
vt 0.588558 0.618526
vt 0.582088 0.628782
vt 0.547532 0.628781
vt 0.564257 0.628781
vt 0.557787 0.618526
vt 0.588558 0.587756
vt 0.557787 0.587756
vt 0.547532 0.577500
vt 0.564257 0.577500
vt 0.598813 0.577500
vt 0.582088 0.577500
vt 0.547532 0.620549
vt 0.547532 0.585733
vt 0.547532 0.603141
vt 0.598813 0.585733
vt 0.598813 0.628781
vt 0.598813 0.620549
vt 0.598813 0.603141
vt 0.564257 0.628782
vt 0.706821 0.496768
vt 0.688327 0.969871
vt 0.748602 0.968382
vt 0.576512 0.496529
vt 0.598531 0.496529
vt 0.576830 0.513550
vt 0.574451 0.496529
vt 0.574907 0.520950
vt 0.597801 0.525118
vt 0.598835 0.512808
vt 0.544047 0.525118
vt 0.544365 0.508097
vt 0.566066 0.525118
vt 0.541986 0.525118
vt 0.542442 0.500697
vt 0.565336 0.496529
vt 0.566370 0.508839
vt 0.540532 0.488962
vt 0.569121 0.488962
vt 0.544047 0.460548
vt 0.544047 0.431959
vt 0.566066 0.460548
vt 0.566066 0.431959
vt 0.066267 0.435484
vt 0.065857 0.472014
vt 0.066502 0.414648
vt 0.065447 0.508514
vt 0.065212 0.529381
vt 0.065950 0.447406
vt 0.087000 0.448543
vt 0.065651 0.471257
vt 0.114695 0.449923
vt 0.124403 0.414667
vt 0.114958 0.427845
vt 0.066371 0.413891
vt 0.066224 0.425561
vt 0.065651 0.471256
vt 0.065192 0.507786
vt 0.064931 0.528621
vt 0.054936 0.972729
vt 0.065389 0.945300
vt 0.056098 0.976331
vt 0.056848 0.976378
vt 0.078015 0.916273
vt 0.017910 0.961271
vt 0.017910 0.954793
vt 0.050653 0.961271
vt 0.064779 0.941471
vt 0.052806 0.966658
vt 0.056082 0.972689
vt 0.057136 0.975956
vt 0.066509 0.945328
vt 0.078168 0.916235
vt 0.065899 0.941499
vt 0.018063 0.954755
vt 0.018063 0.961233
vt 0.051812 0.961233
vt 0.053962 0.966612
vt 0.068226 0.975342
vt 0.068226 0.964468
vt 0.075194 0.975342
vt 0.075194 0.964468
vt 0.067054 0.964468
vt 0.067054 0.975342
vt 0.040839 0.931874
vt 0.040678 0.931874
vt 0.040678 0.922308
vt 0.018742 0.938407
vt 0.018742 0.918896
vt 0.033160 0.938407
vt 0.038253 0.938282
vt 0.038253 0.918896
vt 0.218576 0.458174
vt 0.129969 0.458531
vt 0.166917 0.415235
vt 0.309948 0.417147
vt 0.166792 0.425789
vt 0.309713 0.436920
vt 0.221187 0.436487
vt 0.130195 0.453794
vt 0.161716 0.415166
vt 0.161509 0.432642
vt 0.364120 0.437186
vt 0.486705 0.419509
vt 0.380275 0.437498
vt 0.313138 0.459247
vt 0.379271 0.459997
vt 0.312995 0.471238
vt 0.309448 0.459205
vt 0.309291 0.472426
vt 0.312016 0.472637
vt 0.313403 0.436938
vt 0.313638 0.417196
vt 0.123423 0.662735
vt 0.124624 0.561771
vt 0.065401 0.654751
vt 0.066614 0.552738
vt 0.077958 0.630021
vt 0.088465 0.630162
vt 0.077914 0.633697
vt 0.066607 0.559618
vt 0.066698 0.551973
vt 0.089300 0.559921
vt 0.124633 0.560994
vt 0.123432 0.661958
vt 0.065393 0.661758
vt 0.069898 0.633590
vt 0.065772 0.629858
vt 0.069942 0.629914
vt 0.196482 0.552600
vt 0.245719 0.552600
vt 0.203081 0.557435
vt 0.246591 0.557435
vt 0.134035 0.562459
vt 0.133710 0.589810
vt 0.136085 0.591149
vt 0.308999 0.662598
vt 0.165951 0.662105
vt 0.309487 0.621586
vt 0.160750 0.662087
vt 0.161590 0.591472
vt 0.153896 0.585153
vt 0.166812 0.589714
vt 0.156323 0.582198
vt 0.156516 0.565959
vt 0.486323 0.617316
vt 0.485777 0.663208
vt 0.312690 0.662611
vt 0.313192 0.620339
vt 0.485768 0.663985
vt 0.486314 0.618093
vt 0.266957 0.904343
vt 0.266957 0.884551
vt 0.293383 0.903713
vt 0.293383 0.884551
vt 0.349215 0.950686
vt 0.350153 0.950686
vt 0.349215 0.970260
vt 0.350153 0.970260
vt 0.362698 0.970260
vt 0.362698 0.950686
vt 0.263074 0.943144
vt 0.340247 0.943144
vt 0.263074 0.938078
vt 0.341782 0.946983
vt 0.368775 0.870336
vt 0.262805 0.943728
vt 0.262805 0.938662
vt 0.338086 0.943728
vt 0.340627 0.950086
vt 0.368507 0.870921
vt 0.035673 0.471417
vt 0.035694 0.470856
vt 0.033865 0.528207
vt 0.067114 0.467538
vt 0.067233 0.472033
vt 0.063767 0.414611
vt 0.065474 0.438626
vt 0.067366 0.476574
vt 0.067366 0.476573
vt 0.067331 0.529409
vt 0.035749 0.470288
vt 0.041533 0.413560
vt 0.274014 0.541886
vt 0.272412 0.550776
vt 0.194013 0.541886
vt 0.181880 0.550776
vt 0.194013 0.559666
vt 0.274014 0.559666
vt 0.068813 0.552302
vt 0.045829 0.642070
vt 0.040552 0.661672
vt 0.034238 0.662427
vt 0.063884 0.552313
vt 0.204700 0.098795
vt 0.249404 0.102564
vt 0.250862 0.101364
vt 0.250823 0.101178
vt 0.250808 0.100989
vt 0.247544 0.098795
vt 0.195361 0.098795
vt 0.191888 0.101154
vt 0.191859 0.101178
vt 0.191892 0.101201
vt 0.195781 0.103560
vt 0.248242 0.103560
vt 0.569121 0.517736
vt 0.540532 0.517736
vt 0.561739 0.464157
vt 0.561739 0.492746
vt 0.601586 0.517736
vt 0.572997 0.517736
vt 0.561739 0.431959
vt 0.561739 0.460548
vt 0.572997 0.503911
vt 0.601586 0.503911
vt 0.540532 0.503911
vt 0.569121 0.503911
vt 0.547914 0.492746
vt 0.547914 0.464157
vt 0.547914 0.460548
vt 0.547914 0.431959
vt 0.481491 0.230984
vt 0.481491 0.262951
vt 0.449524 0.230984
vt 0.449524 0.262951
vt 0.413223 0.262951
vt 0.413223 0.230984
vt 0.445190 0.262951
vt 0.445190 0.230984
vt 0.481491 0.226754
vt 0.449524 0.226754
vt 0.481491 0.194787
vt 0.449524 0.194787
vt 0.413223 0.226754
vt 0.413223 0.194787
vt 0.445190 0.226754
vt 0.445190 0.194787
vt 0.449524 0.190751
vt 0.449524 0.158784
vt 0.481491 0.190751
vt 0.481491 0.158784
vt 0.413223 0.190751
vt 0.413223 0.158784
vt 0.445190 0.190751
vt 0.445190 0.158784
vt 0.950062 0.122728
vt 0.950062 0.130532
vt 0.950062 0.132876
vt 0.746054 0.132876
vt 0.950062 0.108283
vt 0.693375 0.040671
vt 0.696760 0.047650
vt 0.707054 0.047650
vt 0.709566 0.049779
vt 0.742092 0.053911
vt 0.736470 0.058046
vt 0.558741 0.051298
vt 0.540753 0.040671
vt 0.554669 0.053911
vt 0.734147 0.060172
vt 0.564378 0.060172
vt 0.561113 0.058046
vt 0.532454 0.035769
vt 0.533382 0.034245
vt 0.681189 0.015549
vt 0.621313 0.015549
vt 0.140605 0.094674
vt 0.486383 0.696877
vt 0.684370 0.176524
vt 0.707303 0.176524
vt 0.313717 0.263097
vt 0.362381 0.263097
vt 0.333450 0.254895
vt 0.342648 0.254895
vt 0.313717 0.230289
vt 0.333450 0.245052
vt 0.362381 0.230289
vt 0.342648 0.245052
vt 0.328379 0.240014
vt 0.353379 0.240014
vt 0.353379 0.255678
vt 0.328379 0.255678
vt 0.706666 0.047650
vt 0.709352 0.049927
vt 0.740715 0.053911
vt 0.558757 0.051308
vt 0.554700 0.053911
vt 0.735294 0.057898
vt 0.732810 0.060172
vt 0.564406 0.060172
vt 0.560913 0.057898
vt 0.532454 0.035768
vt 0.561864 0.460586
vt 0.540468 0.460586
vt 0.561864 0.431959
vt 0.540468 0.431959
vt 0.592661 0.525118
vt 0.571173 0.525118
vt 0.592661 0.496491
vt 0.571173 0.496491
vt 0.567636 0.496490
vt 0.567636 0.525118
vt 0.540468 0.496490
vt 0.540468 0.525118
vt 0.540468 0.492733
vt 0.540468 0.464105
vt 0.540791 0.487176
vt 0.540791 0.469662
vt 0.561864 0.492733
vt 0.542676 0.487176
vt 0.561956 0.464105
vt 0.542676 0.469662
vt 0.592661 0.492733
vt 0.571173 0.492733
vt 0.592568 0.464105
vt 0.573380 0.487176
vt 0.571496 0.487176
vt 0.571173 0.464105
vt 0.571496 0.469662
vt 0.573380 0.469662
vt 0.195270 0.098795
vt 0.191808 0.101147
vt 0.191769 0.101178
vt 0.191813 0.101208
vt 0.195690 0.103560
vt 0.249235 0.102550
vt 0.248056 0.103560
vt 0.250667 0.101371
vt 0.250626 0.101178
vt 0.250611 0.100982
vt 0.247358 0.098795
vt 0.065196 0.552517
vt 0.035604 0.662432
vt 0.070130 0.552507
vt 0.047247 0.641884
vt 0.041918 0.661677
vt 0.037133 0.470132
vt 0.042899 0.413578
vt 0.037061 0.470874
vt 0.037133 0.470133
vt 0.068650 0.529426
vt 0.068685 0.476758
vt 0.068547 0.472050
vt 0.065081 0.414629
vt 0.066813 0.438988
vt 0.068424 0.467390
vt 0.035230 0.528225
vt 0.037034 0.471607
vt 0.037060 0.470875
vt 0.051688 0.963860
vt 0.051288 0.962860
vt 0.052825 0.963769
vt 0.052434 0.962789
vt 0.309879 0.422980
vt 0.309836 0.426652
vt 0.313404 0.436938
vt 0.313528 0.426503
vt 0.313138 0.459246
vt 0.312996 0.471238
vt 0.379272 0.459997
vt 0.309835 0.426652
vt 0.161717 0.415166
vt 0.313570 0.422908
vt 0.313527 0.426503
vt 0.313571 0.422908
vt 0.312689 0.662611
vt 0.063663 0.629830
vt 0.063283 0.661750
vt 0.064498 0.559589
vt 0.088311 0.559908
vt 0.064593 0.551645
vt 0.087476 0.630148
vt 0.064508 0.552410
vt 0.063198 0.662527
vt 0.062821 0.528593
vt 0.063066 0.509112
vt 0.063541 0.471228
vt 0.064261 0.413863
vt 0.064116 0.425463
vt 0.063842 0.447292
vt 0.063322 0.509838
vt 0.063748 0.471986
vt 0.063103 0.529352
vt 0.064173 0.434102
vt 0.064392 0.414620
vt 0.520272 0.186478
vt 0.520272 0.167593
vt 0.535226 0.180471
vt 0.539380 0.178124
vt 0.539380 0.180495
vt 0.536587 0.178124
vt 0.536587 0.173567
vt 0.539380 0.167593
vt 0.539380 0.173567
vt 0.539157 0.194508
vt 0.533150 0.209462
vt 0.520272 0.194508
vt 0.533174 0.213615
vt 0.520272 0.213615
vt 0.574231 0.186413
vt 0.574231 0.167529
vt 0.588673 0.186413
vt 0.588673 0.167529
vt 0.548173 0.213615
vt 0.551929 0.194508
vt 0.570126 0.213615
vt 0.566370 0.194508
vt 0.574231 0.187050
vt 0.588673 0.187050
vt 0.539794 0.194508
vt 0.533787 0.209462
vt 0.533811 0.213615
vt 0.520272 0.187115
vt 0.535226 0.181108
vt 0.539380 0.173005
vt 0.536587 0.173005
vt 0.539380 0.181132
vt 0.539380 0.177562
vt 0.536587 0.177562
vt 0.544365 0.508096
vt 0.562450 0.048923
vt 0.564407 0.047650
vt 0.896391 0.421483
vt 0.910351 0.421191
vt 0.906918 0.537561
vt 0.909115 0.594956
vt 0.909047 0.719476
vt 0.976808 0.429531
vt 0.975578 0.442881
vt 0.975600 0.460025
vt 0.952639 0.429593
s 0
usemtl lambert4SG
f 1/1/1 2/2/1 3/3/1
f 4/3/1 5/2/1 6/4/1
f 7/5/2 8/6/2 9/7/2
f 10/7/2 11/6/2 12/8/2
f 13/9/3 14/10/3 15/11/3
f 16/11/3 17/10/3 18/12/3
f 19/13/4 20/14/4 21/15/4
f 22/16/4 23/17/4 24/14/4
f 25/14/4 26/17/4 27/15/4
f 28/18/5 29/19/5 30/20/5
f 31/21/5 32/20/5 33/22/5
f 34/20/5 35/19/5 36/22/5
f 37/23/4 38/24/4 39/25/4
f 40/24/4 41/26/4 42/25/4
f 43/27/4 44/25/4 45/26/4
f 46/28/6 47/29/6 48/30/6
f 49/31/2 50/32/2 51/33/2
f 52/33/2 53/32/2 54/34/2
f 55/34/2 56/32/2 57/35/2
f 58/36/1 59/37/1 60/38/1
f 61/38/1 62/37/1 63/39/1
f 64/40/7 65/41/7 66/42/7
f 67/42/8 68/41/8 69/43/8
f 70/44/9 71/45/9 72/46/9
f 73/46/10 74/45/10 75/47/10
f 76/48/11 77/49/11 78/50/11
f 79/50/12 80/49/12 81/51/12
f 82/52/13 83/53/13 84/54/13
f 85/54/14 86/53/14 87/55/14
f 88/54/15 89/56/15 90/52/15
f 91/57/16 92/58/16 93/56/16
f 94/56/17 95/58/17 96/52/17
f 97/58/18 98/59/18 99/52/18
f 100/59/19 101/60/19 102/52/19
f 103/60/19 104/61/19 105/52/19
f 106/62/20 107/63/20 108/64/20
f 109/64/21 110/63/21 111/65/21
f 112/66/22 113/67/22 114/68/22
f 115/68/23 116/67/23 117/69/23
f 118/70/24 119/71/24 120/72/24
f 121/72/25 122/71/25 123/73/25
s 1
f 124/74/26 125/75/26 126/76/26
s 0
f 127/76/27 128/75/27 129/77/27
f 130/78/28 131/79/28 132/80/28
f 133/80/29 134/79/29 135/81/29
f 136/82/30 137/83/30 138/84/30
f 139/84/31 140/83/31 141/85/31
f 142/86/32 143/87/32 144/88/32
f 145/88/33 146/87/33 147/89/33
f 148/90/34 149/89/34 150/91/34
f 151/91/35 152/89/35 153/87/35
f 154/92/36 155/93/36 156/94/36
f 157/94/37 158/93/37 159/95/37
f 160/96/38 161/64/38 162/97/38
f 163/97/39 164/64/39 165/65/39
f 166/66/40 167/68/40 168/98/40
f 169/98/41 170/68/41 171/99/41
f 172/100/42 173/101/42 174/72/42
f 175/101/43 176/102/43 177/72/43
f 178/102/44 179/70/44 180/72/44
f 181/103/45 182/77/45 183/104/45
f 184/104/46 185/77/46 186/75/46
f 187/105/47 188/78/47 189/106/47
f 190/106/48 191/78/48 192/80/48
f 193/107/49 194/82/49 195/108/49
f 196/108/50 197/82/50 198/84/50
f 199/88/51 200/89/51 201/109/51
f 202/109/52 203/89/52 204/110/52
f 205/111/53 206/110/53 207/90/53
f 208/90/54 209/110/54 210/89/54
f 211/93/55 212/92/55 213/112/55
f 214/112/56 215/92/56 216/113/56
f 217/114/57 218/115/57 219/116/57
f 220/116/58 221/115/58 222/117/58
f 223/118/59 224/119/59 225/120/59
f 226/119/60 227/121/60 228/120/60
f 229/121/61 230/122/61 231/120/61
f 232/122/62 233/123/62 234/120/62
f 235/123/63 236/124/63 237/120/63
f 238/125/64 239/126/64 240/127/64
f 241/127/65 242/126/65 243/128/65
f 244/128/66 245/126/66 246/129/66
f 247/129/67 248/126/67 249/130/67
s 1
f 250/126/68 251/131/68 252/130/68
s 0
f 253/132/69 254/133/69 255/134/69
f 256/134/70 257/133/70 258/135/70
f 259/136/71 260/137/71 261/138/71
f 262/138/72 263/137/72 264/134/72
f 265/139/73 266/140/73 267/141/73
f 268/141/74 269/140/74 270/142/74
f 271/143/75 272/144/75 273/145/75
f 274/145/76 275/144/76 276/146/76
f 277/147/77 278/148/77 279/149/77
f 280/149/78 281/148/78 282/150/78
f 283/151/79 284/139/79 285/152/79
f 286/152/80 287/139/80 288/140/80
f 289/153/81 290/137/81 291/154/81
f 292/154/82 293/137/82 294/155/82
f 295/156/83 296/157/83 297/158/83
f 298/158/84 299/157/84 300/159/84
f 301/137/85 302/155/85 303/134/85
f 304/134/86 305/155/86 306/160/86
f 307/161/87 308/162/87 309/153/87
f 310/153/88 311/162/88 312/154/88
f 313/140/89 314/163/89 315/142/89
f 316/142/90 317/163/90 318/164/90
f 319/145/91 320/165/91 321/143/91
f 322/143/92 323/165/92 324/166/92
f 325/167/93 326/168/93 327/147/93
f 328/147/94 329/168/94 330/148/94
f 331/163/95 332/169/95 333/140/95
f 334/140/96 335/169/96 336/152/96
s 1
f 337/142/97 338/161/97 339/164/97
s 0
f 340/164/98 341/161/98 342/162/98
f 343/170/99 344/171/99 345/172/99
f 346/172/100 347/171/100 348/173/100
f 349/174/101 350/175/101 351/176/101
f 352/176/102 353/175/102 354/177/102
f 355/176/103 356/174/103 357/170/103
f 358/170/104 359/174/104 360/172/104
f 361/171/105 362/173/105 363/178/105
f 364/178/106 365/173/106 366/179/106
f 367/180/107 368/181/107 369/182/107
f 370/182/108 371/181/108 372/183/108
f 373/184/109 374/185/109 375/186/109
f 376/186/110 377/185/110 378/187/110
f 379/188/111 380/189/111 381/190/111
f 382/190/112 383/189/112 384/191/112
f 385/178/113 386/183/113 387/179/113
f 388/179/114 389/183/114 390/182/114
f 391/79/115 392/192/115 393/81/115
f 394/192/116 395/83/116 396/81/116
f 397/193/117 398/91/117 399/192/117
f 400/91/118 401/87/118 402/192/118
f 403/194/119 404/195/119 405/196/119
f 406/195/120 407/197/120 408/196/120
f 409/197/121 410/198/121 411/196/121
f 412/198/122 413/199/122 414/196/122
f 415/200/123 416/196/123 417/201/123
f 418/196/124 419/199/124 420/201/124
f 421/200/125 422/202/125 423/196/125
f 424/202/126 425/203/126 426/196/126
f 427/203/127 428/204/127 429/196/127
s 1
f 430/204/128 431/205/128 432/196/128
s 0
f 433/206/129 434/207/129 435/196/129
f 436/207/130 437/208/130 438/196/130
f 439/194/131 440/196/131 441/209/131
f 442/196/132 443/208/132 444/209/132
f 445/154/133 446/155/133 447/173/133
f 448/173/134 449/155/134 450/172/134
f 451/210/135 452/211/135 453/156/135
f 454/156/136 455/211/136 456/157/136
f 457/174/137 458/160/137 459/172/137
f 460/172/138 461/160/138 462/155/138
f 463/162/139 464/179/139 465/154/139
f 466/154/140 467/179/140 468/173/140
f 469/163/141 470/180/141 471/164/141
s 1
f 472/164/142 473/180/142 474/182/142
s 0
f 475/165/143 476/184/143 477/166/143
f 478/166/144 479/184/144 480/186/144
f 481/189/145 482/188/145 483/167/145
f 484/167/146 485/188/146 486/168/146
f 487/180/147 488/212/147 489/163/147
f 490/163/148 491/212/148 492/169/148
f 493/158/149 494/159/149 495/135/149
f 496/135/150 497/159/150 498/134/150
f 499/134/151 500/160/151 501/159/151
f 502/159/152 503/160/152 504/157/152
f 505/134/153 506/159/153 507/160/153
f 508/160/154 509/159/154 510/157/154
f 511/160/155 512/174/155 513/157/155
f 514/157/156 515/174/156 516/211/156
f 517/210/157 518/175/157 519/211/157
f 520/211/158 521/175/158 522/174/158
f 523/160/159 524/157/159 525/174/159
f 526/174/160 527/157/160 528/211/160
f 529/213/161 530/214/161 531/215/161
f 532/215/162 533/214/162 534/216/162
f 535/214/163 536/213/163 537/161/163
s 1
f 538/161/164 539/213/164 540/153/164
s 0
f 541/161/165 542/153/165 543/162/165
f 544/162/166 545/153/166 546/154/166
s 1
f 547/162/167 548/154/167 549/179/167
s 0
f 550/179/168 551/154/168 552/173/168
f 553/179/169 554/173/169 555/178/169
f 556/178/170 557/173/170 558/171/170
f 559/217/171 560/218/171 561/132/171
f 562/132/172 563/218/172 564/219/172
f 565/134/173 566/137/173 567/132/173
f 568/132/174 569/137/174 570/217/174
f 571/137/175 572/134/175 573/155/175
f 574/155/176 575/134/176 576/160/176
f 577/174/177 578/172/177 579/160/177
f 580/160/178 581/172/178 582/155/178
f 583/176/179 584/170/179 585/174/179
f 586/174/180 587/170/180 588/172/180
f 589/138/181 590/134/181 591/133/181
f 592/133/182 593/134/182 594/135/182
f 595/134/183 596/159/183 597/135/183
f 598/135/184 599/159/184 600/158/184
f 601/159/185 602/157/185 603/158/185
f 604/158/186 605/157/186 606/156/186
f 607/210/187 608/156/187 609/211/187
f 610/211/188 611/156/188 612/157/188
f 613/210/189 614/211/189 615/175/189
s 1
f 616/175/190 617/211/190 618/174/190
s 0
f 619/174/191 620/176/191 621/175/191
f 622/175/192 623/176/192 624/177/192
f 625/137/193 626/136/193 627/153/193
f 628/153/194 629/136/194 630/220/194
f 631/153/195 632/154/195 633/137/195
f 634/137/196 635/154/196 636/155/196
f 637/154/197 638/173/197 639/155/197
f 640/155/198 641/173/198 642/172/198
f 643/173/199 644/171/199 645/172/199
s 1
f 646/172/200 647/171/200 648/170/200
s 0
f 649/162/201 650/161/201 651/164/201
f 652/164/202 653/161/202 654/142/202
f 655/182/203 656/183/203 657/179/203
f 658/179/204 659/183/204 660/178/204
f 661/116/205 662/114/205 663/221/205
f 664/221/206 665/114/206 666/222/206
f 667/223/207 668/93/207 669/224/207
f 670/224/208 671/93/208 672/112/208
f 673/93/209 674/223/209 675/95/209
f 676/95/210 677/223/210 678/225/210
f 679/92/211 680/64/211 681/113/211
f 682/113/212 683/64/212 684/96/212
s 1
f 685/64/213 686/92/213 687/62/213
s 0
f 688/62/214 689/92/214 690/94/214
f 691/97/215 692/65/215 693/98/215
f 694/98/216 695/65/216 696/66/216
f 697/66/217 698/65/217 699/67/217
f 700/67/23 701/65/23 702/63/23
f 703/101/218 704/99/218 705/102/218
f 706/99/219 707/68/219 708/102/219
f 709/68/220 710/70/220 711/102/220
f 712/68/221 713/69/221 714/70/221
f 715/70/222 716/69/222 717/71/222
f 718/100/223 719/72/223 720/103/223
f 721/103/224 722/72/224 723/77/224
s 1
f 724/72/225 725/73/225 726/77/225
s 0
f 727/77/226 728/73/226 729/76/226
f 730/91/227 731/193/227 732/90/227
f 733/90/228 734/193/228 735/226/228
f 736/227/229 737/111/229 738/226/229
f 739/226/230 740/111/230 741/90/230
f 742/142/231 743/140/231 744/141/231
f 745/141/232 746/140/232 747/139/232
f 748/140/233 749/142/233 750/163/233
f 751/163/234 752/142/234 753/164/234
f 754/163/235 755/164/235 756/180/235
f 757/180/236 758/164/236 759/182/236
f 760/183/237 761/181/237 762/182/237
f 763/182/238 764/181/238 765/180/238
f 766/83/239 767/82/239 768/81/239
f 769/81/240 770/82/240 771/80/240
f 772/106/241 773/80/241 774/107/241
f 775/107/242 776/80/242 777/82/242
f 778/116/243 779/221/243 780/114/243
f 781/114/244 782/221/244 783/222/244
f 784/151/245 785/152/245 786/139/245
f 787/139/246 788/152/246 789/140/246
f 790/152/247 791/169/247 792/140/247
f 793/140/248 794/169/248 795/163/248
f 796/169/249 797/212/249 798/163/249
s 1
f 799/163/250 800/212/250 801/180/250
s 0
f 802/115/251 803/117/251 804/216/251
f 805/216/251 806/117/251 807/228/251
f 808/137/252 809/153/252 810/217/252
f 811/217/253 812/153/253 813/213/253
f 814/54/254 815/52/254 816/56/254
f 817/57/255 818/56/255 819/58/255
f 820/56/255 821/52/255 822/58/255
f 823/58/255 824/52/255 825/59/255
f 826/59/255 827/52/255 828/60/255
f 829/52/255 830/61/255 831/60/255
s 1
f 832/52/256 833/54/256 834/53/256
s 0
f 835/53/257 836/54/257 837/55/257
f 838/51/258 839/49/258 840/50/258
f 841/50/259 842/49/259 843/48/259
f 844/44/260 845/46/260 846/45/260
f 847/45/261 848/46/261 849/47/261
f 850/40/262 851/42/262 852/41/262
f 853/41/263 854/42/263 855/43/263
f 856/18/264 857/20/264 858/19/264
f 859/21/265 860/229/265 861/20/265
f 862/229/264 863/19/264 864/20/264
f 865/31/266 866/33/266 867/32/266
f 868/33/266 869/34/266 870/32/266
f 871/34/266 872/35/266 873/32/266
f 874/39/267 875/37/267 876/38/267
f 877/38/267 878/37/267 879/36/267
f 880/26/268 881/24/268 882/27/268
f 883/27/268 884/24/268 885/25/268
s 1
f 886/25/268 887/24/268 888/23/268
s 0
f 889/28/269 890/30/269 891/29/269
f 892/5/266 893/7/266 894/6/266
f 895/6/266 896/7/266 897/8/266
f 898/9/270 899/11/270 900/10/270
f 901/10/270 902/11/270 903/12/270
f 904/4/267 905/2/267 906/3/267
f 907/3/267 908/2/267 909/1/267
f 910/13/268 911/15/268 912/230/268
f 913/16/268 914/230/268 915/17/268
f 916/15/268 917/17/268 918/230/268
f 919/231/271 920/10/271 921/232/271
f 922/232/271 923/10/271 924/12/271
f 925/233/272 926/16/272 927/234/272
f 928/16/272 929/235/272 930/234/272
f 931/234/272 932/235/272 933/236/272
f 934/237/273 935/238/273 936/239/273
f 937/239/273 938/238/273 939/240/273
f 940/240/273 941/238/273 942/241/273
f 943/241/273 944/238/273 945/242/273
f 946/1/274 947/2/274 948/243/274
f 949/243/274 950/2/274 951/244/274
f 952/245/275 953/246/275 954/247/275
f 955/248/275 956/249/275 957/246/275
f 958/246/275 959/249/275 960/247/275
f 961/250/276 962/251/276 963/252/276
f 964/252/276 965/251/276 966/253/276
f 967/254/277 968/255/277 969/256/277
f 970/255/277 971/257/277 972/256/277
f 973/257/277 974/258/277 975/256/277
f 976/256/277 977/258/277 978/259/277
f 979/258/277 980/260/277 981/259/277
f 982/260/277 983/261/277 984/259/277
f 985/262/278 986/263/278 987/264/278
f 988/263/278 989/265/278 990/264/278
f 991/265/278 992/266/278 993/264/278
f 994/264/278 995/266/278 996/267/278
f 997/266/278 998/268/278 999/267/278
f 1000/268/278 1001/269/278 1002/267/278
f 1003/270/271 1004/271/271 1005/272/271
f 1006/272/271 1007/271/271 1008/273/271
f 1009/274/276 1010/275/276 1011/276/276
f 1012/276/276 1013/275/276 1014/277/276
f 1015/278/279 1016/279/279 1017/280/279
f 1018/280/279 1019/279/279 1020/281/279
f 1021/282/280 1022/283/280 1023/284/280
f 1024/284/280 1025/283/280 1026/285/280
f 1027/286/281 1028/287/281 1029/283/281
f 1030/283/281 1031/287/281 1032/282/281
f 1033/288/282 1034/289/282 1035/290/282
f 1036/290/282 1037/289/282 1038/291/282
f 1039/291/283 1040/289/283 1041/292/283
s 1
f 1042/292/283 1043/289/283 1044/293/283
s 0
f 1045/292/284 1046/293/284 1047/294/284
f 1048/294/284 1049/293/284 1050/295/284
f 1051/294/285 1052/295/285 1053/296/285
f 1054/296/285 1055/295/285 1056/297/285
f 1057/297/286 1058/298/286 1059/296/286
f 1060/296/286 1061/298/286 1062/299/286
f 1063/298/287 1064/300/287 1065/299/287
f 1066/299/287 1067/300/287 1068/301/287
f 1069/301/288 1070/300/288 1071/302/288
f 1072/302/288 1073/300/288 1074/303/288
f 1075/302/289 1076/303/289 1077/304/289
f 1078/304/289 1079/303/289 1080/305/289
f 1081/304/290 1082/305/290 1083/306/290
f 1084/306/290 1085/305/290 1086/307/290
f 1087/307/291 1088/288/291 1089/306/291
f 1090/306/291 1091/288/291 1092/290/291
f 1093/308/292 1094/309/292 1095/310/292
f 1096/311/292 1097/312/292 1098/309/292
f 1099/312/292 1100/313/292 1101/309/292
f 1102/313/292 1103/310/292 1104/309/292
f 1105/314/277 1106/308/277 1107/315/277
f 1108/315/277 1109/308/277 1110/310/277
f 1111/316/293 1112/317/293 1113/318/293
f 1114/317/293 1115/319/293 1116/318/293
f 1117/314/293 1118/315/293 1119/319/293
f 1120/319/293 1121/315/293 1122/318/293
f 1123/319/294 1124/317/294 1125/320/294
f 1126/320/294 1127/317/294 1128/321/294
f 1129/320/295 1130/321/295 1131/322/295
f 1132/322/295 1133/321/295 1134/323/295
f 1135/322/296 1136/323/296 1137/324/296
f 1138/324/296 1139/323/296 1140/325/296
f 1141/324/278 1142/325/278 1143/326/278
f 1144/326/278 1145/325/278 1146/327/278
f 1147/326/297 1148/327/297 1149/328/297
f 1150/328/297 1151/327/297 1152/329/297
f 1153/328/298 1154/329/298 1155/330/298
f 1156/330/298 1157/329/298 1158/331/298
f 1159/330/299 1160/331/299 1161/332/299
f 1162/332/299 1163/331/299 1164/333/299
f 1165/334/300 1166/335/300 1167/336/300
f 1168/336/300 1169/335/300 1170/337/300
f 1171/335/300 1172/338/300 1173/337/300
f 1174/339/301 1175/338/301 1176/340/301
f 1177/340/301 1178/338/301 1179/341/301
f 1180/342/302 1181/343/302 1182/344/302
f 1183/343/302 1184/345/302 1185/344/302
f 1186/345/302 1187/341/302 1188/344/302
f 1189/344/303 1190/346/303 1191/342/303
f 1192/342/303 1193/346/303 1194/347/303
f 1195/347/304 1196/346/304 1197/348/304
f 1198/348/304 1199/346/304 1200/349/304
f 1201/348/305 1202/349/305 1203/350/305
f 1204/350/305 1205/349/305 1206/351/305
f 1207/350/306 1208/351/306 1209/352/306
f 1210/352/306 1211/351/306 1212/353/306
f 1213/353/307 1214/354/307 1215/352/307
f 1216/352/307 1217/354/307 1218/355/307
f 1219/354/308 1220/356/308 1221/355/308
f 1222/355/308 1223/356/308 1224/357/308
f 1225/357/309 1226/356/309 1227/334/309
f 1228/334/309 1229/356/309 1230/335/309
f 1231/358/276 1232/359/276 1233/360/276
f 1234/361/276 1235/360/276 1236/362/276
f 1237/360/276 1238/359/276 1239/362/276
f 1240/363/276 1241/361/276 1242/364/276
f 1243/364/276 1244/361/276 1245/362/276
f 1246/365/276 1247/366/276 1248/367/276
f 1249/368/276 1250/364/276 1251/366/276
f 1252/366/276 1253/364/276 1254/367/276
f 1255/369/276 1256/365/276 1257/370/276
f 1258/370/276 1259/365/276 1260/367/276
f 1261/369/276 1262/370/276 1263/371/276
f 1264/371/276 1265/370/276 1266/372/276
f 1267/371/276 1268/372/276 1269/373/276
f 1270/374/276 1271/373/276 1272/375/276
f 1273/373/276 1274/372/276 1275/375/276
f 1276/376/276 1277/374/276 1278/377/276
f 1279/377/276 1280/374/276 1281/375/276
f 1282/378/276 1283/379/276 1284/380/276
f 1285/376/276 1286/377/276 1287/379/276
f 1288/379/276 1289/377/276 1290/380/276
f 1291/381/276 1292/378/276 1293/382/276
f 1294/382/276 1295/378/276 1296/380/276
f 1297/381/276 1298/382/276 1299/358/276
f 1300/358/276 1301/382/276 1302/359/276
f 1303/383/280 1304/384/280 1305/385/280
f 1306/385/280 1307/384/280 1308/386/280
f 1309/386/280 1310/384/280 1311/387/280
f 1312/387/280 1313/384/280 1314/388/280
f 1315/388/280 1316/384/280 1317/389/280
f 1318/389/280 1319/384/280 1320/390/280
f 1321/390/280 1322/384/280 1323/391/280
f 1324/391/280 1325/384/280 1326/392/280
f 1327/392/280 1328/384/280 1329/393/280
f 1330/393/280 1331/384/280 1332/383/280
s 1
f 1333/291/296 1334/362/296 1335/290/296
s 0
f 1336/290/296 1337/362/296 1338/359/296
f 1339/292/278 1340/364/278 1341/291/278
f 1342/291/278 1343/364/278 1344/362/278
f 1345/294/297 1346/367/297 1347/292/297
f 1348/292/297 1349/367/297 1350/364/297
f 1351/296/298 1352/370/298 1353/294/298
f 1354/294/298 1355/370/298 1356/367/298
f 1357/299/299 1358/372/299 1359/296/299
f 1360/296/299 1361/372/299 1362/370/299
f 1363/301/292 1364/375/292 1365/299/292
f 1366/299/292 1367/375/292 1368/372/292
f 1369/302/277 1370/377/277 1371/301/277
f 1372/301/277 1373/377/277 1374/375/277
s 1
f 1375/304/293 1376/380/293 1377/302/293
s 0
f 1378/302/293 1379/380/293 1380/377/293
s 1
f 1381/306/294 1382/382/294 1383/304/294
s 0
f 1384/304/294 1385/382/294 1386/380/294
f 1387/290/295 1388/359/295 1389/306/295
s 1
f 1390/306/295 1391/359/295 1392/382/295
s 0
f 1393/335/296 1394/383/296 1395/338/296
f 1396/338/296 1397/383/296 1398/385/296
f 1399/338/278 1400/385/278 1401/341/278
f 1402/341/278 1403/385/278 1404/386/278
f 1405/341/297 1406/386/297 1407/344/297
f 1408/344/297 1409/386/297 1410/387/297
f 1411/344/298 1412/387/298 1413/346/298
f 1414/346/298 1415/387/298 1416/388/298
f 1417/346/299 1418/388/299 1419/349/299
f 1420/349/299 1421/388/299 1422/389/299
f 1423/349/292 1424/389/292 1425/351/292
f 1426/351/292 1427/389/292 1428/390/292
f 1429/351/277 1430/390/277 1431/353/277
f 1432/353/277 1433/390/277 1434/391/277
f 1435/353/293 1436/391/293 1437/354/293
f 1438/354/293 1439/391/293 1440/392/293
f 1441/354/294 1442/392/294 1443/356/294
f 1444/356/294 1445/392/294 1446/393/294
f 1447/356/295 1448/393/295 1449/335/295
f 1450/335/295 1451/393/295 1452/383/295
f 1453/394/310 1454/395/310 1455/396/310
f 1456/397/310 1457/398/310 1458/399/310
f 1459/395/310 1460/399/310 1461/396/310
f 1462/398/310 1463/396/310 1464/399/310
f 1465/395/276 1466/400/276 1467/399/276
f 1468/399/276 1469/400/276 1470/401/276
f 1471/402/311 1472/401/311 1473/403/311
f 1474/404/311 1475/405/311 1476/400/311
f 1477/401/311 1478/400/311 1479/403/311
f 1480/405/311 1481/403/311 1482/400/311
f 1483/397/312 1484/399/312 1485/406/312
f 1486/402/312 1487/407/312 1488/401/312
f 1489/407/312 1490/408/312 1491/401/312
f 1492/401/312 1493/408/312 1494/399/312
f 1495/408/312 1496/406/312 1497/399/312
f 1498/404/313 1499/400/313 1500/409/313
f 1501/410/313 1502/411/313 1503/395/313
f 1504/409/313 1505/400/313 1506/412/313
f 1507/400/313 1508/395/313 1509/412/313
f 1510/395/313 1511/411/313 1512/412/313
f 1513/410/312 1514/395/312 1515/411/312
f 1516/404/312 1517/409/312 1518/400/312
f 1519/411/312 1520/395/312 1521/412/312
f 1522/395/312 1523/400/312 1524/412/312
f 1525/412/312 1526/400/312 1527/409/312
s 1
f 1528/402/313 1529/401/313 1530/407/313
s 0
f 1531/397/313 1532/406/313 1533/399/313
f 1534/406/313 1535/408/313 1536/399/313
f 1537/399/313 1538/408/313 1539/401/313
f 1540/401/313 1541/408/313 1542/407/313
f 1543/404/311 1544/400/311 1545/405/311
f 1546/402/311 1547/403/311 1548/401/311
f 1549/400/311 1550/401/311 1551/405/311
f 1552/401/311 1553/403/311 1554/405/311
f 1555/395/276 1556/399/276 1557/400/276
f 1558/400/276 1559/399/276 1560/401/276
f 1561/397/310 1562/399/310 1563/413/310
f 1564/410/310 1565/396/310 1566/395/310
f 1567/399/310 1568/395/310 1569/413/310
s 1
f 1570/395/310 1571/396/310 1572/413/310
s 0
f 1573/356/298 1574/335/298 1575/393/298
f 1576/393/298 1577/335/298 1578/383/298
f 1579/354/299 1580/356/299 1581/392/299
f 1582/392/299 1583/356/299 1584/393/299
f 1585/353/292 1586/354/292 1587/391/292
f 1588/391/292 1589/354/292 1590/392/292
f 1591/351/277 1592/353/277 1593/390/277
f 1594/390/277 1595/353/277 1596/391/277
f 1597/349/293 1598/351/293 1599/389/293
f 1600/389/293 1601/351/293 1602/390/293
f 1603/346/294 1604/349/294 1605/388/294
f 1606/388/294 1607/349/294 1608/389/294
f 1609/344/295 1610/346/295 1611/387/295
f 1612/387/295 1613/346/295 1614/388/295
f 1615/341/296 1616/344/296 1617/386/296
f 1618/386/296 1619/344/296 1620/387/296
f 1621/338/278 1622/341/278 1623/385/278
f 1624/385/278 1625/341/278 1626/386/278
f 1627/335/297 1628/338/297 1629/383/297
f 1630/383/297 1631/338/297 1632/385/297
f 1633/290/298 1634/306/298 1635/359/298
s 1
f 1636/359/298 1637/306/298 1638/382/298
f 1639/306/299 1640/304/299 1641/382/299
s 0
f 1642/382/299 1643/304/299 1644/380/299
f 1645/304/292 1646/302/292 1647/380/292
f 1648/380/292 1649/302/292 1650/377/292
f 1651/302/277 1652/301/277 1653/377/277
f 1654/377/277 1655/301/277 1656/375/277
f 1657/301/293 1658/299/293 1659/375/293
f 1660/375/293 1661/299/293 1662/372/293
f 1663/299/294 1664/296/294 1665/372/294
f 1666/372/294 1667/296/294 1668/370/294
f 1669/296/295 1670/294/295 1671/370/295
f 1672/370/295 1673/294/295 1674/367/295
f 1675/294/296 1676/292/296 1677/367/296
f 1678/367/296 1679/292/296 1680/364/296
f 1681/292/278 1682/291/278 1683/364/278
f 1684/364/278 1685/291/278 1686/362/278
f 1687/291/297 1688/290/297 1689/362/297
f 1690/362/297 1691/290/297 1692/359/297
f 1693/393/280 1694/383/280 1695/384/280
f 1696/392/280 1697/393/280 1698/384/280
f 1699/391/280 1700/392/280 1701/384/280
f 1702/390/280 1703/391/280 1704/384/280
f 1705/389/280 1706/390/280 1707/384/280
f 1708/388/280 1709/389/280 1710/384/280
f 1711/387/280 1712/388/280 1713/384/280
f 1714/386/280 1715/387/280 1716/384/280
f 1717/385/280 1718/386/280 1719/384/280
f 1720/383/280 1721/385/280 1722/384/280
f 1723/381/276 1724/358/276 1725/382/276
f 1726/382/276 1727/358/276 1728/359/276
f 1729/381/276 1730/382/276 1731/378/276
f 1732/378/276 1733/382/276 1734/380/276
f 1735/378/276 1736/380/276 1737/379/276
f 1738/376/276 1739/379/276 1740/377/276
f 1741/379/276 1742/380/276 1743/377/276
f 1744/374/276 1745/376/276 1746/375/276
f 1747/375/276 1748/376/276 1749/377/276
f 1750/371/276 1751/373/276 1752/372/276
f 1753/374/276 1754/375/276 1755/373/276
f 1756/373/276 1757/375/276 1758/372/276
f 1759/369/276 1760/371/276 1761/370/276
f 1762/370/276 1763/371/276 1764/372/276
f 1765/369/276 1766/370/276 1767/365/276
f 1768/365/276 1769/370/276 1770/367/276
f 1771/365/276 1772/367/276 1773/414/276
f 1774/363/276 1775/414/276 1776/364/276
f 1777/414/276 1778/367/276 1779/364/276
f 1780/361/276 1781/363/276 1782/362/276
f 1783/362/276 1784/363/276 1785/364/276
f 1786/358/276 1787/360/276 1788/359/276
f 1789/361/276 1790/362/276 1791/360/276
f 1792/360/276 1793/362/276 1794/359/276
f 1795/357/303 1796/334/303 1797/356/303
f 1798/356/303 1799/334/303 1800/335/303
f 1801/357/304 1802/356/304 1803/355/304
f 1804/355/304 1805/356/304 1806/354/304
f 1807/355/305 1808/354/305 1809/352/305
f 1810/352/305 1811/354/305 1812/353/305
f 1813/350/306 1814/352/306 1815/351/306
f 1816/351/306 1817/352/306 1818/353/306
f 1819/348/307 1820/350/307 1821/349/307
f 1822/349/307 1823/350/307 1824/351/307
f 1825/347/308 1826/348/308 1827/346/308
f 1828/346/308 1829/348/308 1830/349/308
f 1831/347/309 1832/346/309 1833/342/309
f 1834/342/309 1835/346/309 1836/344/309
f 1837/342/300 1838/344/300 1839/343/300
f 1840/343/300 1841/344/300 1842/415/300
f 1843/415/300 1844/344/300 1845/341/300
f 1846/339/301 1847/340/301 1848/338/301
f 1849/338/301 1850/340/301 1851/341/301
f 1852/334/302 1853/416/302 1854/335/302
f 1855/416/302 1856/337/302 1857/335/302
f 1858/337/302 1859/338/302 1860/335/302
f 1861/330/294 1862/332/294 1863/331/294
f 1864/331/294 1865/332/294 1866/333/294
f 1867/328/295 1868/330/295 1869/329/295
f 1870/329/295 1871/330/295 1872/331/295
f 1873/326/296 1874/328/296 1875/327/296
f 1876/327/296 1877/328/296 1878/329/296
f 1879/324/278 1880/326/278 1881/325/278
f 1882/325/278 1883/326/278 1884/327/278
f 1885/322/297 1886/324/297 1887/323/297
f 1888/323/297 1889/324/297 1890/325/297
f 1891/320/298 1892/322/298 1893/321/298
f 1894/321/298 1895/322/298 1896/323/298
f 1897/319/299 1898/320/299 1899/317/299
f 1900/317/299 1901/320/299 1902/321/299
f 1903/316/292 1904/318/292 1905/317/292
f 1906/317/292 1907/318/292 1908/319/292
f 1909/314/292 1910/319/292 1911/315/292
f 1912/318/292 1913/315/292 1914/319/292
f 1915/310/314 1916/308/314 1917/315/314
f 1918/315/277 1919/308/277 1920/314/277
f 1921/312/315 1922/311/315 1923/313/315
f 1924/311/316 1925/309/316 1926/313/316
f 1927/313/317 1928/309/317 1929/310/317
s 1
f 1930/309/318 1931/308/318 1932/310/318
s 0
f 1933/290/285 1934/288/285 1935/306/285
f 1936/306/285 1937/288/285 1938/307/285
f 1939/304/286 1940/306/286 1941/305/286
f 1942/305/286 1943/306/286 1944/307/286
f 1945/302/287 1946/304/287 1947/303/287
s 1
f 1948/303/287 1949/304/287 1950/305/287
s 0
f 1951/301/288 1952/302/288 1953/300/288
f 1954/300/288 1955/302/288 1956/303/288
f 1957/301/289 1958/300/289 1959/299/289
f 1960/299/289 1961/300/289 1962/298/289
f 1963/299/290 1964/298/290 1965/296/290
f 1966/296/290 1967/298/290 1968/297/290
f 1969/294/291 1970/296/291 1971/295/291
f 1972/295/291 1973/296/291 1974/297/291
f 1975/292/282 1976/294/282 1977/293/282
f 1978/293/282 1979/294/282 1980/295/282
f 1981/291/283 1982/292/283 1983/289/283
f 1984/289/283 1985/292/283 1986/293/283
f 1987/291/284 1988/289/284 1989/290/284
f 1990/290/284 1991/289/284 1992/288/284
f 1993/417/271 1994/418/271 1995/419/271
f 1996/255/271 1997/420/271 1998/260/271
f 1999/420/271 2000/421/271 2001/260/271
f 2002/260/271 2003/421/271 2004/422/271
f 2005/421/271 2006/419/271 2007/422/271
f 2008/418/271 2009/423/271 2010/419/271
f 2011/419/271 2012/423/271 2013/422/271
f 2014/424/279 2015/425/279 2016/426/279
f 2017/265/279 2018/266/279 2019/427/279
f 2020/427/279 2021/266/279 2022/428/279
f 2023/266/279 2024/429/279 2025/428/279
f 2026/428/279 2027/429/279 2028/425/279
f 2029/426/279 2030/425/279 2031/430/279
f 2032/429/279 2033/430/279 2034/425/279
f 2035/271/319 2036/273/319 2037/270/319
s 1
f 2038/270/319 2039/273/319 2040/272/319
s 0
f 2041/431/320 2042/277/320 2043/432/320
f 2044/432/320 2045/277/320 2046/251/320
f 2047/433/281 2048/434/281 2049/435/281
f 2050/435/281 2051/434/281 2052/436/281
f 2053/437/321 2054/52/321 2055/438/321
f 2056/53/322 2057/52/322 2058/439/322
f 2059/439/322 2060/52/322 2061/437/322
f 2062/440/323 2063/52/323 2064/441/323
f 2065/441/323 2066/52/323 2067/61/323
f 2068/438/324 2069/52/324 2070/440/324
f 2071/442/325 2072/443/325 2073/444/325
s 1
f 2074/444/325 2075/443/325 2076/50/325
s 0
f 2077/443/326 2078/445/326 2079/50/326
f 2080/50/326 2081/445/326 2082/446/326
f 2083/445/326 2084/447/326 2085/446/326
f 2086/446/326 2087/447/326 2088/448/326
f 2089/447/326 2090/449/326 2091/448/326
f 2092/450/327 2093/50/327 2094/451/327
f 2095/451/328 2096/50/328 2097/452/328
f 2098/452/328 2099/50/328 2100/51/328
f 2101/453/271 2102/454/271 2103/455/271
f 2104/455/329 2105/454/329 2106/456/329
f 2107/456/271 2108/454/271 2109/457/271
f 2110/458/271 2111/459/271 2112/460/271
f 2113/454/271 2114/461/271 2115/457/271
f 2116/457/271 2117/461/271 2118/459/271
f 2119/462/271 2120/460/271 2121/461/271
f 2122/460/271 2123/459/271 2124/461/271
f 2125/463/279 2126/464/279 2127/465/279
f 2128/464/279 2129/466/279 2130/465/279
f 2131/465/279 2132/466/279 2133/467/279
f 2134/466/279 2135/468/279 2136/467/279
f 2137/469/279 2138/470/279 2139/468/279
f 2140/471/279 2141/467/279 2142/470/279
f 2143/467/279 2144/468/279 2145/470/279
f 2146/472/330 2147/473/330 2148/474/330
f 2149/474/330 2150/473/330 2151/475/330
f 2152/476/276 2153/473/276 2154/477/276
f 2155/477/276 2156/473/276 2157/472/276
f 2158/478/331 2159/479/331 2160/480/331
s 1
f 2161/481/332 2162/482/332 2163/483/332
s 0
f 2164/483/332 2165/482/332 2166/484/332
f 2167/482/332 2168/485/332 2169/484/332
s 1
f 2170/486/333 2171/50/333 2172/487/333
f 2173/488/333 2174/489/333 2175/490/333
f 2176/491/333 2177/492/333 2178/489/333
s 0
f 2179/489/333 2180/492/333 2181/490/333
f 2182/50/333 2183/446/333 2184/487/333
f 2185/487/333 2186/446/333 2187/493/333
f 2188/446/333 2189/494/333 2190/493/333
f 2191/494/333 2192/495/333 2193/493/333
f 2194/493/333 2195/495/333 2196/492/333
f 2197/495/333 2198/490/333 2199/492/333
f 2200/496/334 2201/497/334 2202/498/334
f 2203/499/335 2204/500/335 2205/501/335
s 1
f 2206/498/335 2207/497/335 2208/500/335
s 0
f 2209/502/336 2210/503/336 2211/486/336
f 2212/497/335 2213/48/335 2214/500/335
f 2215/501/335 2216/500/335 2217/504/335
f 2218/500/335 2219/48/335 2220/504/335
f 2221/48/337 2222/50/337 2223/504/337
s 1
f 2224/504/338 2225/50/339 2226/503/338
s 0
f 2227/50/336 2228/486/336 2229/503/336
s 1
f 2230/505/333 2231/506/333 2232/496/333
s 0
f 2233/496/333 2234/506/333 2235/497/333
f 2236/507/277 2237/508/277 2238/509/277
f 2239/509/277 2240/508/277 2241/510/277
f 2242/511/278 2243/512/278 2244/513/278
f 2245/514/278 2246/515/278 2247/516/278
f 2248/515/278 2249/517/278 2250/516/278
f 2251/516/278 2252/517/278 2253/512/278
f 2254/517/278 2255/518/278 2256/512/278
f 2257/518/278 2258/519/278 2259/512/278
f 2260/512/278 2261/519/278 2262/513/278
f 2263/513/278 2264/519/278 2265/520/278
f 2266/521/278 2267/522/278 2268/519/278
f 2269/519/278 2270/522/278 2271/520/278
f 2272/44/340 2273/40/340 2274/45/340
f 2275/45/340 2276/40/340 2277/42/340
f 2278/41/341 2279/46/341 2280/43/341
f 2281/43/341 2282/46/341 2283/47/341
f 2284/523/342 2285/524/342 2286/525/342
f 2287/525/342 2288/524/342 2289/526/342
f 2290/47/343 2291/45/343 2292/43/343
f 2293/43/343 2294/45/343 2295/42/343
f 2296/517/278 2297/527/278 2298/518/278
f 2299/527/278 2300/528/278 2301/518/278
f 2302/528/278 2303/529/278 2304/518/278
f 2305/530/278 2306/531/278 2307/532/278
f 2308/533/278 2309/518/278 2310/534/278
f 2311/518/278 2312/529/278 2313/534/278
f 2314/529/278 2315/535/278 2316/534/278
f 2317/531/278 2318/536/278 2319/532/278
f 2320/535/278 2321/537/278 2322/534/278
f 2323/534/278 2324/537/278 2325/536/278
f 2326/538/344 2327/539/344 2328/537/344
f 2329/537/278 2330/539/278 2331/536/278
f 2332/540/278 2333/541/278 2334/539/278
f 2335/541/278 2336/542/278 2337/539/278
f 2338/539/278 2339/542/278 2340/536/278
f 2341/542/278 2342/532/278 2343/536/278
f 2344/543/277 2345/544/277 2346/507/277
f 2347/507/277 2348/544/277 2349/508/277
f 2350/545/332 2351/546/332 2352/547/332
f 2353/547/332 2354/546/332 2355/548/332
f 2356/549/276 2357/550/276 2358/551/276
f 2359/551/276 2360/550/276 2361/552/276
f 2362/552/330 2363/550/330 2364/553/330
f 2365/553/330 2366/550/330 2367/554/330
f 2368/555/279 2369/556/279 2370/557/279
f 2371/558/279 2372/559/279 2373/556/279
f 2374/556/279 2375/559/279 2376/557/279
f 2377/560/271 2378/561/271 2379/562/271
f 2380/563/271 2381/562/271 2382/564/271
f 2383/561/271 2384/564/271 2385/562/271
s 1
f 2386/565/345 2387/566/345 2388/49/345
s 0
f 2389/566/346 2390/48/346 2391/49/346
f 2392/565/347 2393/49/347 2394/567/347
f 2395/568/348 2396/55/348 2397/569/348
f 2398/55/349 2399/54/349 2400/569/349
s 1
f 2401/570/350 2402/55/350 2403/571/350
s 0
f 2404/55/350 2405/568/350 2406/571/350
f 2407/569/351 2408/54/351 2409/572/351
f 2410/54/351 2411/56/351 2412/572/351
f 2413/573/352 2414/56/352 2415/574/352
s 1
f 2416/566/353 2417/575/353 2418/48/276
s 0
f 2419/575/354 2420/497/354 2421/48/354
f 2422/576/355 2423/497/355 2424/575/355
f 2425/577/356 2426/578/356 2427/579/356
f 2428/579/356 2429/578/356 2430/580/356
f 2431/580/357 2432/578/357 2433/581/357
f 2434/581/357 2435/578/357 2436/582/357
f 2437/583/278 2438/539/278 2439/584/278
f 2440/540/278 2441/585/278 2442/539/278
f 2443/584/278 2444/539/278 2445/585/278
f 2446/543/277 2447/544/277 2448/586/277
f 2449/586/277 2450/544/277 2451/587/277
f 2452/182/358 2453/164/358 2454/588/358
f 2455/589/359 2456/590/359 2457/162/359
f 2458/162/358 2459/590/358 2460/164/358
f 2461/590/360 2462/591/360 2463/164/360
s 1
f 2464/591/361 2465/592/361 2466/164/361
s 0
f 2467/592/359 2468/593/359 2469/164/359
f 2470/593/358 2471/588/358 2472/164/358
f 2473/588/362 2474/594/362 2475/182/362
f 2476/594/363 2477/595/363 2478/182/363
s 1
f 2479/595/364 2480/596/364 2481/182/364
s 0
f 2482/182/363 2483/596/363 2484/179/363
s 1
f 2485/596/365 2486/597/365 2487/179/365
s 0
f 2488/597/363 2489/598/363 2490/179/363
f 2491/589/363 2492/162/363 2493/599/363
f 2494/162/362 2495/179/362 2496/599/362
f 2497/598/363 2498/599/363 2499/179/363
f 2500/278/279 2501/279/279 2502/280/279
f 2503/280/279 2504/279/279 2505/281/279
f 2506/600/278 2507/263/278 2508/601/278
f 2509/601/278 2510/263/278 2511/265/278
f 2512/602/276 2513/251/276 2514/603/276
f 2515/603/276 2516/251/276 2517/253/276
f 2518/604/277 2519/258/277 2520/605/277
f 2521/605/277 2522/258/277 2523/260/277
f 2524/606/280 2525/285/280 2526/607/280
f 2527/607/280 2528/285/280 2529/284/280
f 2530/608/277 2531/255/277 2532/609/277
f 2533/609/277 2534/255/277 2535/257/277
f 2536/610/278 2537/266/278 2538/611/278
f 2539/611/278 2540/266/278 2541/268/278
f 2542/270/271 2543/271/271 2544/272/271
f 2545/272/271 2546/271/271 2547/273/271
f 2548/612/276 2549/275/276 2550/613/276
f 2551/613/276 2552/275/276 2553/277/276
f 2554/614/280 2555/282/280 2556/615/280
f 2557/615/280 2558/282/280 2559/283/280
f 2560/616/271 2561/617/271 2562/618/271
f 2563/618/271 2564/617/271 2565/619/271
f 2566/620/279 2567/621/279 2568/622/279
f 2569/622/279 2570/621/279 2571/623/279
f 2572/624/278 2573/625/278 2574/626/278
f 2575/626/278 2576/625/278 2577/627/278
f 2578/628/276 2579/629/276 2580/630/276
f 2581/630/276 2582/629/276 2583/631/276
f 2584/632/277 2585/633/277 2586/634/277
f 2587/634/277 2588/633/277 2589/635/277
f 2590/636/280 2591/637/280 2592/638/280
f 2593/638/280 2594/637/280 2595/639/280
f 2596/85/366 2597/86/366 2598/84/366
f 2599/84/366 2600/86/366 2601/88/366
f 2602/84/367 2603/88/367 2604/108/367
f 2605/108/367 2606/88/367 2607/109/367
s 1
f 2608/218/172 2609/640/172 2610/219/172
s 0
f 2611/219/172 2612/640/172 2613/641/172
f 2614/641/368 2615/642/368 2616/219/368
f 2617/219/368 2618/642/368 2619/643/368
f 2620/641/369 2621/640/369 2622/219/369
f 2623/219/369 2624/640/369 2625/218/369
f 2626/644/370 2627/228/370 2628/215/370
s 1
f 2629/215/370 2630/228/370 2631/216/370
s 0
f 2632/123/371 2633/130/371 2634/124/371
f 2635/124/371 2636/130/371 2637/131/371
f 2638/643/368 2639/133/368 2640/219/368
s 1
f 2641/219/368 2642/133/368 2643/132/368
s 0
f 2644/219/369 2645/218/369 2646/138/369
f 2647/138/369 2648/218/369 2649/136/369
f 2650/215/370 2651/216/370 2652/220/370
f 2653/220/370 2654/216/370 2655/214/370
f 2656/645/275 2657/646/275 2658/114/275
s 1
f 2659/646/275 2660/647/275 2661/114/275
s 0
f 2662/647/372 2663/648/372 2664/114/372
f 2665/648/275 2666/649/275 2667/114/275
f 2668/114/275 2669/649/275 2670/115/275
f 2671/649/275 2672/650/275 2673/115/275
f 2674/651/275 2675/652/275 2676/653/275
f 2677/650/275 2678/654/275 2679/115/275
f 2680/115/275 2681/654/275 2682/141/275
f 2683/654/275 2684/655/275 2685/141/275
f 2686/655/275 2687/656/275 2688/141/275
f 2689/656/275 2690/653/275 2691/141/275
f 2692/653/275 2693/652/275 2694/141/275
f 2695/652/275 2696/139/275 2697/141/275
f 2698/120/373 2699/124/373 2700/144/373
f 2701/144/373 2702/124/373 2703/146/373
f 2704/124/278 2705/131/278 2706/146/278
f 2707/146/278 2708/131/278 2709/150/278
s 1
f 2710/131/374 2711/126/374 2712/150/374
s 0
f 2713/150/374 2714/126/374 2715/149/374
f 2716/652/375 2717/139/375 2718/657/375
f 2719/139/375 2720/151/375 2721/657/375
f 2722/657/375 2723/151/375 2724/658/375
f 2725/114/375 2726/645/375 2727/222/375
f 2728/645/375 2729/659/375 2730/222/375
f 2731/222/375 2732/659/375 2733/151/375
f 2734/659/375 2735/660/375 2736/151/375
f 2737/660/375 2738/245/375 2739/151/375
f 2740/245/375 2741/246/375 2742/151/375
f 2743/658/375 2744/151/375 2745/246/375
f 2746/216/251 2747/214/251 2748/115/251
f 2749/115/251 2750/214/251 2751/141/251
f 2752/213/376 2753/215/376 2754/217/376
f 2755/217/377 2756/215/377 2757/218/377
f 2758/220/370 2759/214/370 2760/153/370
f 2761/153/370 2762/214/370 2763/161/370
f 2764/146/378 2765/150/378 2766/145/378
f 2767/145/378 2768/150/378 2769/148/378
f 2770/214/251 2771/161/251 2772/141/251
f 2773/141/251 2774/161/251 2775/142/251
f 2776/145/379 2777/148/379 2778/165/379
f 2779/165/379 2780/148/379 2781/168/379
f 2782/184/380 2783/188/380 2784/185/380
f 2785/185/380 2786/188/380 2787/190/380
f 2788/212/381 2789/180/381 2790/661/381
f 2791/661/382 2792/180/382 2793/181/382
f 2794/94/383 2795/662/383 2796/62/383
f 2797/63/383 2798/62/383 2799/662/383
f 2800/69/384 2801/67/384 2802/662/384
f 2803/67/384 2804/63/384 2805/662/384
f 2806/73/385 2807/71/385 2808/662/385
f 2809/71/385 2810/69/385 2811/662/385
f 2812/74/386 2813/76/386 2814/662/386
f 2815/76/386 2816/73/386 2817/662/386
f 2818/85/387 2819/83/387 2820/192/387
f 2821/86/388 2822/85/388 2823/192/388
f 2824/87/389 2825/86/389 2826/192/389
f 2827/225/390 2828/662/390 2829/95/390
f 2830/94/390 2831/95/390 2832/662/390
f 2833/205/391 2834/663/391 2835/196/391
f 2836/663/392 2837/664/392 2838/196/392
f 2839/664/393 2840/206/393 2841/196/393
f 2842/165/394 2843/168/394 2844/184/394
f 2845/184/394 2846/168/394 2847/188/394
f 2848/119/395 2849/127/395 2850/121/395
f 2851/121/395 2852/127/395 2853/128/395
s 1
f 2854/665/371 2855/666/371 2856/667/371
s 0
f 2857/667/371 2858/666/371 2859/668/371
f 2860/665/371 2861/667/371 2862/669/371
f 2863/667/371 2864/670/371 2865/669/371
f 2866/669/371 2867/670/371 2868/671/371
f 2869/670/371 2870/672/371 2871/671/371
s 1
f 2872/666/371 2873/671/371 2874/668/371
s 0
f 2875/672/371 2876/668/371 2877/671/371
f 2878/122/396 2879/129/396 2880/123/396
f 2881/123/396 2882/129/396 2883/130/396
f 2884/673/280 2885/674/280 2886/673/280
f 2887/673/280 2888/674/280 2889/674/280
f 2890/675/271 2891/675/271 2892/674/271
f 2893/674/271 2894/675/271 2895/674/271
f 2896/675/276 2897/676/276 2898/675/276
f 2899/675/276 2900/676/276 2901/676/276
f 2902/676/279 2903/673/279 2904/676/279
f 2905/676/279 2906/673/279 2907/673/279
f 2908/228/162 2909/644/162 2910/216/162
f 2911/216/162 2912/644/162 2913/215/162
f 2914/643/397 2915/642/397 2916/219/397
f 2917/219/397 2918/642/397 2919/641/397
f 2920/643/397 2921/219/397 2922/133/397
f 2923/133/397 2924/219/397 2925/138/397
f 2926/218/194 2927/640/194 2928/215/194
s 1
f 2929/215/194 2930/640/194 2931/644/194
s 0
f 2932/218/194 2933/215/194 2934/136/194
f 2935/136/194 2936/215/194 2937/220/194
f 2938/216/398 2939/228/398 2940/115/398
f 2941/115/398 2942/228/398 2943/117/398
f 2944/216/398 2945/115/398 2946/214/398
f 2947/214/398 2948/115/398 2949/141/398
f 2950/214/398 2951/141/398 2952/161/398
f 2953/161/398 2954/141/398 2955/142/398
s 1
f 2956/644/399 2957/640/399 2958/215/399
s 0
f 2959/215/399 2960/640/399 2961/218/399
f 2962/645/400 2963/114/400 2964/646/400
f 2965/646/400 2966/114/400 2967/677/400
f 2968/677/400 2969/114/400 2970/678/400
f 2971/678/400 2972/114/400 2973/679/400
f 2974/114/400 2975/115/400 2976/679/400
f 2977/680/400 2978/681/400 2979/652/400
f 2980/679/400 2981/115/400 2982/682/400
f 2983/682/400 2984/115/400 2985/683/400
f 2986/115/400 2987/141/400 2988/683/400
f 2989/683/400 2990/141/400 2991/684/400
f 2992/684/400 2993/141/400 2994/685/400
f 2995/685/400 2996/141/400 2997/681/400
f 2998/681/400 2999/141/400 3000/652/400
f 3001/652/400 3002/141/400 3003/139/400
f 3004/652/401 3005/686/401 3006/139/401
f 3007/139/401 3008/686/401 3009/151/401
f 3010/686/401 3011/658/401 3012/151/401
f 3013/114/401 3014/222/401 3015/645/401
f 3016/645/401 3017/222/401 3018/659/401
f 3019/222/401 3020/151/401 3021/659/401
f 3022/659/401 3023/151/401 3024/660/401
f 3025/660/401 3026/151/401 3027/245/401
f 3028/245/401 3029/151/401 3030/246/401
f 3031/658/401 3032/246/401 3033/151/401
f 3034/181/402 3035/180/402 3036/661/402
f 3037/661/403 3038/180/403 3039/212/403
f 3040/637/280 3041/639/280 3042/636/280
f 3043/636/280 3044/639/280 3045/638/280
f 3046/632/277 3047/633/277 3048/634/277
f 3049/634/277 3050/633/277 3051/635/277
f 3052/631/276 3053/630/276 3054/629/276
f 3055/629/276 3056/630/276 3057/628/276
f 3058/624/278 3059/625/278 3060/626/278
f 3061/626/278 3062/625/278 3063/627/278
f 3064/621/279 3065/623/279 3066/620/279
f 3067/620/279 3068/623/279 3069/622/279
f 3070/618/271 3071/616/271 3072/619/271
f 3073/619/271 3074/616/271 3075/617/271
f 3076/687/280 3077/688/280 3078/689/280
f 3079/689/280 3080/688/280 3081/690/280
f 3082/691/276 3083/692/276 3084/693/276
f 3085/693/276 3086/692/276 3087/694/276
f 3088/695/278 3089/696/278 3090/697/278
f 3091/697/278 3092/696/278 3093/698/278
f 3094/699/279 3095/700/279 3096/701/279
f 3097/701/279 3098/700/279 3099/702/279
f 3100/699/279 3101/701/279 3102/703/279
f 3103/701/279 3104/704/279 3105/703/279
f 3106/700/279 3107/705/279 3108/702/279
f 3109/702/279 3110/705/279 3111/706/279
f 3112/705/279 3113/703/279 3114/706/279
f 3115/703/279 3116/704/279 3117/706/279
f 3118/707/271 3119/708/271 3120/709/271
f 3121/709/271 3122/708/271 3123/710/271
f 3124/710/271 3125/708/271 3126/711/271
f 3127/708/271 3128/712/271 3129/711/271
f 3130/711/271 3131/712/271 3132/713/271
f 3133/712/271 3134/709/271 3135/713/271
f 3136/713/271 3137/709/271 3138/714/271
f 3139/709/271 3140/710/271 3141/714/271
f 3142/588/404 3143/182/404 3144/715/404
f 3145/715/405 3146/182/405 3147/716/405
f 3148/716/406 3149/182/406 3150/717/406
f 3151/182/405 3152/179/405 3153/717/405
s 1
f 3154/717/407 3155/179/407 3156/718/407
s 0
f 3157/718/405 3158/179/405 3159/719/405
s 1
f 3160/720/404 3161/721/404 3162/162/404
s 0
f 3163/162/408 3164/721/408 3165/179/408
f 3166/179/405 3167/721/405 3168/719/405
f 3169/182/409 3170/588/409 3171/164/409
f 3172/720/409 3173/162/409 3174/722/409
s 1
f 3175/162/409 3176/164/409 3177/722/409
f 3178/722/410 3179/164/410 3180/723/410
s 0
f 3181/723/411 3182/164/411 3183/724/411
f 3184/724/409 3185/164/409 3186/725/409
f 3187/164/409 3188/588/409 3189/725/409
f 3190/726/277 3191/544/277 3192/727/277
f 3193/727/277 3194/544/277 3195/543/277
f 3196/728/278 3197/729/278 3198/539/278
f 3199/540/278 3200/539/278 3201/730/278
f 3202/730/278 3203/539/278 3204/729/278
f 3205/580/412 3206/581/412 3207/578/412
f 3208/578/412 3209/581/412 3210/582/412
f 3211/580/413 3212/578/413 3213/579/413
f 3214/579/413 3215/578/413 3216/577/413
s 1
f 3217/731/414 3218/497/414 3219/732/414
f 3220/733/415 3221/48/276 3222/734/415
s 0
f 3223/48/416 3224/497/416 3225/734/416
f 3226/735/417 3227/56/417 3228/736/417
f 3229/737/418 3230/736/418 3231/54/418
f 3232/736/418 3233/56/418 3234/54/418
f 3235/738/419 3236/739/419 3237/55/419
f 3238/740/419 3239/55/419 3240/739/419
f 3241/740/420 3242/737/420 3243/55/420
f 3244/737/421 3245/54/421 3246/55/421
f 3247/741/422 3248/49/422 3249/742/422
s 1
f 3250/742/423 3251/49/423 3252/743/423
s 0
f 3253/49/423 3254/48/423 3255/743/423
f 3256/453/279 3257/455/279 3258/454/279
f 3259/455/279 3260/456/279 3261/454/279
f 3262/456/279 3263/457/279 3264/454/279
f 3265/458/279 3266/460/279 3267/459/279
f 3268/454/279 3269/457/279 3270/461/279
f 3271/457/279 3272/459/279 3273/461/279
f 3274/462/279 3275/461/279 3276/744/279
f 3277/459/279 3278/460/279 3279/461/279
f 3280/460/279 3281/745/279 3282/461/279
f 3283/745/279 3284/744/279 3285/461/279
f 3286/463/271 3287/465/271 3288/464/271
f 3289/464/271 3290/465/271 3291/466/271
f 3292/465/271 3293/467/271 3294/466/271
f 3295/466/271 3296/467/271 3297/468/271
f 3298/469/271 3299/468/271 3300/470/271
f 3301/471/271 3302/746/271 3303/467/271
f 3304/468/271 3305/467/271 3306/470/271
f 3307/470/271 3308/467/271 3309/747/271
f 3310/467/271 3311/746/271 3312/747/271
f 3313/472/330 3314/474/330 3315/473/330
f 3316/473/330 3317/474/330 3318/475/330
f 3319/477/276 3320/472/276 3321/476/276
f 3322/476/276 3323/472/276 3324/473/276
f 3325/480/331 3326/479/331 3327/478/331
f 3328/485/332 3329/482/332 3330/484/332
f 3331/481/332 3332/483/332 3333/482/332
f 3334/484/332 3335/482/332 3336/483/332
f 3337/748/424 3338/489/424 3339/490/424
f 3340/490/424 3341/489/424 3342/488/424
f 3343/748/424 3344/490/424 3345/749/424
f 3346/749/424 3347/490/424 3348/495/424
f 3349/750/424 3350/496/424 3351/751/424
f 3352/751/424 3353/496/424 3354/497/424
f 3355/496/425 3356/498/425 3357/497/425
f 3358/752/425 3359/753/425 3360/754/425
f 3361/498/426 3362/754/426 3363/497/426
f 3364/502/427 3365/486/427 3366/503/427
f 3367/497/427 3368/754/427 3369/48/427
f 3370/753/428 3371/504/428 3372/754/428
f 3373/754/427 3374/504/427 3375/48/427
f 3376/48/428 3377/504/428 3378/50/428
s 1
f 3379/504/429 3380/503/429 3381/50/339
s 0
f 3382/503/427 3383/486/427 3384/50/427
f 3385/486/424 3386/487/424 3387/50/424
s 1
f 3388/491/424 3389/755/424 3390/492/424
s 0
f 3391/755/424 3392/495/424 3393/492/424
f 3394/492/424 3395/495/424 3396/493/424
f 3397/495/424 3398/756/424 3399/493/424
f 3400/50/424 3401/487/424 3402/446/424
f 3403/487/424 3404/493/424 3405/446/424
f 3406/756/424 3407/446/424 3408/493/424
f 3409/757/424 3410/758/424 3411/497/424
f 3412/506/424 3413/759/424 3414/497/424
f 3415/543/277 3416/507/277 3417/544/277
f 3418/544/277 3419/507/277 3420/508/277
f 3421/517/278 3422/518/278 3423/527/278
f 3424/527/278 3425/518/278 3426/528/278
f 3427/528/278 3428/518/278 3429/529/278
f 3430/533/278 3431/534/278 3432/518/278
f 3433/518/278 3434/534/278 3435/529/278
f 3436/529/278 3437/534/278 3438/535/278
f 3439/530/278 3440/532/278 3441/531/278
f 3442/531/278 3443/532/278 3444/536/278
f 3445/535/278 3446/534/278 3447/537/278
f 3448/534/278 3449/536/278 3450/537/278
f 3451/538/278 3452/537/278 3453/539/278
f 3454/537/278 3455/536/278 3456/539/278
f 3457/540/278 3458/539/278 3459/760/278
f 3460/760/278 3461/539/278 3462/542/278
f 3463/539/278 3464/536/278 3465/542/278
f 3466/536/278 3467/532/278 3468/542/278
f 3469/42/430 3470/45/430 3471/43/430
f 3472/43/430 3473/45/430 3474/47/430
f 3475/523/431 3476/525/431 3477/524/431
f 3478/524/431 3479/525/431 3480/526/431
f 3481/41/432 3482/43/432 3483/46/432
f 3484/46/432 3485/43/432 3486/47/432
f 3487/44/433 3488/45/433 3489/40/433
f 3490/40/433 3491/45/433 3492/42/433
f 3493/522/278 3494/761/278 3495/520/278
f 3496/761/278 3497/762/278 3498/520/278
f 3499/762/278 3500/518/278 3501/520/278
f 3502/520/278 3503/518/278 3504/513/278
f 3505/763/278 3506/764/278 3507/765/278
f 3508/765/278 3509/764/278 3510/517/278
f 3511/764/278 3512/766/278 3513/517/278
f 3514/511/278 3515/513/278 3516/766/278
f 3517/513/278 3518/518/278 3519/766/278
f 3520/518/278 3521/517/278 3522/766/278
f 3523/767/277 3524/508/277 3525/768/277
f 3526/768/277 3527/508/277 3528/507/277
f 3529/548/332 3530/546/332 3531/547/332
f 3532/547/332 3533/546/332 3534/545/332
f 3535/551/276 3536/552/276 3537/549/276
f 3538/549/276 3539/552/276 3540/550/276
f 3541/552/330 3542/553/330 3543/550/330
f 3544/550/330 3545/553/330 3546/554/330
f 3547/555/271 3548/557/271 3549/556/271
f 3550/558/271 3551/556/271 3552/559/271
f 3553/556/271 3554/557/271 3555/559/271
f 3556/560/279 3557/562/279 3558/561/279
f 3559/563/279 3560/564/279 3561/562/279
f 3562/564/279 3563/561/279 3564/562/279
s 1
f 3565/51/434 3566/50/434 3567/769/434
s 0
f 3568/769/434 3569/50/434 3570/770/434
f 3571/770/435 3572/50/435 3573/771/435
f 3574/443/436 3575/50/436 3576/445/436
f 3577/50/436 3578/446/436 3579/445/436
f 3580/445/436 3581/446/436 3582/447/436
f 3583/446/436 3584/772/436 3585/447/436
f 3586/447/436 3587/772/436 3588/773/436
f 3589/774/437 3590/771/437 3591/443/437
f 3592/443/437 3593/771/437 3594/50/437
f 3595/775/438 3596/52/438 3597/776/438
f 3598/61/439 3599/52/439 3600/777/439
f 3601/777/439 3602/52/439 3603/775/439
f 3604/778/440 3605/52/440 3606/779/440
f 3607/779/440 3608/52/440 3609/53/440
f 3610/776/441 3611/52/441 3612/778/441
f 3613/780/442 3614/781/442 3615/782/442
f 3616/783/442 3617/784/442 3618/785/442
f 3619/784/442 3620/782/442 3621/785/442
f 3622/782/442 3623/781/442 3624/785/442
f 3625/785/442 3626/781/442 3627/786/442
f 3628/787/442 3629/788/442 3630/781/442
f 3631/781/442 3632/788/442 3633/786/442
f 3634/789/443 3635/790/443 3636/791/443
f 3637/792/443 3638/793/443 3639/790/443
f 3640/793/443 3641/791/443 3642/790/443
f 3643/794/278 3644/795/278 3645/796/278
f 3646/796/278 3647/795/278 3648/797/278
f 3649/798/279 3650/799/279 3651/800/279
f 3652/800/279 3653/799/279 3654/801/279
f 3655/798/271 3656/800/271 3657/799/271
f 3658/799/271 3659/800/271 3660/801/271
f 3661/802/278 3662/803/278 3663/795/278
f 3664/795/278 3665/803/278 3666/797/278
f 3667/804/443 3668/791/443 3669/805/443
f 3670/793/443 3671/806/443 3672/791/443
f 3673/805/443 3674/791/443 3675/806/443
f 3676/807/442 3677/808/442 3678/781/442
f 3679/809/442 3680/787/442 3681/810/442
s 1
f 3682/787/442 3683/781/442 3684/810/442
s 0
f 3685/811/442 3686/812/442 3687/808/442
f 3688/812/442 3689/813/442 3690/808/442
f 3691/808/442 3692/813/442 3693/781/442
f 3694/810/442 3695/781/442 3696/813/442
f 3697/434/281 3698/433/281 3699/436/281
f 3700/436/281 3701/433/281 3702/435/281
f 3703/432/320 3704/251/320 3705/431/320
f 3706/431/320 3707/251/320 3708/277/320
f 3709/271/319 3710/270/319 3711/273/319
f 3712/273/319 3713/270/319 3714/272/319
f 3715/424/271 3716/426/271 3717/814/271
f 3718/265/271 3719/427/271 3720/266/271
f 3721/427/271 3722/428/271 3723/266/271
f 3724/266/271 3725/428/271 3726/429/271
f 3727/428/271 3728/814/271 3729/429/271
f 3730/426/271 3731/430/271 3732/814/271
f 3733/814/271 3734/430/271 3735/429/271
f 3736/417/279 3737/419/279 3738/418/279
f 3739/255/279 3740/260/279 3741/420/279
f 3742/420/279 3743/260/279 3744/421/279
f 3745/260/279 3746/422/279 3747/421/279
f 3748/421/279 3749/422/279 3750/419/279
f 3751/418/279 3752/419/279 3753/423/279
f 3754/419/279 3755/422/279 3756/423/279
f 3757/287/281 3758/286/281 3759/282/281
f 3760/282/281 3761/286/281 3762/283/281
f 3763/282/280 3764/284/280 3765/283/280
f 3766/283/280 3767/284/280 3768/285/280
f 3769/278/271 3770/280/271 3771/279/271
f 3772/279/271 3773/280/271 3774/281/271
f 3775/276/276 3776/277/276 3777/274/276
f 3778/274/276 3779/277/276 3780/275/276
f 3781/270/279 3782/272/279 3783/271/279
f 3784/271/279 3785/272/279 3786/273/279
f 3787/269/278 3788/268/278 3789/267/278
f 3790/268/278 3791/266/278 3792/267/278
f 3793/266/278 3794/265/278 3795/267/278
f 3796/267/278 3797/265/278 3798/264/278
f 3799/265/278 3800/263/278 3801/264/278
f 3802/263/278 3803/262/278 3804/264/278
f 3805/261/277 3806/260/277 3807/259/277
f 3808/260/277 3809/258/277 3810/259/277
f 3811/258/277 3812/257/277 3813/259/277
f 3814/259/277 3815/257/277 3816/256/277
f 3817/257/277 3818/255/277 3819/256/277
f 3820/255/277 3821/254/277 3822/256/277
f 3823/252/276 3824/253/276 3825/250/276
f 3826/250/276 3827/253/276 3828/251/276
f 3829/245/400 3830/247/400 3831/246/400
f 3832/815/400 3833/246/400 3834/816/400
f 3835/246/400 3836/247/400 3837/816/400
f 3838/817/274 3839/2/274 3840/818/274
f 3841/818/274 3842/2/274 3843/1/274
f 3844/819/273 3845/239/273 3846/820/273
f 3847/239/273 3848/240/273 3849/820/273
f 3850/240/273 3851/241/273 3852/820/273
f 3853/241/273 3854/821/273 3855/820/273
f 3856/822/272 3857/823/272 3858/16/272
f 3859/16/272 3860/823/272 3861/235/272
f 3862/824/272 3863/235/272 3864/823/272
f 3865/12/279 3866/10/279 3867/232/279
f 3868/232/279 3869/10/279 3870/825/279
f 3871/114/444 3872/116/444 3873/115/444
f 3874/115/445 3875/116/445 3876/117/445
o Wheel4
v 108.314072 -153.903061 -111.062767
v 108.314072 -170.031860 -122.783897
v 101.717934 -150.720764 -113.375404
v 101.717934 -150.720764 -113.375404
v 108.314072 -170.031860 -122.783897
v 101.717934 -168.816330 -126.525826
v 108.314072 -170.031860 -122.783897
v 108.314072 -189.968155 -122.783890
v 101.717934 -168.816330 -126.525826
v 101.717934 -168.816330 -126.525826
v 108.314072 -189.968155 -122.783890
v 101.717934 -191.183670 -126.525818
v 108.314072 -189.968155 -122.783890
v 108.314072 -206.096939 -111.062759
v 101.717934 -191.183670 -126.525818
v 101.717934 -191.183670 -126.525818
v 108.314072 -206.096939 -111.062759
v 101.717934 -209.279236 -113.375397
v 108.314072 -206.096939 -111.062759
v 108.314072 -212.257599 -92.097565
v 101.717934 -209.279236 -113.375397
v 101.717934 -209.279236 -113.375397
v 108.314072 -212.257599 -92.097565
v 101.717934 -216.191132 -92.097572
v 108.314072 -212.257599 -92.097565
v 108.314072 -206.096939 -73.132378
v 101.717934 -216.191132 -92.097572
v 101.717934 -216.191132 -92.097572
v 108.314072 -206.096939 -73.132378
v 101.717934 -209.279236 -70.819740
v 108.314072 -206.096939 -73.132378
v 108.314072 -189.968140 -61.411247
v 101.717934 -209.279236 -70.819740
v 101.717934 -209.279236 -70.819740
v 108.314072 -189.968140 -61.411247
v 101.717934 -191.183670 -57.669323
v 108.314072 -189.968140 -61.411247
v 108.314072 -170.031860 -61.411247
v 101.717934 -191.183670 -57.669323
v 101.717934 -191.183670 -57.669323
v 108.314072 -170.031860 -61.411247
v 101.717934 -168.816330 -57.669327
v 108.314072 -170.031860 -61.411247
v 108.314072 -153.903061 -73.132378
v 101.717934 -168.816330 -57.669327
v 101.717934 -168.816330 -57.669327
v 108.314072 -153.903061 -73.132378
v 101.717934 -150.720764 -70.819748
v 108.314072 -153.903061 -73.132378
v 108.314072 -147.742401 -92.097572
v 101.717934 -150.720764 -70.819748
v 101.717934 -150.720764 -70.819748
v 108.314072 -147.742401 -92.097572
v 101.717934 -143.808884 -92.097572
v 108.314072 -147.742401 -92.097572
v 108.314072 -153.903061 -111.062767
v 101.717934 -143.808884 -92.097572
v 101.717934 -143.808884 -92.097572
v 108.314072 -153.903061 -111.062767
v 101.717934 -150.720764 -113.375404
v 101.717934 -150.720764 -113.375404
v 101.717934 -168.816330 -126.525826
v 84.861481 -150.720764 -113.375404
v 84.861481 -150.720764 -113.375404
v 101.717934 -168.816330 -126.525826
v 84.861481 -168.816330 -126.525826
v 101.717934 -168.816330 -126.525826
v 101.717934 -191.183670 -126.525818
v 84.861481 -168.816330 -126.525826
v 84.861481 -168.816330 -126.525826
v 101.717934 -191.183670 -126.525818
v 84.861481 -191.183670 -126.525818
v 101.717934 -191.183670 -126.525818
v 101.717934 -209.279236 -113.375397
v 84.861481 -191.183670 -126.525818
v 84.861481 -191.183670 -126.525818
v 101.717934 -209.279236 -113.375397
v 84.861481 -209.279236 -113.375397
v 101.717934 -209.279236 -113.375397
v 101.717934 -216.191132 -92.097572
v 84.861481 -209.279236 -113.375397
v 84.861481 -209.279236 -113.375397
v 101.717934 -216.191132 -92.097572
v 84.861481 -216.191132 -92.097572
v 101.717934 -216.191132 -92.097572
v 101.717934 -209.279236 -70.819740
v 84.861481 -216.191132 -92.097572
v 84.861481 -216.191132 -92.097572
v 101.717934 -209.279236 -70.819740
v 84.861481 -209.279236 -70.819740
v 101.717934 -209.279236 -70.819740
v 101.717934 -191.183670 -57.669323
v 84.861481 -209.279236 -70.819740
v 84.861481 -209.279236 -70.819740
v 101.717934 -191.183670 -57.669323
v 84.861481 -191.183670 -57.669323
v 101.717934 -191.183670 -57.669323
v 101.717934 -168.816330 -57.669327
v 84.861481 -191.183670 -57.669323
v 84.861481 -191.183670 -57.669323
v 101.717934 -168.816330 -57.669327
v 84.861481 -168.816330 -57.669327
v 101.717934 -168.816330 -57.669327
v 101.717934 -150.720764 -70.819748
v 84.861481 -168.816330 -57.669327
v 84.861481 -168.816330 -57.669327
v 101.717934 -150.720764 -70.819748
v 84.861481 -150.720764 -70.819748
v 101.717934 -150.720764 -70.819748
v 101.717934 -143.808884 -92.097572
v 84.861481 -150.720764 -70.819748
v 84.861481 -150.720764 -70.819748
v 101.717934 -143.808884 -92.097572
v 84.861481 -143.808884 -92.097572
v 101.717934 -143.808884 -92.097572
v 101.717934 -150.720764 -113.375404
v 84.861481 -143.808884 -92.097572
v 84.861481 -143.808884 -92.097572
v 101.717934 -150.720764 -113.375404
v 84.861481 -150.720764 -113.375404
v 84.861481 -150.720764 -113.375404
v 84.861481 -168.816330 -126.525826
v 78.265335 -153.903061 -111.062767
v 78.265335 -153.903061 -111.062767
v 84.861481 -168.816330 -126.525826
v 78.265335 -170.031860 -122.783897
v 84.861481 -168.816330 -126.525826
v 84.861481 -191.183670 -126.525818
v 78.265335 -170.031860 -122.783897
v 78.265335 -170.031860 -122.783897
v 84.861481 -191.183670 -126.525818
v 78.265335 -189.968155 -122.783890
v 84.861481 -191.183670 -126.525818
v 84.861481 -209.279236 -113.375397
v 78.265335 -189.968155 -122.783890
v 78.265335 -189.968155 -122.783890
v 84.861481 -209.279236 -113.375397
v 78.265335 -206.096939 -111.062759
v 84.861481 -209.279236 -113.375397
v 84.861481 -216.191132 -92.097572
v 78.265335 -206.096939 -111.062759
v 78.265335 -206.096939 -111.062759
v 84.861481 -216.191132 -92.097572
v 78.265335 -212.257599 -92.097565
v 84.861481 -216.191132 -92.097572
v 84.861481 -209.279236 -70.819740
v 78.265335 -212.257599 -92.097565
v 78.265335 -212.257599 -92.097565
v 84.861481 -209.279236 -70.819740
v 78.265335 -206.096939 -73.132378
v 84.861481 -209.279236 -70.819740
v 84.861481 -191.183670 -57.669323
v 78.265335 -206.096939 -73.132378
v 78.265335 -206.096939 -73.132378
v 84.861481 -191.183670 -57.669323
v 78.265335 -189.968140 -61.411247
v 84.861481 -191.183670 -57.669323
v 84.861481 -168.816330 -57.669327
v 78.265335 -189.968140 -61.411247
v 78.265335 -189.968140 -61.411247
v 84.861481 -168.816330 -57.669327
v 78.265335 -170.031860 -61.411247
v 84.861481 -168.816330 -57.669327
v 84.861481 -150.720764 -70.819748
v 78.265335 -170.031860 -61.411247
v 78.265335 -170.031860 -61.411247
v 84.861481 -150.720764 -70.819748
v 78.265335 -153.903061 -73.132378
v 84.861481 -150.720764 -70.819748
v 84.861481 -143.808884 -92.097572
v 78.265335 -153.903061 -73.132378
v 78.265335 -153.903061 -73.132378
v 84.861481 -143.808884 -92.097572
v 78.265335 -147.742401 -92.097572
v 84.861481 -143.808884 -92.097572
v 84.861481 -150.720764 -113.375404
v 78.265335 -147.742401 -92.097572
v 78.265335 -147.742401 -92.097572
v 84.861481 -150.720764 -113.375404
v 78.265335 -153.903061 -111.062767
v 108.314072 -170.031860 -122.783897
v 108.314072 -153.903061 -111.062767
v 101.717934 -180.000000 -92.097572
v 108.314072 -189.968155 -122.783890
v 108.314072 -170.031860 -122.783897
v 101.717934 -180.000000 -92.097572
v 108.314072 -206.096939 -111.062759
v 108.314072 -189.968155 -122.783890
v 101.717934 -180.000000 -92.097572
v 108.314072 -212.257599 -92.097565
v 108.314072 -206.096939 -111.062759
v 101.717934 -180.000000 -92.097572
v 108.314072 -206.096939 -73.132378
v 108.314072 -212.257599 -92.097565
v 101.717934 -180.000000 -92.097572
v 108.314072 -189.968140 -61.411247
v 108.314072 -206.096939 -73.132378
v 101.717934 -180.000000 -92.097572
v 108.314072 -170.031860 -61.411247
v 108.314072 -189.968140 -61.411247
v 101.717934 -180.000000 -92.097572
v 108.314072 -153.903061 -73.132378
v 108.314072 -170.031860 -61.411247
v 101.717934 -180.000000 -92.097572
v 108.314072 -147.742401 -92.097572
v 108.314072 -153.903061 -73.132378
v 101.717934 -180.000000 -92.097572
v 108.314072 -153.903061 -111.062767
v 108.314072 -147.742401 -92.097572
v 101.717934 -180.000000 -92.097572
v 78.265335 -153.903061 -111.062767
v 78.265335 -170.031860 -122.783897
v 84.861481 -180.000000 -92.097572
v 78.265335 -170.031860 -122.783897
v 78.265335 -189.968155 -122.783890
v 84.861481 -180.000000 -92.097572
v 78.265335 -189.968155 -122.783890
v 78.265335 -206.096939 -111.062759
v 84.861481 -180.000000 -92.097572
v 78.265335 -206.096939 -111.062759
v 78.265335 -212.257599 -92.097565
v 84.861481 -180.000000 -92.097572
v 78.265335 -212.257599 -92.097565
v 78.265335 -206.096939 -73.132378
v 84.861481 -180.000000 -92.097572
v 78.265335 -206.096939 -73.132378
v 78.265335 -189.968140 -61.411247
v 84.861481 -180.000000 -92.097572
v 78.265335 -189.968140 -61.411247
v 78.265335 -170.031860 -61.411247
v 84.861481 -180.000000 -92.097572
v 78.265335 -170.031860 -61.411247
v 78.265335 -153.903061 -73.132378
v 84.861481 -180.000000 -92.097572
v 78.265335 -153.903061 -73.132378
v 78.265335 -147.742401 -92.097572
v 84.861481 -180.000000 -92.097572
v 78.265335 -147.742401 -92.097572
v 78.265335 -153.903061 -111.062767
v 84.861481 -180.000000 -92.097572
vn 0.4934 0.5113 -0.7036
vn 0.4934 -0.0000 -0.8698
vn 0.4934 -0.5113 -0.7036
vn 0.4933 -0.8273 -0.2687
vn 0.4933 -0.8273 0.2687
vn 0.4934 -0.5113 0.7036
vn 0.4934 -0.0000 0.8698
vn 0.4934 0.5113 0.7036
vn 0.4933 0.8273 0.2687
vn 0.4933 0.8273 -0.2687
vn -0.0000 0.5879 -0.8089
vn -0.0000 -0.0000 -1.0000
vn -0.0000 -0.5879 -0.8089
vn -0.0000 -0.9511 -0.3089
vn -0.0000 -0.9511 0.3089
vn -0.0000 -0.5879 0.8089
vn -0.0000 -0.0000 1.0000
vn -0.0000 0.5879 0.8089
vn -0.0000 0.9511 0.3089
vn -0.0000 0.9511 -0.3089
vn -0.4934 0.5113 -0.7036
vn -0.4934 -0.0000 -0.8698
vn -0.4934 -0.5113 -0.7036
vn -0.4933 -0.8273 -0.2687
vn -0.4933 -0.8273 0.2687
vn -0.4934 -0.5113 0.7036
vn -0.4934 -0.0000 0.8698
vn -0.4934 0.5113 0.7036
vn -0.4933 0.8273 0.2687
vn -0.4933 0.8273 -0.2687
vn 0.9777 -0.1236 0.1700
vn 0.9777 -0.0000 0.2102
vn 0.9777 0.1236 0.1700
vn 0.9777 0.1999 0.0649
vn 0.9777 0.1999 -0.0649
vn 0.9777 0.1236 -0.1700
vn 0.9777 -0.0000 -0.2102
vn 0.9777 -0.1236 -0.1700
vn 0.9777 -0.1999 -0.0649
vn 0.9777 -0.1999 0.0649
vn -0.9777 -0.1236 0.1700
vn -0.9777 -0.0000 0.2102
vn -0.9777 0.1236 0.1700
vn -0.9777 0.1999 0.0649
vn -0.9777 0.1999 -0.0649
vn -0.9777 0.1236 -0.1700
vn -0.9777 -0.0000 -0.2102
vn -0.9777 -0.1236 -0.1700
vn -0.9777 -0.1999 -0.0649
vn -0.9777 -0.1999 0.0649
vt 0.949106 0.854625
vt 0.921121 0.834293
vt 0.959650 0.847053
vt 0.925149 0.821986
vt 0.886530 0.834293
vt 0.882502 0.821986
vt 0.858545 0.854625
vt 0.848001 0.847053
vt 0.847856 0.887523
vt 0.834822 0.887612
vt 0.858545 0.920421
vt 0.848001 0.928171
vt 0.886530 0.940754
vt 0.882502 0.953238
vt 0.921121 0.940754
vt 0.925149 0.953238
vt 0.949106 0.920421
vt 0.959650 0.928171
vt 0.959795 0.887523
vt 0.972829 0.887612
vt 0.939398 0.750898
vt 0.942546 0.750898
vt 0.939398 0.798239
vt 0.942546 0.798239
vt 0.945694 0.750898
vt 0.945694 0.798239
vt 0.948842 0.750898
vt 0.948842 0.798239
vt 0.951990 0.750898
vt 0.951990 0.798239
vt 0.955138 0.750898
vt 0.955138 0.798239
vt 0.958286 0.750898
vt 0.958286 0.798239
vt 0.961435 0.750898
vt 0.961435 0.798239
vt 0.964583 0.750898
vt 0.964583 0.798239
vt 0.967731 0.750898
vt 0.967731 0.798239
vt 0.970879 0.750898
vt 0.970879 0.798239
vt 0.959650 0.928401
vt 0.925149 0.953468
vt 0.949106 0.920796
vt 0.921121 0.941128
vt 0.882502 0.953468
vt 0.886530 0.941128
vt 0.848001 0.928401
vt 0.858545 0.920796
vt 0.834822 0.887842
vt 0.847856 0.887898
vt 0.848001 0.847283
vt 0.858545 0.854999
vt 0.882502 0.822216
vt 0.886530 0.834667
vt 0.925149 0.822216
vt 0.921121 0.834667
vt 0.959650 0.847283
vt 0.949106 0.854999
vt 0.972829 0.887842
vt 0.959795 0.887898
vt 0.903826 0.884851
vt 0.903825 0.885082
s 0
usemtl lambert4SG
f 3877/826/446 3878/827/446 3879/828/446
f 3880/828/446 3881/827/446 3882/829/446
f 3883/827/447 3884/830/447 3885/829/447
f 3886/829/447 3887/830/447 3888/831/447
f 3889/830/448 3890/832/448 3891/831/448
f 3892/831/448 3893/832/448 3894/833/448
f 3895/832/449 3896/834/449 3897/833/449
f 3898/833/449 3899/834/449 3900/835/449
f 3901/834/450 3902/836/450 3903/835/450
f 3904/835/450 3905/836/450 3906/837/450
f 3907/836/451 3908/838/451 3909/837/451
f 3910/837/451 3911/838/451 3912/839/451
f 3913/838/452 3914/840/452 3915/839/452
f 3916/839/452 3917/840/452 3918/841/452
f 3919/840/453 3920/842/453 3921/841/453
f 3922/841/453 3923/842/453 3924/843/453
f 3925/842/454 3926/844/454 3927/843/454
f 3928/843/454 3929/844/454 3930/845/454
f 3931/844/455 3932/826/455 3933/845/455
f 3934/845/455 3935/826/455 3936/828/455
f 3937/846/456 3938/847/456 3939/848/456
f 3940/848/456 3941/847/456 3942/849/456
f 3943/847/457 3944/850/457 3945/849/457
f 3946/849/457 3947/850/457 3948/851/457
f 3949/850/458 3950/852/458 3951/851/458
f 3952/851/458 3953/852/458 3954/853/458
f 3955/852/459 3956/854/459 3957/853/459
f 3958/853/459 3959/854/459 3960/855/459
f 3961/854/460 3962/856/460 3963/855/460
f 3964/855/460 3965/856/460 3966/857/460
f 3967/856/461 3968/858/461 3969/857/461
f 3970/857/461 3971/858/461 3972/859/461
f 3973/858/462 3974/860/462 3975/859/462
f 3976/859/462 3977/860/462 3978/861/462
f 3979/860/463 3980/862/463 3981/861/463
f 3982/861/463 3983/862/463 3984/863/463
f 3985/862/464 3986/864/464 3987/863/464
f 3988/863/464 3989/864/464 3990/865/464
f 3991/864/465 3992/866/465 3993/865/465
f 3994/865/465 3995/866/465 3996/867/465
s 1
f 3997/868/466 3998/869/466 3999/870/466
s 0
f 4000/870/466 4001/869/466 4002/871/466
f 4003/869/467 4004/872/467 4005/871/467
f 4006/871/467 4007/872/467 4008/873/467
f 4009/872/468 4010/874/468 4011/873/468
f 4012/873/468 4013/874/468 4014/875/468
f 4015/874/469 4016/876/469 4017/875/469
f 4018/875/469 4019/876/469 4020/877/469
f 4021/876/470 4022/878/470 4023/877/470
s 1
f 4024/877/470 4025/878/470 4026/879/470
s 0
f 4027/878/471 4028/880/471 4029/879/471
f 4030/879/471 4031/880/471 4032/881/471
f 4033/880/472 4034/882/472 4035/881/472
f 4036/881/472 4037/882/472 4038/883/472
f 4039/882/473 4040/884/473 4041/883/473
f 4042/883/473 4043/884/473 4044/885/473
f 4045/884/474 4046/886/474 4047/885/474
f 4048/885/474 4049/886/474 4050/887/474
f 4051/886/475 4052/868/475 4053/887/475
f 4054/887/475 4055/868/475 4056/870/475
f 4057/827/476 4058/826/476 4059/888/476
f 4060/830/477 4061/827/477 4062/888/477
f 4063/832/478 4064/830/478 4065/888/478
f 4066/834/479 4067/832/479 4068/888/479
f 4069/836/480 4070/834/480 4071/888/480
f 4072/838/481 4073/836/481 4074/888/481
f 4075/840/482 4076/838/482 4077/888/482
f 4078/842/483 4079/840/483 4080/888/483
f 4081/844/484 4082/842/484 4083/888/484
f 4084/826/485 4085/844/485 4086/888/485
f 4087/870/486 4088/871/486 4089/889/486
f 4090/871/487 4091/873/487 4092/889/487
f 4093/873/488 4094/875/488 4095/889/488
f 4096/875/489 4097/877/489 4098/889/489
f 4099/877/490 4100/879/490 4101/889/490
f 4102/879/491 4103/881/491 4104/889/491
f 4105/881/492 4106/883/492 4107/889/492
f 4108/883/493 4109/885/493 4110/889/493
f 4111/885/494 4112/887/494 4113/889/494
f 4114/887/495 4115/870/495 4116/889/495
o Wheel3
v 168.314072 -153.903061 -111.062767
v 168.314072 -170.031860 -122.783897
v 161.717926 -150.720764 -113.375404
v 161.717926 -150.720764 -113.375404
v 168.314072 -170.031860 -122.783897
v 161.717926 -168.816330 -126.525826
v 168.314072 -170.031860 -122.783897
v 168.314072 -189.968155 -122.783890
v 161.717926 -168.816330 -126.525826
v 161.717926 -168.816330 -126.525826
v 168.314072 -189.968155 -122.783890
v 161.717926 -191.183670 -126.525818
v 168.314072 -189.968155 -122.783890
v 168.314072 -206.096939 -111.062759
v 161.717926 -191.183670 -126.525818
v 161.717926 -191.183670 -126.525818
v 168.314072 -206.096939 -111.062759
v 161.717926 -209.279236 -113.375397
v 168.314072 -206.096939 -111.062759
v 168.314072 -212.257599 -92.097565
v 161.717926 -209.279236 -113.375397
v 161.717926 -209.279236 -113.375397
v 168.314072 -212.257599 -92.097565
v 161.717926 -216.191132 -92.097572
v 168.314072 -212.257599 -92.097565
v 168.314072 -206.096939 -73.132378
v 161.717926 -216.191132 -92.097572
v 161.717926 -216.191132 -92.097572
v 168.314072 -206.096939 -73.132378
v 161.717926 -209.279236 -70.819740
v 168.314072 -206.096939 -73.132378
v 168.314072 -189.968140 -61.411247
v 161.717926 -209.279236 -70.819740
v 161.717926 -209.279236 -70.819740
v 168.314072 -189.968140 -61.411247
v 161.717926 -191.183670 -57.669323
v 168.314072 -189.968140 -61.411247
v 168.314072 -170.031860 -61.411247
v 161.717926 -191.183670 -57.669323
v 161.717926 -191.183670 -57.669323
v 168.314072 -170.031860 -61.411247
v 161.717926 -168.816330 -57.669327
v 168.314072 -170.031860 -61.411247
v 168.314072 -153.903061 -73.132378
v 161.717926 -168.816330 -57.669327
v 161.717926 -168.816330 -57.669327
v 168.314072 -153.903061 -73.132378
v 161.717926 -150.720764 -70.819748
v 168.314072 -153.903061 -73.132378
v 168.314072 -147.742401 -92.097572
v 161.717926 -150.720764 -70.819748
v 161.717926 -150.720764 -70.819748
v 168.314072 -147.742401 -92.097572
v 161.717926 -143.808884 -92.097572
v 168.314072 -147.742401 -92.097572
v 168.314072 -153.903061 -111.062767
v 161.717926 -143.808884 -92.097572
v 161.717926 -143.808884 -92.097572
v 168.314072 -153.903061 -111.062767
v 161.717926 -150.720764 -113.375404
v 161.717926 -150.720764 -113.375404
v 161.717926 -168.816330 -126.525826
v 144.861481 -150.720764 -113.375404
v 144.861481 -150.720764 -113.375404
v 161.717926 -168.816330 -126.525826
v 144.861481 -168.816330 -126.525826
v 161.717926 -168.816330 -126.525826
v 161.717926 -191.183670 -126.525818
v 144.861481 -168.816330 -126.525826
v 144.861481 -168.816330 -126.525826
v 161.717926 -191.183670 -126.525818
v 144.861481 -191.183670 -126.525818
v 161.717926 -191.183670 -126.525818
v 161.717926 -209.279236 -113.375397
v 144.861481 -191.183670 -126.525818
v 144.861481 -191.183670 -126.525818
v 161.717926 -209.279236 -113.375397
v 144.861481 -209.279236 -113.375397
v 161.717926 -209.279236 -113.375397
v 161.717926 -216.191132 -92.097572
v 144.861481 -209.279236 -113.375397
v 144.861481 -209.279236 -113.375397
v 161.717926 -216.191132 -92.097572
v 144.861481 -216.191132 -92.097572
v 161.717926 -216.191132 -92.097572
v 161.717926 -209.279236 -70.819740
v 144.861481 -216.191132 -92.097572
v 144.861481 -216.191132 -92.097572
v 161.717926 -209.279236 -70.819740
v 144.861481 -209.279236 -70.819740
v 161.717926 -209.279236 -70.819740
v 161.717926 -191.183670 -57.669323
v 144.861481 -209.279236 -70.819740
v 144.861481 -209.279236 -70.819740
v 161.717926 -191.183670 -57.669323
v 144.861481 -191.183670 -57.669323
v 161.717926 -191.183670 -57.669323
v 161.717926 -168.816330 -57.669327
v 144.861481 -191.183670 -57.669323
v 144.861481 -191.183670 -57.669323
v 161.717926 -168.816330 -57.669327
v 144.861481 -168.816330 -57.669327
v 161.717926 -168.816330 -57.669327
v 161.717926 -150.720764 -70.819748
v 144.861481 -168.816330 -57.669327
v 144.861481 -168.816330 -57.669327
v 161.717926 -150.720764 -70.819748
v 144.861481 -150.720764 -70.819748
v 161.717926 -150.720764 -70.819748
v 161.717926 -143.808884 -92.097572
v 144.861481 -150.720764 -70.819748
v 144.861481 -150.720764 -70.819748
v 161.717926 -143.808884 -92.097572
v 144.861481 -143.808884 -92.097572
v 161.717926 -143.808884 -92.097572
v 161.717926 -150.720764 -113.375404
v 144.861481 -143.808884 -92.097572
v 144.861481 -143.808884 -92.097572
v 161.717926 -150.720764 -113.375404
v 144.861481 -150.720764 -113.375404
v 144.861481 -150.720764 -113.375404
v 144.861481 -168.816330 -126.525826
v 138.265335 -153.903061 -111.062767
v 138.265335 -153.903061 -111.062767
v 144.861481 -168.816330 -126.525826
v 138.265335 -170.031860 -122.783897
v 144.861481 -168.816330 -126.525826
v 144.861481 -191.183670 -126.525818
v 138.265335 -170.031860 -122.783897
v 138.265335 -170.031860 -122.783897
v 144.861481 -191.183670 -126.525818
v 138.265335 -189.968155 -122.783890
v 144.861481 -191.183670 -126.525818
v 144.861481 -209.279236 -113.375397
v 138.265335 -189.968155 -122.783890
v 138.265335 -189.968155 -122.783890
v 144.861481 -209.279236 -113.375397
v 138.265335 -206.096939 -111.062759
v 144.861481 -209.279236 -113.375397
v 144.861481 -216.191132 -92.097572
v 138.265335 -206.096939 -111.062759
v 138.265335 -206.096939 -111.062759
v 144.861481 -216.191132 -92.097572
v 138.265335 -212.257599 -92.097565
v 144.861481 -216.191132 -92.097572
v 144.861481 -209.279236 -70.819740
v 138.265335 -212.257599 -92.097565
v 138.265335 -212.257599 -92.097565
v 144.861481 -209.279236 -70.819740
v 138.265335 -206.096939 -73.132378
v 144.861481 -209.279236 -70.819740
v 144.861481 -191.183670 -57.669323
v 138.265335 -206.096939 -73.132378
v 138.265335 -206.096939 -73.132378
v 144.861481 -191.183670 -57.669323
v 138.265335 -189.968140 -61.411247
v 144.861481 -191.183670 -57.669323
v 144.861481 -168.816330 -57.669327
v 138.265335 -189.968140 -61.411247
v 138.265335 -189.968140 -61.411247
v 144.861481 -168.816330 -57.669327
v 138.265335 -170.031860 -61.411247
v 144.861481 -168.816330 -57.669327
v 144.861481 -150.720764 -70.819748
v 138.265335 -170.031860 -61.411247
v 138.265335 -170.031860 -61.411247
v 144.861481 -150.720764 -70.819748
v 138.265335 -153.903061 -73.132378
v 144.861481 -150.720764 -70.819748
v 144.861481 -143.808884 -92.097572
v 138.265335 -153.903061 -73.132378
v 138.265335 -153.903061 -73.132378
v 144.861481 -143.808884 -92.097572
v 138.265335 -147.742401 -92.097572
v 144.861481 -143.808884 -92.097572
v 144.861481 -150.720764 -113.375404
v 138.265335 -147.742401 -92.097572
v 138.265335 -147.742401 -92.097572
v 144.861481 -150.720764 -113.375404
v 138.265335 -153.903061 -111.062767
v 168.314072 -170.031860 -122.783897
v 168.314072 -153.903061 -111.062767
v 161.717926 -180.000000 -92.097572
v 168.314072 -189.968155 -122.783890
v 168.314072 -170.031860 -122.783897
v 161.717926 -180.000000 -92.097572
v 168.314072 -206.096939 -111.062759
v 168.314072 -189.968155 -122.783890
v 161.717926 -180.000000 -92.097572
v 168.314072 -212.257599 -92.097565
v 168.314072 -206.096939 -111.062759
v 161.717926 -180.000000 -92.097572
v 168.314072 -206.096939 -73.132378
v 168.314072 -212.257599 -92.097565
v 161.717926 -180.000000 -92.097572
v 168.314072 -189.968140 -61.411247
v 168.314072 -206.096939 -73.132378
v 161.717926 -180.000000 -92.097572
v 168.314072 -170.031860 -61.411247
v 168.314072 -189.968140 -61.411247
v 161.717926 -180.000000 -92.097572
v 168.314072 -153.903061 -73.132378
v 168.314072 -170.031860 -61.411247
v 161.717926 -180.000000 -92.097572
v 168.314072 -147.742401 -92.097572
v 168.314072 -153.903061 -73.132378
v 161.717926 -180.000000 -92.097572
v 168.314072 -153.903061 -111.062767
v 168.314072 -147.742401 -92.097572
v 161.717926 -180.000000 -92.097572
v 138.265335 -153.903061 -111.062767
v 138.265335 -170.031860 -122.783897
v 144.861481 -180.000000 -92.097572
v 138.265335 -170.031860 -122.783897
v 138.265335 -189.968155 -122.783890
v 144.861481 -180.000000 -92.097572
v 138.265335 -189.968155 -122.783890
v 138.265335 -206.096939 -111.062759
v 144.861481 -180.000000 -92.097572
v 138.265335 -206.096939 -111.062759
v 138.265335 -212.257599 -92.097565
v 144.861481 -180.000000 -92.097572
v 138.265335 -212.257599 -92.097565
v 138.265335 -206.096939 -73.132378
v 144.861481 -180.000000 -92.097572
v 138.265335 -206.096939 -73.132378
v 138.265335 -189.968140 -61.411247
v 144.861481 -180.000000 -92.097572
v 138.265335 -189.968140 -61.411247
v 138.265335 -170.031860 -61.411247
v 144.861481 -180.000000 -92.097572
v 138.265335 -170.031860 -61.411247
v 138.265335 -153.903061 -73.132378
v 144.861481 -180.000000 -92.097572
v 138.265335 -153.903061 -73.132378
v 138.265335 -147.742401 -92.097572
v 144.861481 -180.000000 -92.097572
v 138.265335 -147.742401 -92.097572
v 138.265335 -153.903061 -111.062767
v 144.861481 -180.000000 -92.097572
vn 0.4934 0.5113 -0.7036
vn 0.4934 -0.0000 -0.8698
vn 0.4934 -0.5113 -0.7036
vn 0.4933 -0.8273 -0.2687
vn 0.4933 -0.8273 0.2687
vn 0.4934 -0.5113 0.7036
vn 0.4934 -0.0000 0.8698
vn 0.4934 0.5113 0.7036
vn 0.4933 0.8273 0.2687
vn 0.4933 0.8273 -0.2687
vn -0.0000 0.5879 -0.8089
vn -0.0000 -0.0000 -1.0000
vn -0.0000 -0.5879 -0.8089
vn -0.0000 -0.9511 -0.3089
vn -0.0000 -0.9511 0.3089
vn -0.0000 -0.5879 0.8089
vn -0.0000 -0.0000 1.0000
vn -0.0000 0.5879 0.8089
vn -0.0000 0.9511 0.3089
vn -0.0000 0.9511 -0.3089
vn -0.4934 0.5113 -0.7036
vn -0.4934 -0.0000 -0.8698
vn -0.4934 -0.5113 -0.7036
vn -0.4933 -0.8273 -0.2687
vn -0.4933 -0.8273 0.2687
vn -0.4934 -0.5113 0.7036
vn -0.4934 -0.0000 0.8698
vn -0.4934 0.5113 0.7036
vn -0.4933 0.8273 0.2687
vn -0.4933 0.8273 -0.2687
vn 0.9777 -0.1236 0.1700
vn 0.9777 -0.0000 0.2102
vn 0.9777 0.1236 0.1700
vn 0.9777 0.1999 0.0649
vn 0.9777 0.1999 -0.0649
vn 0.9777 0.1236 -0.1700
vn 0.9777 -0.0000 -0.2102
vn 0.9777 -0.1236 -0.1700
vn 0.9777 -0.1999 -0.0649
vn 0.9777 -0.1999 0.0649
vn -0.9777 -0.1236 0.1700
vn -0.9777 -0.0000 0.2102
vn -0.9777 0.1236 0.1700
vn -0.9777 0.1999 0.0649
vn -0.9777 0.1999 -0.0649
vn -0.9777 0.1236 -0.1700
vn -0.9777 -0.0000 -0.2102
vn -0.9777 -0.1236 -0.1700
vn -0.9777 -0.1999 -0.0649
vn -0.9777 -0.1999 0.0649
vt 0.949106 0.854625
vt 0.921121 0.834293
vt 0.959650 0.847053
vt 0.925149 0.821986
vt 0.886530 0.834293
vt 0.882502 0.821986
vt 0.858545 0.854625
vt 0.848001 0.847053
vt 0.847856 0.887523
vt 0.834822 0.887612
vt 0.858545 0.920422
vt 0.848001 0.928171
vt 0.886530 0.940754
vt 0.882502 0.953238
vt 0.921121 0.940754
vt 0.925149 0.953238
vt 0.949106 0.920422
vt 0.959650 0.928171
vt 0.959795 0.887523
vt 0.972829 0.887612
vt 0.939397 0.750898
vt 0.942546 0.750898
vt 0.939397 0.798239
vt 0.942546 0.798239
vt 0.945694 0.750898
vt 0.945694 0.798239
vt 0.948842 0.750898
vt 0.948842 0.798239
vt 0.951990 0.750898
vt 0.951990 0.798239
vt 0.955138 0.750898
vt 0.955138 0.798239
vt 0.958286 0.750898
vt 0.958286 0.798239
vt 0.961435 0.750898
vt 0.961435 0.798239
vt 0.964583 0.750898
vt 0.964583 0.798239
vt 0.967731 0.750898
vt 0.967731 0.798239
vt 0.970879 0.750898
vt 0.970879 0.798239
vt 0.959650 0.928401
vt 0.925149 0.953468
vt 0.949106 0.920796
vt 0.921121 0.941128
vt 0.882502 0.953468
vt 0.886530 0.941128
vt 0.848001 0.928401
vt 0.858545 0.920796
vt 0.834822 0.887842
vt 0.847856 0.887898
vt 0.848001 0.847283
vt 0.858545 0.854999
vt 0.882502 0.822216
vt 0.886530 0.834667
vt 0.925149 0.822216
vt 0.921121 0.834667
vt 0.959650 0.847283
vt 0.949106 0.854999
vt 0.972829 0.887842
vt 0.959795 0.887898
vt 0.903825 0.884851
vt 0.903825 0.885082
s 0
usemtl lambert4SG
f 4117/890/496 4118/891/496 4119/892/496
f 4120/892/496 4121/891/496 4122/893/496
f 4123/891/497 4124/894/497 4125/893/497
f 4126/893/497 4127/894/497 4128/895/497
f 4129/894/498 4130/896/498 4131/895/498
s 1
f 4132/895/498 4133/896/498 4134/897/498
s 0
f 4135/896/499 4136/898/499 4137/897/499
f 4138/897/499 4139/898/499 4140/899/499
f 4141/898/500 4142/900/500 4143/899/500
s 1
f 4144/899/500 4145/900/500 4146/901/500
s 0
f 4147/900/501 4148/902/501 4149/901/501
f 4150/901/501 4151/902/501 4152/903/501
f 4153/902/502 4154/904/502 4155/903/502
f 4156/903/502 4157/904/502 4158/905/502
f 4159/904/503 4160/906/503 4161/905/503
f 4162/905/503 4163/906/503 4164/907/503
f 4165/906/504 4166/908/504 4167/907/504
f 4168/907/504 4169/908/504 4170/909/504
f 4171/908/505 4172/890/505 4173/909/505
f 4174/909/505 4175/890/505 4176/892/505
f 4177/910/506 4178/911/506 4179/912/506
f 4180/912/506 4181/911/506 4182/913/506
f 4183/911/507 4184/914/507 4185/913/507
f 4186/913/507 4187/914/507 4188/915/507
f 4189/914/508 4190/916/508 4191/915/508
f 4192/915/508 4193/916/508 4194/917/508
f 4195/916/509 4196/918/509 4197/917/509
f 4198/917/509 4199/918/509 4200/919/509
f 4201/918/510 4202/920/510 4203/919/510
f 4204/919/510 4205/920/510 4206/921/510
f 4207/920/511 4208/922/511 4209/921/511
f 4210/921/511 4211/922/511 4212/923/511
f 4213/922/512 4214/924/512 4215/923/512
f 4216/923/512 4217/924/512 4218/925/512
f 4219/924/513 4220/926/513 4221/925/513
f 4222/925/513 4223/926/513 4224/927/513
f 4225/926/514 4226/928/514 4227/927/514
f 4228/927/514 4229/928/514 4230/929/514
f 4231/928/515 4232/930/515 4233/929/515
f 4234/929/515 4235/930/515 4236/931/515
f 4237/932/516 4238/933/516 4239/934/516
f 4240/934/516 4241/933/516 4242/935/516
f 4243/933/517 4244/936/517 4245/935/517
f 4246/935/517 4247/936/517 4248/937/517
f 4249/936/518 4250/938/518 4251/937/518
f 4252/937/518 4253/938/518 4254/939/518
f 4255/938/519 4256/940/519 4257/939/519
f 4258/939/519 4259/940/519 4260/941/519
f 4261/940/520 4262/942/520 4263/941/520
f 4264/941/520 4265/942/520 4266/943/520
f 4267/942/521 4268/944/521 4269/943/521
f 4270/943/521 4271/944/521 4272/945/521
f 4273/944/522 4274/946/522 4275/945/522
f 4276/945/522 4277/946/522 4278/947/522
f 4279/946/523 4280/948/523 4281/947/523
f 4282/947/523 4283/948/523 4284/949/523
f 4285/948/524 4286/950/524 4287/949/524
f 4288/949/524 4289/950/524 4290/951/524
f 4291/950/525 4292/932/525 4293/951/525
f 4294/951/525 4295/932/525 4296/934/525
f 4297/891/526 4298/890/526 4299/952/526
f 4300/894/527 4301/891/527 4302/952/527
f 4303/896/528 4304/894/528 4305/952/528
f 4306/898/529 4307/896/529 4308/952/529
f 4309/900/530 4310/898/530 4311/952/530
f 4312/902/531 4313/900/531 4314/952/531
f 4315/904/532 4316/902/532 4317/952/532
f 4318/906/533 4319/904/533 4320/952/533
f 4321/908/534 4322/906/534 4323/952/534
f 4324/890/535 4325/908/535 4326/952/535
f 4327/934/536 4328/935/536 4329/953/536
f 4330/935/537 4331/937/537 4332/953/537
f 4333/937/538 4334/939/538 4335/953/538
f 4336/939/539 4337/941/539 4338/953/539
f 4339/941/540 4340/943/540 4341/953/540
f 4342/943/541 4343/945/541 4344/953/541
f 4345/945/542 4346/947/542 4347/953/542
f 4348/947/543 4349/949/543 4350/953/543
f 4351/949/544 4352/951/544 4353/953/544
f 4354/951/545 4355/934/545 4356/953/545
o Wheel6
v -105.024368 -153.903061 -73.137032
v -105.024368 -170.031860 -61.418774
v -98.428230 -150.720764 -70.824959
v -98.428230 -150.720764 -70.824959
v -105.024368 -170.031860 -61.418774
v -98.428230 -168.816330 -57.677765
v -105.024368 -170.031860 -61.418774
v -105.024368 -189.968155 -61.418777
v -98.428230 -168.816330 -57.677765
v -98.428230 -168.816330 -57.677765
v -105.024368 -189.968155 -61.418777
v -98.428230 -191.183670 -57.677769
v -105.024368 -189.968155 -61.418777
v -105.024368 -206.096939 -73.137032
v -98.428230 -191.183670 -57.677769
v -98.428230 -191.183670 -57.677769
v -105.024368 -206.096939 -73.137032
v -98.428230 -209.279236 -70.824966
v -105.024368 -206.096939 -73.137032
v -105.024368 -212.257599 -92.097572
v -98.428230 -209.279236 -70.824966
v -98.428230 -209.279236 -70.824966
v -105.024368 -212.257599 -92.097572
v -98.428230 -216.191132 -92.097572
v -105.024368 -212.257599 -92.097572
v -105.024368 -206.096939 -111.058113
v -98.428230 -216.191132 -92.097572
v -98.428230 -216.191132 -92.097572
v -105.024368 -206.096939 -111.058113
v -98.428230 -209.279236 -113.370178
v -105.024368 -206.096939 -111.058113
v -105.024368 -189.968140 -122.776367
v -98.428230 -209.279236 -113.370178
v -98.428230 -209.279236 -113.370178
v -105.024368 -189.968140 -122.776367
v -98.428230 -191.183670 -126.517372
v -105.024368 -189.968140 -122.776367
v -105.024368 -170.031860 -122.776367
v -98.428230 -191.183670 -126.517372
v -98.428230 -191.183670 -126.517372
v -105.024368 -170.031860 -122.776367
v -98.428230 -168.816330 -126.517372
v -105.024368 -170.031860 -122.776367
v -105.024368 -153.903061 -111.058113
v -98.428230 -168.816330 -126.517372
v -98.428230 -168.816330 -126.517372
v -105.024368 -153.903061 -111.058113
v -98.428230 -150.720764 -113.370178
v -105.024368 -153.903061 -111.058113
v -105.024368 -147.742401 -92.097572
v -98.428230 -150.720764 -113.370178
v -98.428230 -150.720764 -113.370178
v -105.024368 -147.742401 -92.097572
v -98.428230 -143.808884 -92.097572
v -105.024368 -147.742401 -92.097572
v -105.024368 -153.903061 -73.137032
v -98.428230 -143.808884 -92.097572
v -98.428230 -143.808884 -92.097572
v -105.024368 -153.903061 -73.137032
v -98.428230 -150.720764 -70.824959
v -98.428230 -150.720764 -70.824959
v -98.428230 -168.816330 -57.677765
v -81.571770 -150.720764 -70.824959
v -81.571770 -150.720764 -70.824959
v -98.428230 -168.816330 -57.677765
v -81.571770 -168.816330 -57.677765
v -98.428230 -168.816330 -57.677765
v -98.428230 -191.183670 -57.677769
v -81.571770 -168.816330 -57.677765
v -81.571770 -168.816330 -57.677765
v -98.428230 -191.183670 -57.677769
v -81.571770 -191.183670 -57.677769
v -98.428230 -191.183670 -57.677769
v -98.428230 -209.279236 -70.824966
v -81.571770 -191.183670 -57.677769
v -81.571770 -191.183670 -57.677769
v -98.428230 -209.279236 -70.824966
v -81.571770 -209.279236 -70.824966
v -98.428230 -209.279236 -70.824966
v -98.428230 -216.191132 -92.097572
v -81.571770 -209.279236 -70.824966
v -81.571770 -209.279236 -70.824966
v -98.428230 -216.191132 -92.097572
v -81.571770 -216.191132 -92.097572
v -98.428230 -216.191132 -92.097572
v -98.428230 -209.279236 -113.370178
v -81.571770 -216.191132 -92.097572
v -81.571770 -216.191132 -92.097572
v -98.428230 -209.279236 -113.370178
v -81.571770 -209.279236 -113.370178
v -98.428230 -209.279236 -113.370178
v -98.428230 -191.183670 -126.517372
v -81.571770 -209.279236 -113.370178
v -81.571770 -209.279236 -113.370178
v -98.428230 -191.183670 -126.517372
v -81.571770 -191.183670 -126.517372
v -98.428230 -191.183670 -126.517372
v -98.428230 -168.816330 -126.517372
v -81.571770 -191.183670 -126.517372
v -81.571770 -191.183670 -126.517372
v -98.428230 -168.816330 -126.517372
v -81.571770 -168.816330 -126.517372
v -98.428230 -168.816330 -126.517372
v -98.428230 -150.720764 -113.370178
v -81.571770 -168.816330 -126.517372
v -81.571770 -168.816330 -126.517372
v -98.428230 -150.720764 -113.370178
v -81.571770 -150.720764 -113.370178
v -98.428230 -150.720764 -113.370178
v -98.428230 -143.808884 -92.097572
v -81.571770 -150.720764 -113.370178
v -81.571770 -150.720764 -113.370178
v -98.428230 -143.808884 -92.097572
v -81.571770 -143.808884 -92.097572
v -98.428230 -143.808884 -92.097572
v -98.428230 -150.720764 -70.824959
v -81.571770 -143.808884 -92.097572
v -81.571770 -143.808884 -92.097572
v -98.428230 -150.720764 -70.824959
v -81.571770 -150.720764 -70.824959
v -81.571770 -150.720764 -70.824959
v -81.571770 -168.816330 -57.677765
v -74.975632 -153.903061 -73.137032
v -74.975632 -153.903061 -73.137032
v -81.571770 -168.816330 -57.677765
v -74.975632 -170.031860 -61.418774
v -81.571770 -168.816330 -57.677765
v -81.571770 -191.183670 -57.677769
v -74.975632 -170.031860 -61.418774
v -74.975632 -170.031860 -61.418774
v -81.571770 -191.183670 -57.677769
v -74.975632 -189.968155 -61.418777
v -81.571770 -191.183670 -57.677769
v -81.571770 -209.279236 -70.824966
v -74.975632 -189.968155 -61.418777
v -74.975632 -189.968155 -61.418777
v -81.571770 -209.279236 -70.824966
v -74.975632 -206.096939 -73.137032
v -81.571770 -209.279236 -70.824966
v -81.571770 -216.191132 -92.097572
v -74.975632 -206.096939 -73.137032
v -74.975632 -206.096939 -73.137032
v -81.571770 -216.191132 -92.097572
v -74.975632 -212.257599 -92.097572
v -81.571770 -216.191132 -92.097572
v -81.571770 -209.279236 -113.370178
v -74.975632 -212.257599 -92.097572
v -74.975632 -212.257599 -92.097572
v -81.571770 -209.279236 -113.370178
v -74.975632 -206.096939 -111.058113
v -81.571770 -209.279236 -113.370178
v -81.571770 -191.183670 -126.517372
v -74.975632 -206.096939 -111.058113
v -74.975632 -206.096939 -111.058113
v -81.571770 -191.183670 -126.517372
v -74.975632 -189.968140 -122.776367
v -81.571770 -191.183670 -126.517372
v -81.571770 -168.816330 -126.517372
v -74.975632 -189.968140 -122.776367
v -74.975632 -189.968140 -122.776367
v -81.571770 -168.816330 -126.517372
v -74.975632 -170.031860 -122.776367
v -81.571770 -168.816330 -126.517372
v -81.571770 -150.720764 -113.370178
v -74.975632 -170.031860 -122.776367
v -74.975632 -170.031860 -122.776367
v -81.571770 -150.720764 -113.370178
v -74.975632 -153.903061 -111.058113
v -81.571770 -150.720764 -113.370178
v -81.571770 -143.808884 -92.097572
v -74.975632 -153.903061 -111.058113
v -74.975632 -153.903061 -111.058113
v -81.571770 -143.808884 -92.097572
v -74.975632 -147.742401 -92.097572
v -81.571770 -143.808884 -92.097572
v -81.571770 -150.720764 -70.824959
v -74.975632 -147.742401 -92.097572
v -74.975632 -147.742401 -92.097572
v -81.571770 -150.720764 -70.824959
v -74.975632 -153.903061 -73.137032
v -105.024368 -170.031860 -61.418774
v -105.024368 -153.903061 -73.137032
v -98.428230 -180.000000 -92.097572
v -105.024368 -189.968155 -61.418777
v -105.024368 -170.031860 -61.418774
v -98.428230 -180.000000 -92.097572
v -105.024368 -206.096939 -73.137032
v -105.024368 -189.968155 -61.418777
v -98.428230 -180.000000 -92.097572
v -105.024368 -212.257599 -92.097572
v -105.024368 -206.096939 -73.137032
v -98.428230 -180.000000 -92.097572
v -105.024368 -206.096939 -111.058113
v -105.024368 -212.257599 -92.097572
v -98.428230 -180.000000 -92.097572
v -105.024368 -189.968140 -122.776367
v -105.024368 -206.096939 -111.058113
v -98.428230 -180.000000 -92.097572
v -105.024368 -170.031860 -122.776367
v -105.024368 -189.968140 -122.776367
v -98.428230 -180.000000 -92.097572
v -105.024368 -153.903061 -111.058113
v -105.024368 -170.031860 -122.776367
v -98.428230 -180.000000 -92.097572
v -105.024368 -147.742401 -92.097572
v -105.024368 -153.903061 -111.058113
v -98.428230 -180.000000 -92.097572
v -105.024368 -153.903061 -73.137032
v -105.024368 -147.742401 -92.097572
v -98.428230 -180.000000 -92.097572
v -74.975632 -153.903061 -73.137032
v -74.975632 -170.031860 -61.418774
v -81.571770 -180.000000 -92.097572
v -74.975632 -170.031860 -61.418774
v -74.975632 -189.968155 -61.418777
v -81.571770 -180.000000 -92.097572
v -74.975632 -189.968155 -61.418777
v -74.975632 -206.096939 -73.137032
v -81.571770 -180.000000 -92.097572
v -74.975632 -206.096939 -73.137032
v -74.975632 -212.257599 -92.097572
v -81.571770 -180.000000 -92.097572
v -74.975632 -212.257599 -92.097572
v -74.975632 -206.096939 -111.058113
v -81.571770 -180.000000 -92.097572
v -74.975632 -206.096939 -111.058113
v -74.975632 -189.968140 -122.776367
v -81.571770 -180.000000 -92.097572
v -74.975632 -189.968140 -122.776367
v -74.975632 -170.031860 -122.776367
v -81.571770 -180.000000 -92.097572
v -74.975632 -170.031860 -122.776367
v -74.975632 -153.903061 -111.058113
v -81.571770 -180.000000 -92.097572
v -74.975632 -153.903061 -111.058113
v -74.975632 -147.742401 -92.097572
v -81.571770 -180.000000 -92.097572
v -74.975632 -147.742401 -92.097572
v -74.975632 -153.903061 -73.137032
v -81.571770 -180.000000 -92.097572
vn -0.4933 0.5113 0.7037
vn -0.4933 -0.0000 0.8698
vn -0.4933 -0.5113 0.7037
vn -0.4933 -0.8273 0.2688
vn -0.4933 -0.8273 -0.2688
vn -0.4933 -0.5113 -0.7037
vn -0.4933 -0.0000 -0.8698
vn -0.4933 0.5113 -0.7037
vn -0.4933 0.8273 -0.2688
vn -0.4933 0.8273 0.2688
vn -0.0000 0.5878 0.8090
vn -0.0000 -0.0000 1.0000
vn -0.0000 -0.5878 0.8090
vn -0.0000 -0.9511 0.3090
vn -0.0000 -0.9511 -0.3090
vn -0.0000 -0.5878 -0.8090
vn -0.0000 -0.0000 -1.0000
vn -0.0000 0.5878 -0.8090
vn -0.0000 0.9511 -0.3090
vn -0.0000 0.9511 0.3090
vn 0.4933 0.5113 0.7037
vn 0.4933 -0.0000 0.8698
vn 0.4933 -0.5113 0.7037
vn 0.4933 -0.8273 0.2688
vn 0.4933 -0.8273 -0.2688
vn 0.4933 -0.5113 -0.7037
vn 0.4933 -0.0000 -0.8698
vn 0.4933 0.5113 -0.7037
vn 0.4933 0.8273 -0.2688
vn 0.4933 0.8273 0.2688
vn -0.9777 -0.1236 -0.1701
vn -0.9777 -0.0000 -0.2102
vn -0.9777 0.1236 -0.1701
vn -0.9777 0.1999 -0.0650
vn -0.9777 0.1999 0.0650
vn -0.9777 0.1236 0.1701
vn -0.9777 -0.0000 0.2102
vn -0.9777 -0.1236 0.1701
vn -0.9777 -0.1999 0.0650
vn -0.9777 -0.1999 -0.0650
vn 0.9777 -0.1236 -0.1701
vn 0.9777 -0.0000 -0.2102
vn 0.9777 0.1236 -0.1701
vn 0.9777 0.1999 -0.0650
vn 0.9777 0.1999 0.0650
vn 0.9777 0.1236 0.1701
vn 0.9777 -0.0000 0.2102
vn 0.9777 -0.1236 0.1701
vn 0.9777 -0.1999 0.0650
vn 0.9777 -0.1999 -0.0650
vt 0.949106 0.854625
vt 0.921121 0.834293
vt 0.959650 0.847053
vt 0.925149 0.821986
vt 0.886530 0.834293
vt 0.882502 0.821986
vt 0.858545 0.854625
vt 0.848001 0.847053
vt 0.847856 0.887523
vt 0.834822 0.887612
vt 0.858545 0.920421
vt 0.848001 0.928171
vt 0.886530 0.940754
vt 0.882502 0.953238
vt 0.921121 0.940754
vt 0.925149 0.953238
vt 0.949106 0.920421
vt 0.959650 0.928171
vt 0.959795 0.887523
vt 0.972829 0.887612
vt 0.939398 0.750898
vt 0.942546 0.750898
vt 0.939398 0.798239
vt 0.942546 0.798239
vt 0.945694 0.750898
vt 0.945694 0.798239
vt 0.948842 0.750898
vt 0.948842 0.798239
vt 0.951990 0.750898
vt 0.951990 0.798239
vt 0.955138 0.750898
vt 0.955138 0.798239
vt 0.958286 0.750898
vt 0.958286 0.798239
vt 0.961435 0.750898
vt 0.961435 0.798239
vt 0.964583 0.750898
vt 0.964583 0.798239
vt 0.967731 0.750898
vt 0.967731 0.798239
vt 0.970879 0.750898
vt 0.970879 0.798239
vt 0.959650 0.928401
vt 0.925149 0.953468
vt 0.949106 0.920796
vt 0.921121 0.941128
vt 0.882502 0.953468
vt 0.886530 0.941128
vt 0.848001 0.928401
vt 0.858545 0.920796
vt 0.834822 0.887842
vt 0.847856 0.887898
vt 0.848001 0.847283
vt 0.858545 0.854999
vt 0.882502 0.822216
vt 0.886530 0.834667
vt 0.925149 0.822216
vt 0.921121 0.834667
vt 0.959650 0.847283
vt 0.949106 0.854999
vt 0.972829 0.887842
vt 0.959795 0.887898
vt 0.903826 0.884851
vt 0.903825 0.885082
s 0
usemtl lambert4SG
f 4357/954/546 4358/955/546 4359/956/546
f 4360/956/546 4361/955/546 4362/957/546
f 4363/955/547 4364/958/547 4365/957/547
f 4366/957/547 4367/958/547 4368/959/547
f 4369/958/548 4370/960/548 4371/959/548
f 4372/959/548 4373/960/548 4374/961/548
f 4375/960/549 4376/962/549 4377/961/549
f 4378/961/549 4379/962/549 4380/963/549
f 4381/962/550 4382/964/550 4383/963/550
f 4384/963/550 4385/964/550 4386/965/550
f 4387/964/551 4388/966/551 4389/965/551
f 4390/965/551 4391/966/551 4392/967/551
f 4393/966/552 4394/968/552 4395/967/552
f 4396/967/552 4397/968/552 4398/969/552
f 4399/968/553 4400/970/553 4401/969/553
f 4402/969/553 4403/970/553 4404/971/553
f 4405/970/554 4406/972/554 4407/971/554
s 1
f 4408/971/554 4409/972/554 4410/973/554
s 0
f 4411/972/555 4412/954/555 4413/973/555
f 4414/973/555 4415/954/555 4416/956/555
f 4417/974/556 4418/975/556 4419/976/556
f 4420/976/556 4421/975/556 4422/977/556
f 4423/975/557 4424/978/557 4425/977/557
f 4426/977/557 4427/978/557 4428/979/557
f 4429/978/558 4430/980/558 4431/979/558
f 4432/979/558 4433/980/558 4434/981/558
f 4435/980/559 4436/982/559 4437/981/559
f 4438/981/559 4439/982/559 4440/983/559
f 4441/982/560 4442/984/560 4443/983/560
f 4444/983/560 4445/984/560 4446/985/560
f 4447/984/561 4448/986/561 4449/985/561
f 4450/985/561 4451/986/561 4452/987/561
f 4453/986/562 4454/988/562 4455/987/562
f 4456/987/562 4457/988/562 4458/989/562
f 4459/988/563 4460/990/563 4461/989/563
f 4462/989/563 4463/990/563 4464/991/563
f 4465/990/564 4466/992/564 4467/991/564
f 4468/991/564 4469/992/564 4470/993/564
f 4471/992/565 4472/994/565 4473/993/565
f 4474/993/565 4475/994/565 4476/995/565
f 4477/996/566 4478/997/566 4479/998/566
f 4480/998/566 4481/997/566 4482/999/566
f 4483/997/567 4484/1000/567 4485/999/567
f 4486/999/567 4487/1000/567 4488/1001/567
f 4489/1000/568 4490/1002/568 4491/1001/568
f 4492/1001/568 4493/1002/568 4494/1003/568
f 4495/1002/569 4496/1004/569 4497/1003/569
s 1
f 4498/1003/569 4499/1004/569 4500/1005/569
s 0
f 4501/1004/570 4502/1006/570 4503/1005/570
f 4504/1005/570 4505/1006/570 4506/1007/570
s 1
f 4507/1006/571 4508/1008/571 4509/1007/571
s 0
f 4510/1007/571 4511/1008/571 4512/1009/571
f 4513/1008/572 4514/1010/572 4515/1009/572
f 4516/1009/572 4517/1010/572 4518/1011/572
f 4519/1010/573 4520/1012/573 4521/1011/573
f 4522/1011/573 4523/1012/573 4524/1013/573
f 4525/1012/574 4526/1014/574 4527/1013/574
f 4528/1013/574 4529/1014/574 4530/1015/574
f 4531/1014/575 4532/996/575 4533/1015/575
f 4534/1015/575 4535/996/575 4536/998/575
f 4537/955/576 4538/954/576 4539/1016/576
f 4540/958/577 4541/955/577 4542/1016/577
f 4543/960/578 4544/958/578 4545/1016/578
f 4546/962/579 4547/960/579 4548/1016/579
f 4549/964/580 4550/962/580 4551/1016/580
f 4552/966/581 4553/964/581 4554/1016/581
f 4555/968/582 4556/966/582 4557/1016/582
f 4558/970/583 4559/968/583 4560/1016/583
f 4561/972/584 4562/970/584 4563/1016/584
f 4564/954/585 4565/972/585 4566/1016/585
f 4567/998/586 4568/999/586 4569/1017/586
f 4570/999/587 4571/1001/587 4572/1017/587
f 4573/1001/588 4574/1003/588 4575/1017/588
f 4576/1003/589 4577/1005/589 4578/1017/589
f 4579/1005/590 4580/1007/590 4581/1017/590
f 4582/1007/591 4583/1009/591 4584/1017/591
f 4585/1009/592 4586/1011/592 4587/1017/592
f 4588/1011/593 4589/1013/593 4590/1017/593
f 4591/1013/594 4592/1015/594 4593/1017/594
f 4594/1015/595 4595/998/595 4596/1017/595
o Wheel5
v -165.024368 -153.903061 -73.137032
v -165.024368 -170.031860 -61.418774
v -158.428223 -150.720764 -70.824959
v -158.428223 -150.720764 -70.824959
v -165.024368 -170.031860 -61.418774
v -158.428223 -168.816330 -57.677765
v -165.024368 -170.031860 -61.418774
v -165.024368 -189.968155 -61.418777
v -158.428223 -168.816330 -57.677765
v -158.428223 -168.816330 -57.677765
v -165.024368 -189.968155 -61.418777
v -158.428223 -191.183670 -57.677769
v -165.024368 -189.968155 -61.418777
v -165.024368 -206.096939 -73.137032
v -158.428223 -191.183670 -57.677769
v -158.428223 -191.183670 -57.677769
v -165.024368 -206.096939 -73.137032
v -158.428223 -209.279236 -70.824966
v -165.024368 -206.096939 -73.137032
v -165.024368 -212.257599 -92.097572
v -158.428223 -209.279236 -70.824966
v -158.428223 -209.279236 -70.824966
v -165.024368 -212.257599 -92.097572
v -158.428223 -216.191132 -92.097572
v -165.024368 -212.257599 -92.097572
v -165.024368 -206.096939 -111.058113
v -158.428223 -216.191132 -92.097572
v -158.428223 -216.191132 -92.097572
v -165.024368 -206.096939 -111.058113
v -158.428223 -209.279236 -113.370178
v -165.024368 -206.096939 -111.058113
v -165.024368 -189.968140 -122.776367
v -158.428223 -209.279236 -113.370178
v -158.428223 -209.279236 -113.370178
v -165.024368 -189.968140 -122.776367
v -158.428223 -191.183670 -126.517372
v -165.024368 -189.968140 -122.776367
v -165.024368 -170.031860 -122.776367
v -158.428223 -191.183670 -126.517372
v -158.428223 -191.183670 -126.517372
v -165.024368 -170.031860 -122.776367
v -158.428223 -168.816330 -126.517372
v -165.024368 -170.031860 -122.776367
v -165.024368 -153.903061 -111.058113
v -158.428223 -168.816330 -126.517372
v -158.428223 -168.816330 -126.517372
v -165.024368 -153.903061 -111.058113
v -158.428223 -150.720764 -113.370178
v -165.024368 -153.903061 -111.058113
v -165.024368 -147.742401 -92.097572
v -158.428223 -150.720764 -113.370178
v -158.428223 -150.720764 -113.370178
v -165.024368 -147.742401 -92.097572
v -158.428223 -143.808884 -92.097572
v -165.024368 -147.742401 -92.097572
v -165.024368 -153.903061 -73.137032
v -158.428223 -143.808884 -92.097572
v -158.428223 -143.808884 -92.097572
v -165.024368 -153.903061 -73.137032
v -158.428223 -150.720764 -70.824959
v -158.428223 -150.720764 -70.824959
v -158.428223 -168.816330 -57.677765
v -141.571777 -150.720764 -70.824959
v -141.571777 -150.720764 -70.824959
v -158.428223 -168.816330 -57.677765
v -141.571777 -168.816330 -57.677765
v -158.428223 -168.816330 -57.677765
v -158.428223 -191.183670 -57.677769
v -141.571777 -168.816330 -57.677765
v -141.571777 -168.816330 -57.677765
v -158.428223 -191.183670 -57.677769
v -141.571777 -191.183670 -57.677769
v -158.428223 -191.183670 -57.677769
v -158.428223 -209.279236 -70.824966
v -141.571777 -191.183670 -57.677769
v -141.571777 -191.183670 -57.677769
v -158.428223 -209.279236 -70.824966
v -141.571777 -209.279236 -70.824966
v -158.428223 -209.279236 -70.824966
v -158.428223 -216.191132 -92.097572
v -141.571777 -209.279236 -70.824966
v -141.571777 -209.279236 -70.824966
v -158.428223 -216.191132 -92.097572
v -141.571777 -216.191132 -92.097572
v -158.428223 -216.191132 -92.097572
v -158.428223 -209.279236 -113.370178
v -141.571777 -216.191132 -92.097572
v -141.571777 -216.191132 -92.097572
v -158.428223 -209.279236 -113.370178
v -141.571777 -209.279236 -113.370178
v -158.428223 -209.279236 -113.370178
v -158.428223 -191.183670 -126.517372
v -141.571777 -209.279236 -113.370178
v -141.571777 -209.279236 -113.370178
v -158.428223 -191.183670 -126.517372
v -141.571777 -191.183670 -126.517372
v -158.428223 -191.183670 -126.517372
v -158.428223 -168.816330 -126.517372
v -141.571777 -191.183670 -126.517372
v -141.571777 -191.183670 -126.517372
v -158.428223 -168.816330 -126.517372
v -141.571777 -168.816330 -126.517372
v -158.428223 -168.816330 -126.517372
v -158.428223 -150.720764 -113.370178
v -141.571777 -168.816330 -126.517372
v -141.571777 -168.816330 -126.517372
v -158.428223 -150.720764 -113.370178
v -141.571777 -150.720764 -113.370178
v -158.428223 -150.720764 -113.370178
v -158.428223 -143.808884 -92.097572
v -141.571777 -150.720764 -113.370178
v -141.571777 -150.720764 -113.370178
v -158.428223 -143.808884 -92.097572
v -141.571777 -143.808884 -92.097572
v -158.428223 -143.808884 -92.097572
v -158.428223 -150.720764 -70.824959
v -141.571777 -143.808884 -92.097572
v -141.571777 -143.808884 -92.097572
v -158.428223 -150.720764 -70.824959
v -141.571777 -150.720764 -70.824959
v -141.571777 -150.720764 -70.824959
v -141.571777 -168.816330 -57.677765
v -134.975632 -153.903061 -73.137032
v -134.975632 -153.903061 -73.137032
v -141.571777 -168.816330 -57.677765
v -134.975632 -170.031860 -61.418774
v -141.571777 -168.816330 -57.677765
v -141.571777 -191.183670 -57.677769
v -134.975632 -170.031860 -61.418774
v -134.975632 -170.031860 -61.418774
v -141.571777 -191.183670 -57.677769
v -134.975632 -189.968155 -61.418777
v -141.571777 -191.183670 -57.677769
v -141.571777 -209.279236 -70.824966
v -134.975632 -189.968155 -61.418777
v -134.975632 -189.968155 -61.418777
v -141.571777 -209.279236 -70.824966
v -134.975632 -206.096939 -73.137032
v -141.571777 -209.279236 -70.824966
v -141.571777 -216.191132 -92.097572
v -134.975632 -206.096939 -73.137032
v -134.975632 -206.096939 -73.137032
v -141.571777 -216.191132 -92.097572
v -134.975632 -212.257599 -92.097572
v -141.571777 -216.191132 -92.097572
v -141.571777 -209.279236 -113.370178
v -134.975632 -212.257599 -92.097572
v -134.975632 -212.257599 -92.097572
v -141.571777 -209.279236 -113.370178
v -134.975632 -206.096939 -111.058113
v -141.571777 -209.279236 -113.370178
v -141.571777 -191.183670 -126.517372
v -134.975632 -206.096939 -111.058113
v -134.975632 -206.096939 -111.058113
v -141.571777 -191.183670 -126.517372
v -134.975632 -189.968140 -122.776367
v -141.571777 -191.183670 -126.517372
v -141.571777 -168.816330 -126.517372
v -134.975632 -189.968140 -122.776367
v -134.975632 -189.968140 -122.776367
v -141.571777 -168.816330 -126.517372
v -134.975632 -170.031860 -122.776367
v -141.571777 -168.816330 -126.517372
v -141.571777 -150.720764 -113.370178
v -134.975632 -170.031860 -122.776367
v -134.975632 -170.031860 -122.776367
v -141.571777 -150.720764 -113.370178
v -134.975632 -153.903061 -111.058113
v -141.571777 -150.720764 -113.370178
v -141.571777 -143.808884 -92.097572
v -134.975632 -153.903061 -111.058113
v -134.975632 -153.903061 -111.058113
v -141.571777 -143.808884 -92.097572
v -134.975632 -147.742401 -92.097572
v -141.571777 -143.808884 -92.097572
v -141.571777 -150.720764 -70.824959
v -134.975632 -147.742401 -92.097572
v -134.975632 -147.742401 -92.097572
v -141.571777 -150.720764 -70.824959
v -134.975632 -153.903061 -73.137032
v -165.024368 -170.031860 -61.418774
v -165.024368 -153.903061 -73.137032
v -158.428223 -180.000000 -92.097572
v -165.024368 -189.968155 -61.418777
v -165.024368 -170.031860 -61.418774
v -158.428223 -180.000000 -92.097572
v -165.024368 -206.096939 -73.137032
v -165.024368 -189.968155 -61.418777
v -158.428223 -180.000000 -92.097572
v -165.024368 -212.257599 -92.097572
v -165.024368 -206.096939 -73.137032
v -158.428223 -180.000000 -92.097572
v -165.024368 -206.096939 -111.058113
v -165.024368 -212.257599 -92.097572
v -158.428223 -180.000000 -92.097572
v -165.024368 -189.968140 -122.776367
v -165.024368 -206.096939 -111.058113
v -158.428223 -180.000000 -92.097572
v -165.024368 -170.031860 -122.776367
v -165.024368 -189.968140 -122.776367
v -158.428223 -180.000000 -92.097572
v -165.024368 -153.903061 -111.058113
v -165.024368 -170.031860 -122.776367
v -158.428223 -180.000000 -92.097572
v -165.024368 -147.742401 -92.097572
v -165.024368 -153.903061 -111.058113
v -158.428223 -180.000000 -92.097572
v -165.024368 -153.903061 -73.137032
v -165.024368 -147.742401 -92.097572
v -158.428223 -180.000000 -92.097572
v -134.975632 -153.903061 -73.137032
v -134.975632 -170.031860 -61.418774
v -141.571777 -180.000000 -92.097572
v -134.975632 -170.031860 -61.418774
v -134.975632 -189.968155 -61.418777
v -141.571777 -180.000000 -92.097572
v -134.975632 -189.968155 -61.418777
v -134.975632 -206.096939 -73.137032
v -141.571777 -180.000000 -92.097572
v -134.975632 -206.096939 -73.137032
v -134.975632 -212.257599 -92.097572
v -141.571777 -180.000000 -92.097572
v -134.975632 -212.257599 -92.097572
v -134.975632 -206.096939 -111.058113
v -141.571777 -180.000000 -92.097572
v -134.975632 -206.096939 -111.058113
v -134.975632 -189.968140 -122.776367
v -141.571777 -180.000000 -92.097572
v -134.975632 -189.968140 -122.776367
v -134.975632 -170.031860 -122.776367
v -141.571777 -180.000000 -92.097572
v -134.975632 -170.031860 -122.776367
v -134.975632 -153.903061 -111.058113
v -141.571777 -180.000000 -92.097572
v -134.975632 -153.903061 -111.058113
v -134.975632 -147.742401 -92.097572
v -141.571777 -180.000000 -92.097572
v -134.975632 -147.742401 -92.097572
v -134.975632 -153.903061 -73.137032
v -141.571777 -180.000000 -92.097572
vn -0.4933 0.5113 0.7037
vn -0.4933 -0.0000 0.8698
vn -0.4933 -0.5113 0.7037
vn -0.4933 -0.8273 0.2688
vn -0.4933 -0.8273 -0.2688
vn -0.4933 -0.5113 -0.7037
vn -0.4933 -0.0000 -0.8698
vn -0.4933 0.5113 -0.7037
vn -0.4933 0.8273 -0.2688
vn -0.4933 0.8273 0.2688
vn -0.0000 0.5878 0.8090
vn -0.0000 -0.0000 1.0000
vn -0.0000 -0.5878 0.8090
vn -0.0000 -0.9511 0.3090
vn -0.0000 -0.9511 -0.3090
vn -0.0000 -0.5878 -0.8090
vn -0.0000 -0.0000 -1.0000
vn -0.0000 0.5878 -0.8090
vn -0.0000 0.9511 -0.3090
vn -0.0000 0.9511 0.3090
vn 0.4933 0.5113 0.7037
vn 0.4933 -0.0000 0.8698
vn 0.4933 -0.5113 0.7037
vn 0.4933 -0.8273 0.2688
vn 0.4933 -0.8273 -0.2688
vn 0.4933 -0.5113 -0.7037
vn 0.4933 -0.0000 -0.8698
vn 0.4933 0.5113 -0.7037
vn 0.4933 0.8273 -0.2688
vn 0.4933 0.8273 0.2688
vn -0.9777 -0.1236 -0.1701
vn -0.9777 -0.0000 -0.2102
vn -0.9777 0.1236 -0.1701
vn -0.9777 0.1999 -0.0650
vn -0.9777 0.1999 0.0650
vn -0.9777 0.1236 0.1701
vn -0.9777 -0.0000 0.2102
vn -0.9777 -0.1236 0.1701
vn -0.9777 -0.1999 0.0650
vn -0.9777 -0.1999 -0.0650
vn 0.9777 -0.1236 -0.1701
vn 0.9777 -0.0000 -0.2102
vn 0.9777 0.1236 -0.1701
vn 0.9777 0.1999 -0.0650
vn 0.9777 0.1999 0.0650
vn 0.9777 0.1236 0.1701
vn 0.9777 -0.0000 0.2102
vn 0.9777 -0.1236 0.1701
vn 0.9777 -0.1999 0.0650
vn 0.9777 -0.1999 -0.0650
vt 0.949106 0.854625
vt 0.921121 0.834293
vt 0.959650 0.847053
vt 0.925149 0.821986
vt 0.886530 0.834293
vt 0.882502 0.821986
vt 0.858545 0.854625
vt 0.848001 0.847053
vt 0.847856 0.887523
vt 0.834822 0.887612
vt 0.858545 0.920422
vt 0.848001 0.928171
vt 0.886530 0.940754
vt 0.882502 0.953238
vt 0.921121 0.940754
vt 0.925149 0.953238
vt 0.949106 0.920422
vt 0.959650 0.928171
vt 0.959795 0.887523
vt 0.972829 0.887612
vt 0.939397 0.750898
vt 0.942546 0.750898
vt 0.939397 0.798239
vt 0.942546 0.798239
vt 0.945694 0.750898
vt 0.945694 0.798239
vt 0.948842 0.750898
vt 0.948842 0.798239
vt 0.951990 0.750898
vt 0.951990 0.798239
vt 0.955138 0.750898
vt 0.955138 0.798239
vt 0.958286 0.750898
vt 0.958286 0.798239
vt 0.961435 0.750898
vt 0.961435 0.798239
vt 0.964583 0.750898
vt 0.964583 0.798239
vt 0.967731 0.750898
vt 0.967731 0.798239
vt 0.970879 0.750898
vt 0.970879 0.798239
vt 0.959650 0.928401
vt 0.925149 0.953468
vt 0.949106 0.920796
vt 0.921121 0.941128
vt 0.882502 0.953468
vt 0.886530 0.941128
vt 0.848001 0.928401
vt 0.858545 0.920796
vt 0.834822 0.887842
vt 0.847856 0.887898
vt 0.848001 0.847283
vt 0.858545 0.854999
vt 0.882502 0.822216
vt 0.886530 0.834667
vt 0.925149 0.822216
vt 0.921121 0.834667
vt 0.959650 0.847283
vt 0.949106 0.854999
vt 0.972829 0.887842
vt 0.959795 0.887898
vt 0.903825 0.884851
vt 0.903825 0.885082
s 0
usemtl lambert4SG
f 4597/1018/596 4598/1019/596 4599/1020/596
f 4600/1020/596 4601/1019/596 4602/1021/596
f 4603/1019/597 4604/1022/597 4605/1021/597
f 4606/1021/597 4607/1022/597 4608/1023/597
f 4609/1022/598 4610/1024/598 4611/1023/598
f 4612/1023/598 4613/1024/598 4614/1025/598
f 4615/1024/599 4616/1026/599 4617/1025/599
f 4618/1025/599 4619/1026/599 4620/1027/599
s 1
f 4621/1026/600 4622/1028/600 4623/1027/600
s 0
f 4624/1027/600 4625/1028/600 4626/1029/600
f 4627/1028/601 4628/1030/601 4629/1029/601
f 4630/1029/601 4631/1030/601 4632/1031/601
f 4633/1030/602 4634/1032/602 4635/1031/602
f 4636/1031/602 4637/1032/602 4638/1033/602
f 4639/1032/603 4640/1034/603 4641/1033/603
f 4642/1033/603 4643/1034/603 4644/1035/603
f 4645/1034/604 4646/1036/604 4647/1035/604
f 4648/1035/604 4649/1036/604 4650/1037/604
f 4651/1036/605 4652/1018/605 4653/1037/605
f 4654/1037/605 4655/1018/605 4656/1020/605
f 4657/1038/606 4658/1039/606 4659/1040/606
f 4660/1040/606 4661/1039/606 4662/1041/606
f 4663/1039/607 4664/1042/607 4665/1041/607
f 4666/1041/607 4667/1042/607 4668/1043/607
f 4669/1042/608 4670/1044/608 4671/1043/608
f 4672/1043/608 4673/1044/608 4674/1045/608
f 4675/1044/609 4676/1046/609 4677/1045/609
f 4678/1045/609 4679/1046/609 4680/1047/609
f 4681/1046/610 4682/1048/610 4683/1047/610
f 4684/1047/610 4685/1048/610 4686/1049/610
f 4687/1048/611 4688/1050/611 4689/1049/611
f 4690/1049/611 4691/1050/611 4692/1051/611
f 4693/1050/612 4694/1052/612 4695/1051/612
f 4696/1051/612 4697/1052/612 4698/1053/612
f 4699/1052/613 4700/1054/613 4701/1053/613
f 4702/1053/613 4703/1054/613 4704/1055/613
f 4705/1054/614 4706/1056/614 4707/1055/614
f 4708/1055/614 4709/1056/614 4710/1057/614
f 4711/1056/615 4712/1058/615 4713/1057/615
f 4714/1057/615 4715/1058/615 4716/1059/615
f 4717/1060/616 4718/1061/616 4719/1062/616
f 4720/1062/616 4721/1061/616 4722/1063/616
f 4723/1061/617 4724/1064/617 4725/1063/617
f 4726/1063/617 4727/1064/617 4728/1065/617
f 4729/1064/618 4730/1066/618 4731/1065/618
f 4732/1065/618 4733/1066/618 4734/1067/618
f 4735/1066/619 4736/1068/619 4737/1067/619
f 4738/1067/619 4739/1068/619 4740/1069/619
f 4741/1068/620 4742/1070/620 4743/1069/620
f 4744/1069/620 4745/1070/620 4746/1071/620
f 4747/1070/621 4748/1072/621 4749/1071/621
f 4750/1071/621 4751/1072/621 4752/1073/621
f 4753/1072/622 4754/1074/622 4755/1073/622
f 4756/1073/622 4757/1074/622 4758/1075/622
f 4759/1074/623 4760/1076/623 4761/1075/623
f 4762/1075/623 4763/1076/623 4764/1077/623
f 4765/1076/624 4766/1078/624 4767/1077/624
f 4768/1077/624 4769/1078/624 4770/1079/624
f 4771/1078/625 4772/1060/625 4773/1079/625
f 4774/1079/625 4775/1060/625 4776/1062/625
f 4777/1019/626 4778/1018/626 4779/1080/626
f 4780/1022/627 4781/1019/627 4782/1080/627
f 4783/1024/628 4784/1022/628 4785/1080/628
f 4786/1026/629 4787/1024/629 4788/1080/629
f 4789/1028/630 4790/1026/630 4791/1080/630
f 4792/1030/631 4793/1028/631 4794/1080/631
f 4795/1032/632 4796/1030/632 4797/1080/632
f 4798/1034/633 4799/1032/633 4800/1080/633
f 4801/1036/634 4802/1034/634 4803/1080/634
f 4804/1018/635 4805/1036/635 4806/1080/635
f 4807/1062/636 4808/1063/636 4809/1081/636
f 4810/1063/637 4811/1065/637 4812/1081/637
f 4813/1065/638 4814/1067/638 4815/1081/638
f 4816/1067/639 4817/1069/639 4818/1081/639
f 4819/1069/640 4820/1071/640 4821/1081/640
f 4822/1071/641 4823/1073/641 4824/1081/641
f 4825/1073/642 4826/1075/642 4827/1081/642
f 4828/1075/643 4829/1077/643 4830/1081/643
f 4831/1077/644 4832/1079/644 4833/1081/644
f 4834/1079/645 4835/1062/645 4836/1081/645
o Wheel2
v 10.808552 -174.034698 431.599487
v 10.808552 -183.901794 438.768341
v 14.843869 -172.087860 433.013947
v 14.843869 -172.087860 433.013947
v 10.808552 -183.901794 438.768341
v 14.843869 -183.158173 441.056976
v 10.808552 -183.901794 438.768341
v 10.808552 -196.098206 438.768341
v 14.843869 -183.158173 441.056976
v 14.843869 -183.158173 441.056976
v 10.808552 -196.098206 438.768341
v 14.843869 -196.841827 441.056976
v 10.808552 -196.098206 438.768341
v 10.808552 -205.965317 431.599487
v 14.843869 -196.841827 441.056976
v 14.843869 -196.841827 441.056976
v 10.808552 -205.965317 431.599487
v 14.843869 -207.912140 433.013916
v 10.808552 -205.965317 431.599487
v 10.808552 -209.734207 420.000000
v 14.843869 -207.912140 433.013916
v 14.843869 -207.912140 433.013916
v 10.808552 -209.734207 420.000000
v 14.843869 -212.140625 420.000000
v 10.808552 -209.734207 420.000000
v 10.808552 -205.965302 408.400513
v 14.843869 -212.140625 420.000000
v 14.843869 -212.140625 420.000000
v 10.808552 -205.965302 408.400513
v 14.843869 -207.912140 406.986084
v 10.808552 -205.965302 408.400513
v 10.808552 -196.098206 401.231659
v 14.843869 -207.912140 406.986084
v 14.843869 -207.912140 406.986084
v 10.808552 -196.098206 401.231659
v 14.843869 -196.841827 398.943024
v 10.808552 -196.098206 401.231659
v 10.808552 -183.901794 401.231659
v 14.843869 -196.841827 398.943024
v 14.843869 -196.841827 398.943024
v 10.808552 -183.901794 401.231659
v 14.843869 -183.158173 398.943024
v 10.808552 -183.901794 401.231659
v 10.808552 -174.034698 408.400513
v 14.843869 -183.158173 398.943024
v 14.843869 -183.158173 398.943024
v 10.808552 -174.034698 408.400513
v 14.843869 -172.087860 406.986084
v 10.808552 -174.034698 408.400513
v 10.808552 -170.265793 420.000000
v 14.843869 -172.087860 406.986084
v 14.843869 -172.087860 406.986084
v 10.808552 -170.265793 420.000000
v 14.843869 -167.859390 420.000000
v 10.808552 -170.265793 420.000000
v 10.808552 -174.034698 431.599487
v 14.843869 -167.859390 420.000000
v 14.843869 -167.859390 420.000000
v 10.808552 -174.034698 431.599487
v 14.843869 -172.087860 433.013947
v 14.843869 -172.087860 433.013947
v 14.843869 -183.158173 441.056976
v 25.156132 -172.087860 433.013947
v 25.156132 -172.087860 433.013947
v 14.843869 -183.158173 441.056976
v 25.156132 -183.158173 441.056976
v 14.843869 -183.158173 441.056976
v 14.843869 -196.841827 441.056976
v 25.156132 -183.158173 441.056976
v 25.156132 -183.158173 441.056976
v 14.843869 -196.841827 441.056976
v 25.156132 -196.841827 441.056976
v 14.843869 -196.841827 441.056976
v 14.843869 -207.912140 433.013916
v 25.156132 -196.841827 441.056976
v 25.156132 -196.841827 441.056976
v 14.843869 -207.912140 433.013916
v 25.156132 -207.912140 433.013916
v 14.843869 -207.912140 433.013916
v 14.843869 -212.140625 420.000000
v 25.156132 -207.912140 433.013916
v 25.156132 -207.912140 433.013916
v 14.843869 -212.140625 420.000000
v 25.156132 -212.140625 420.000000
v 14.843869 -212.140625 420.000000
v 14.843869 -207.912140 406.986084
v 25.156132 -212.140625 420.000000
v 25.156132 -212.140625 420.000000
v 14.843869 -207.912140 406.986084
v 25.156132 -207.912140 406.986084
v 14.843869 -207.912140 406.986084
v 14.843869 -196.841827 398.943024
v 25.156132 -207.912140 406.986084
v 25.156132 -207.912140 406.986084
v 14.843869 -196.841827 398.943024
v 25.156132 -196.841827 398.943024
v 14.843869 -196.841827 398.943024
v 14.843869 -183.158173 398.943024
v 25.156132 -196.841827 398.943024
v 25.156132 -196.841827 398.943024
v 14.843869 -183.158173 398.943024
v 25.156132 -183.158173 398.943024
v 14.843869 -183.158173 398.943024
v 14.843869 -172.087860 406.986084
v 25.156132 -183.158173 398.943024
v 25.156132 -183.158173 398.943024
v 14.843869 -172.087860 406.986084
v 25.156132 -172.087860 406.986084
v 14.843869 -172.087860 406.986084
v 14.843869 -167.859390 420.000000
v 25.156132 -172.087860 406.986084
v 25.156132 -172.087860 406.986084
v 14.843869 -167.859390 420.000000
v 25.156132 -167.859390 420.000000
v 14.843869 -167.859390 420.000000
v 14.843869 -172.087860 433.013947
v 25.156132 -167.859390 420.000000
v 25.156132 -167.859390 420.000000
v 14.843869 -172.087860 433.013947
v 25.156132 -172.087860 433.013947
v 25.156132 -172.087860 433.013947
v 25.156132 -183.158173 441.056976
v 29.191448 -174.034698 431.599487
v 29.191448 -174.034698 431.599487
v 25.156132 -183.158173 441.056976
v 29.191448 -183.901794 438.768341
v 25.156132 -183.158173 441.056976
v 25.156132 -196.841827 441.056976
v 29.191448 -183.901794 438.768341
v 29.191448 -183.901794 438.768341
v 25.156132 -196.841827 441.056976
v 29.191448 -196.098206 438.768341
v 25.156132 -196.841827 441.056976
v 25.156132 -207.912140 433.013916
v 29.191448 -196.098206 438.768341
v 29.191448 -196.098206 438.768341
v 25.156132 -207.912140 433.013916
v 29.191448 -205.965317 431.599487
v 25.156132 -207.912140 433.013916
v 25.156132 -212.140625 420.000000
v 29.191448 -205.965317 431.599487
v 29.191448 -205.965317 431.599487
v 25.156132 -212.140625 420.000000
v 29.191448 -209.734207 420.000000
v 25.156132 -212.140625 420.000000
v 25.156132 -207.912140 406.986084
v 29.191448 -209.734207 420.000000
v 29.191448 -209.734207 420.000000
v 25.156132 -207.912140 406.986084
v 29.191448 -205.965302 408.400513
v 25.156132 -207.912140 406.986084
v 25.156132 -196.841827 398.943024
v 29.191448 -205.965302 408.400513
v 29.191448 -205.965302 408.400513
v 25.156132 -196.841827 398.943024
v 29.191448 -196.098206 401.231659
v 25.156132 -196.841827 398.943024
v 25.156132 -183.158173 398.943024
v 29.191448 -196.098206 401.231659
v 29.191448 -196.098206 401.231659
v 25.156132 -183.158173 398.943024
v 29.191448 -183.901794 401.231659
v 25.156132 -183.158173 398.943024
v 25.156132 -172.087860 406.986084
v 29.191448 -183.901794 401.231659
v 29.191448 -183.901794 401.231659
v 25.156132 -172.087860 406.986084
v 29.191448 -174.034698 408.400513
v 25.156132 -172.087860 406.986084
v 25.156132 -167.859390 420.000000
v 29.191448 -174.034698 408.400513
v 29.191448 -174.034698 408.400513
v 25.156132 -167.859390 420.000000
v 29.191448 -170.265793 420.000000
v 25.156132 -167.859390 420.000000
v 25.156132 -172.087860 433.013947
v 29.191448 -170.265793 420.000000
v 29.191448 -170.265793 420.000000
v 25.156132 -172.087860 433.013947
v 29.191448 -174.034698 431.599487
v 10.808552 -183.901794 438.768341
v 10.808552 -174.034698 431.599487
v 14.843869 -190.000000 420.000000
v 10.808552 -196.098206 438.768341
v 10.808552 -183.901794 438.768341
v 14.843869 -190.000000 420.000000
v 10.808552 -205.965317 431.599487
v 10.808552 -196.098206 438.768341
v 14.843869 -190.000000 420.000000
v 10.808552 -209.734207 420.000000
v 10.808552 -205.965317 431.599487
v 14.843869 -190.000000 420.000000
v 10.808552 -205.965302 408.400513
v 10.808552 -209.734207 420.000000
v 14.843869 -190.000000 420.000000
v 10.808552 -196.098206 401.231659
v 10.808552 -205.965302 408.400513
v 14.843869 -190.000000 420.000000
v 10.808552 -183.901794 401.231659
v 10.808552 -196.098206 401.231659
v 14.843869 -190.000000 420.000000
v 10.808552 -174.034698 408.400513
v 10.808552 -183.901794 401.231659
v 14.843869 -190.000000 420.000000
v 10.808552 -170.265793 420.000000
v 10.808552 -174.034698 408.400513
v 14.843869 -190.000000 420.000000
v 10.808552 -174.034698 431.599487
v 10.808552 -170.265793 420.000000
v 14.843869 -190.000000 420.000000
v 29.191448 -174.034698 431.599487
v 29.191448 -183.901794 438.768341
v 25.156132 -190.000000 420.000000
v 29.191448 -183.901794 438.768341
v 29.191448 -196.098206 438.768341
v 25.156132 -190.000000 420.000000
v 29.191448 -196.098206 438.768341
v 29.191448 -205.965317 431.599487
v 25.156132 -190.000000 420.000000
v 29.191448 -205.965317 431.599487
v 29.191448 -209.734207 420.000000
v 25.156132 -190.000000 420.000000
v 29.191448 -209.734207 420.000000
v 29.191448 -205.965302 408.400513
v 25.156132 -190.000000 420.000000
v 29.191448 -205.965302 408.400513
v 29.191448 -196.098206 401.231659
v 25.156132 -190.000000 420.000000
v 29.191448 -196.098206 401.231659
v 29.191448 -183.901794 401.231659
v 25.156132 -190.000000 420.000000
v 29.191448 -183.901794 401.231659
v 29.191448 -174.034698 408.400513
v 25.156132 -190.000000 420.000000
v 29.191448 -174.034698 408.400513
v 29.191448 -170.265793 420.000000
v 25.156132 -190.000000 420.000000
v 29.191448 -170.265793 420.000000
v 29.191448 -174.034698 431.599487
v 25.156132 -190.000000 420.000000
vn -0.4933 0.5113 0.7037
vn -0.4933 -0.0000 0.8698
vn -0.4933 -0.5113 0.7037
vn -0.4933 -0.8273 0.2688
vn -0.4933 -0.8273 -0.2688
vn -0.4933 -0.5113 -0.7037
vn -0.4933 -0.0000 -0.8698
vn -0.4933 0.5113 -0.7037
vn -0.4933 0.8273 -0.2688
vn -0.4933 0.8273 0.2688
vn -0.0000 0.5878 0.8090
vn -0.0000 -0.0000 1.0000
vn -0.0000 -0.5878 0.8090
vn -0.0000 -0.9511 0.3090
vn -0.0000 -0.9511 -0.3090
vn -0.0000 -0.5878 -0.8090
vn -0.0000 -0.0000 -1.0000
vn -0.0000 0.5878 -0.8090
vn -0.0000 0.9511 -0.3090
vn -0.0000 0.9511 0.3090
vn 0.4933 0.5113 0.7037
vn 0.4933 -0.0000 0.8698
vn 0.4933 -0.5113 0.7037
vn 0.4933 -0.8273 0.2688
vn 0.4933 -0.8273 -0.2688
vn 0.4933 -0.5113 -0.7037
vn 0.4933 -0.0000 -0.8698
vn 0.4933 0.5113 -0.7037
vn 0.4933 0.8273 -0.2688
vn 0.4933 0.8273 0.2688
vn -0.9777 -0.1236 -0.1701
vn -0.9777 -0.0000 -0.2102
vn -0.9777 0.1236 -0.1701
vn -0.9777 0.1999 -0.0650
vn -0.9777 0.1999 0.0650
vn -0.9777 0.1236 0.1701
vn -0.9777 -0.0000 0.2102
vn -0.9777 -0.1236 0.1701
vn -0.9777 -0.1999 0.0650
vn -0.9777 -0.1999 -0.0650
vn 0.9777 -0.1236 -0.1701
vn 0.9777 -0.0000 -0.2102
vn 0.9777 0.1236 -0.1701
vn 0.9777 0.1999 -0.0650
vn 0.9777 0.1999 0.0650
vn 0.9777 0.1236 0.1701
vn 0.9777 -0.0000 0.2102
vn 0.9777 -0.1236 0.1701
vn 0.9777 -0.1999 0.0650
vn 0.9777 -0.1999 -0.0650
vt 0.949106 0.854625
vt 0.921121 0.834293
vt 0.959650 0.847053
vt 0.925149 0.821986
vt 0.886530 0.834293
vt 0.882502 0.821986
vt 0.858545 0.854625
vt 0.848001 0.847053
vt 0.847856 0.887523
vt 0.834822 0.887612
vt 0.858545 0.920422
vt 0.848001 0.928171
vt 0.886530 0.940754
vt 0.882502 0.953238
vt 0.921121 0.940754
vt 0.925149 0.953238
vt 0.949106 0.920422
vt 0.959650 0.928171
vt 0.959795 0.887523
vt 0.972829 0.887612
vt 0.939397 0.750898
vt 0.942546 0.750898
vt 0.939397 0.798239
vt 0.942546 0.798239
vt 0.945694 0.750898
vt 0.945694 0.798239
vt 0.948842 0.750898
vt 0.948842 0.798239
vt 0.951990 0.750898
vt 0.951990 0.798239
vt 0.955138 0.750898
vt 0.955138 0.798239
vt 0.958286 0.750898
vt 0.958286 0.798239
vt 0.961435 0.750898
vt 0.961435 0.798239
vt 0.964583 0.750898
vt 0.964583 0.798239
vt 0.967731 0.750898
vt 0.967731 0.798239
vt 0.970879 0.750898
vt 0.970879 0.798239
vt 0.959650 0.928401
vt 0.925149 0.953468
vt 0.949106 0.920796
vt 0.921121 0.941128
vt 0.882502 0.953468
vt 0.886530 0.941128
vt 0.848001 0.928401
vt 0.858545 0.920796
vt 0.834822 0.887842
vt 0.847856 0.887898
vt 0.848001 0.847283
vt 0.858545 0.854999
vt 0.882502 0.822216
vt 0.886530 0.834667
vt 0.925149 0.822216
vt 0.921121 0.834667
vt 0.959650 0.847283
vt 0.949106 0.854999
vt 0.972829 0.887842
vt 0.959795 0.887898
vt 0.903825 0.884851
vt 0.903825 0.885082
s 0
usemtl lambert4SG
f 4837/1082/646 4838/1083/646 4839/1084/646
f 4840/1084/646 4841/1083/646 4842/1085/646
f 4843/1083/647 4844/1086/647 4845/1085/647
f 4846/1085/647 4847/1086/647 4848/1087/647
f 4849/1086/648 4850/1088/648 4851/1087/648
f 4852/1087/648 4853/1088/648 4854/1089/648
s 1
f 4855/1088/649 4856/1090/649 4857/1089/649
s 0
f 4858/1089/649 4859/1090/649 4860/1091/649
f 4861/1090/650 4862/1092/650 4863/1091/650
f 4864/1091/650 4865/1092/650 4866/1093/650
f 4867/1092/651 4868/1094/651 4869/1093/651
f 4870/1093/651 4871/1094/651 4872/1095/651
f 4873/1094/652 4874/1096/652 4875/1095/652
f 4876/1095/652 4877/1096/652 4878/1097/652
s 1
f 4879/1096/653 4880/1098/653 4881/1097/653
s 0
f 4882/1097/653 4883/1098/653 4884/1099/653
f 4885/1098/654 4886/1100/654 4887/1099/654
f 4888/1099/654 4889/1100/654 4890/1101/654
f 4891/1100/655 4892/1082/655 4893/1101/655
f 4894/1101/655 4895/1082/655 4896/1084/655
f 4897/1102/656 4898/1103/656 4899/1104/656
f 4900/1104/656 4901/1103/656 4902/1105/656
f 4903/1103/657 4904/1106/657 4905/1105/657
f 4906/1105/657 4907/1106/657 4908/1107/657
f 4909/1106/658 4910/1108/658 4911/1107/658
f 4912/1107/658 4913/1108/658 4914/1109/658
s 1
f 4915/1108/659 4916/1110/659 4917/1109/659
s 0
f 4918/1109/659 4919/1110/659 4920/1111/659
f 4921/1110/660 4922/1112/660 4923/1111/660
f 4924/1111/660 4925/1112/660 4926/1113/660
f 4927/1112/661 4928/1114/661 4929/1113/661
f 4930/1113/661 4931/1114/661 4932/1115/661
f 4933/1114/662 4934/1116/662 4935/1115/662
f 4936/1115/662 4937/1116/662 4938/1117/662
f 4939/1116/663 4940/1118/663 4941/1117/663
f 4942/1117/663 4943/1118/663 4944/1119/663
f 4945/1118/664 4946/1120/664 4947/1119/664
f 4948/1119/664 4949/1120/664 4950/1121/664
f 4951/1120/665 4952/1122/665 4953/1121/665
f 4954/1121/665 4955/1122/665 4956/1123/665
f 4957/1124/666 4958/1125/666 4959/1126/666
s 1
f 4960/1126/666 4961/1125/666 4962/1127/666
s 0
f 4963/1125/667 4964/1128/667 4965/1127/667
f 4966/1127/667 4967/1128/667 4968/1129/667
f 4969/1128/668 4970/1130/668 4971/1129/668
f 4972/1129/668 4973/1130/668 4974/1131/668
f 4975/1130/669 4976/1132/669 4977/1131/669
f 4978/1131/669 4979/1132/669 4980/1133/669
f 4981/1132/670 4982/1134/670 4983/1133/670
f 4984/1133/670 4985/1134/670 4986/1135/670
f 4987/1134/671 4988/1136/671 4989/1135/671
s 1
f 4990/1135/671 4991/1136/671 4992/1137/671
s 0
f 4993/1136/672 4994/1138/672 4995/1137/672
f 4996/1137/672 4997/1138/672 4998/1139/672
f 4999/1138/673 5000/1140/673 5001/1139/673
f 5002/1139/673 5003/1140/673 5004/1141/673
f 5005/1140/674 5006/1142/674 5007/1141/674
f 5008/1141/674 5009/1142/674 5010/1143/674
f 5011/1142/675 5012/1124/675 5013/1143/675
f 5014/1143/675 5015/1124/675 5016/1126/675
f 5017/1083/676 5018/1082/676 5019/1144/676
f 5020/1086/677 5021/1083/677 5022/1144/677
f 5023/1088/678 5024/1086/678 5025/1144/678
f 5026/1090/679 5027/1088/679 5028/1144/679
f 5029/1092/680 5030/1090/680 5031/1144/680
f 5032/1094/681 5033/1092/681 5034/1144/681
f 5035/1096/682 5036/1094/682 5037/1144/682
f 5038/1098/683 5039/1096/683 5040/1144/683
f 5041/1100/684 5042/1098/684 5043/1144/684
f 5044/1082/685 5045/1100/685 5046/1144/685
f 5047/1126/686 5048/1127/686 5049/1145/686
f 5050/1127/687 5051/1129/687 5052/1145/687
f 5053/1129/688 5054/1131/688 5055/1145/688
f 5056/1131/689 5057/1133/689 5058/1145/689
f 5059/1133/690 5060/1135/690 5061/1145/690
f 5062/1135/691 5063/1137/691 5064/1145/691
f 5065/1137/692 5066/1139/692 5067/1145/692
f 5068/1139/693 5069/1141/693 5070/1145/693
f 5071/1141/694 5072/1143/694 5073/1145/694
f 5074/1143/695 5075/1126/695 5076/1145/695
o Wheel1
v -29.191448 -174.034698 431.599487
v -29.191448 -183.901794 438.768341
v -25.156132 -172.087860 433.013947
v -25.156132 -172.087860 433.013947
v -29.191448 -183.901794 438.768341
v -25.156132 -183.158173 441.056976
v -29.191448 -183.901794 438.768341
v -29.191448 -196.098206 438.768341
v -25.156132 -183.158173 441.056976
v -25.156132 -183.158173 441.056976
v -29.191448 -196.098206 438.768341
v -25.156132 -196.841827 441.056976
v -29.191448 -196.098206 438.768341
v -29.191448 -205.965317 431.599487
v -25.156132 -196.841827 441.056976
v -25.156132 -196.841827 441.056976
v -29.191448 -205.965317 431.599487
v -25.156132 -207.912140 433.013916
v -29.191448 -205.965317 431.599487
v -29.191448 -209.734207 420.000000
v -25.156132 -207.912140 433.013916
v -25.156132 -207.912140 433.013916
v -29.191448 -209.734207 420.000000
v -25.156132 -212.140625 420.000000
v -29.191448 -209.734207 420.000000
v -29.191448 -205.965302 408.400513
v -25.156132 -212.140625 420.000000
v -25.156132 -212.140625 420.000000
v -29.191448 -205.965302 408.400513
v -25.156132 -207.912140 406.986084
v -29.191448 -205.965302 408.400513
v -29.191448 -196.098206 401.231659
v -25.156132 -207.912140 406.986084
v -25.156132 -207.912140 406.986084
v -29.191448 -196.098206 401.231659
v -25.156132 -196.841827 398.943024
v -29.191448 -196.098206 401.231659
v -29.191448 -183.901794 401.231659
v -25.156132 -196.841827 398.943024
v -25.156132 -196.841827 398.943024
v -29.191448 -183.901794 401.231659
v -25.156132 -183.158173 398.943024
v -29.191448 -183.901794 401.231659
v -29.191448 -174.034698 408.400513
v -25.156132 -183.158173 398.943024
v -25.156132 -183.158173 398.943024
v -29.191448 -174.034698 408.400513
v -25.156132 -172.087860 406.986084
v -29.191448 -174.034698 408.400513
v -29.191448 -170.265793 420.000000
v -25.156132 -172.087860 406.986084
v -25.156132 -172.087860 406.986084
v -29.191448 -170.265793 420.000000
v -25.156132 -167.859390 420.000000
v -29.191448 -170.265793 420.000000
v -29.191448 -174.034698 431.599487
v -25.156132 -167.859390 420.000000
v -25.156132 -167.859390 420.000000
v -29.191448 -174.034698 431.599487
v -25.156132 -172.087860 433.013947
v -25.156132 -172.087860 433.013947
v -25.156132 -183.158173 441.056976
v -14.843869 -172.087860 433.013947
v -14.843869 -172.087860 433.013947
v -25.156132 -183.158173 441.056976
v -14.843869 -183.158173 441.056976
v -25.156132 -183.158173 441.056976
v -25.156132 -196.841827 441.056976
v -14.843869 -183.158173 441.056976
v -14.843869 -183.158173 441.056976
v -25.156132 -196.841827 441.056976
v -14.843869 -196.841827 441.056976
v -25.156132 -196.841827 441.056976
v -25.156132 -207.912140 433.013916
v -14.843869 -196.841827 441.056976
v -14.843869 -196.841827 441.056976
v -25.156132 -207.912140 433.013916
v -14.843869 -207.912140 433.013916
v -25.156132 -207.912140 433.013916
v -25.156132 -212.140625 420.000000
v -14.843869 -207.912140 433.013916
v -14.843869 -207.912140 433.013916
v -25.156132 -212.140625 420.000000
v -14.843869 -212.140625 420.000000
v -25.156132 -212.140625 420.000000
v -25.156132 -207.912140 406.986084
v -14.843869 -212.140625 420.000000
v -14.843869 -212.140625 420.000000
v -25.156132 -207.912140 406.986084
v -14.843869 -207.912140 406.986084
v -25.156132 -207.912140 406.986084
v -25.156132 -196.841827 398.943024
v -14.843869 -207.912140 406.986084
v -14.843869 -207.912140 406.986084
v -25.156132 -196.841827 398.943024
v -14.843869 -196.841827 398.943024
v -25.156132 -196.841827 398.943024
v -25.156132 -183.158173 398.943024
v -14.843869 -196.841827 398.943024
v -14.843869 -196.841827 398.943024
v -25.156132 -183.158173 398.943024
v -14.843869 -183.158173 398.943024
v -25.156132 -183.158173 398.943024
v -25.156132 -172.087860 406.986084
v -14.843869 -183.158173 398.943024
v -14.843869 -183.158173 398.943024
v -25.156132 -172.087860 406.986084
v -14.843869 -172.087860 406.986084
v -25.156132 -172.087860 406.986084
v -25.156132 -167.859390 420.000000
v -14.843869 -172.087860 406.986084
v -14.843869 -172.087860 406.986084
v -25.156132 -167.859390 420.000000
v -14.843869 -167.859390 420.000000
v -25.156132 -167.859390 420.000000
v -25.156132 -172.087860 433.013947
v -14.843869 -167.859390 420.000000
v -14.843869 -167.859390 420.000000
v -25.156132 -172.087860 433.013947
v -14.843869 -172.087860 433.013947
v -14.843869 -172.087860 433.013947
v -14.843869 -183.158173 441.056976
v -10.808552 -174.034698 431.599487
v -10.808552 -174.034698 431.599487
v -14.843869 -183.158173 441.056976
v -10.808552 -183.901794 438.768341
v -14.843869 -183.158173 441.056976
v -14.843869 -196.841827 441.056976
v -10.808552 -183.901794 438.768341
v -10.808552 -183.901794 438.768341
v -14.843869 -196.841827 441.056976
v -10.808552 -196.098206 438.768341
v -14.843869 -196.841827 441.056976
v -14.843869 -207.912140 433.013916
v -10.808552 -196.098206 438.768341
v -10.808552 -196.098206 438.768341
v -14.843869 -207.912140 433.013916
v -10.808552 -205.965317 431.599487
v -14.843869 -207.912140 433.013916
v -14.843869 -212.140625 420.000000
v -10.808552 -205.965317 431.599487
v -10.808552 -205.965317 431.599487
v -14.843869 -212.140625 420.000000
v -10.808552 -209.734207 420.000000
v -14.843869 -212.140625 420.000000
v -14.843869 -207.912140 406.986084
v -10.808552 -209.734207 420.000000
v -10.808552 -209.734207 420.000000
v -14.843869 -207.912140 406.986084
v -10.808552 -205.965302 408.400513
v -14.843869 -207.912140 406.986084
v -14.843869 -196.841827 398.943024
v -10.808552 -205.965302 408.400513
v -10.808552 -205.965302 408.400513
v -14.843869 -196.841827 398.943024
v -10.808552 -196.098206 401.231659
v -14.843869 -196.841827 398.943024
v -14.843869 -183.158173 398.943024
v -10.808552 -196.098206 401.231659
v -10.808552 -196.098206 401.231659
v -14.843869 -183.158173 398.943024
v -10.808552 -183.901794 401.231659
v -14.843869 -183.158173 398.943024
v -14.843869 -172.087860 406.986084
v -10.808552 -183.901794 401.231659
v -10.808552 -183.901794 401.231659
v -14.843869 -172.087860 406.986084
v -10.808552 -174.034698 408.400513
v -14.843869 -172.087860 406.986084
v -14.843869 -167.859390 420.000000
v -10.808552 -174.034698 408.400513
v -10.808552 -174.034698 408.400513
v -14.843869 -167.859390 420.000000
v -10.808552 -170.265793 420.000000
v -14.843869 -167.859390 420.000000
v -14.843869 -172.087860 433.013947
v -10.808552 -170.265793 420.000000
v -10.808552 -170.265793 420.000000
v -14.843869 -172.087860 433.013947
v -10.808552 -174.034698 431.599487
v -29.191448 -183.901794 438.768341
v -29.191448 -174.034698 431.599487
v -25.156132 -190.000000 420.000000
v -29.191448 -196.098206 438.768341
v -29.191448 -183.901794 438.768341
v -25.156132 -190.000000 420.000000
v -29.191448 -205.965317 431.599487
v -29.191448 -196.098206 438.768341
v -25.156132 -190.000000 420.000000
v -29.191448 -209.734207 420.000000
v -29.191448 -205.965317 431.599487
v -25.156132 -190.000000 420.000000
v -29.191448 -205.965302 408.400513
v -29.191448 -209.734207 420.000000
v -25.156132 -190.000000 420.000000
v -29.191448 -196.098206 401.231659
v -29.191448 -205.965302 408.400513
v -25.156132 -190.000000 420.000000
v -29.191448 -183.901794 401.231659
v -29.191448 -196.098206 401.231659
v -25.156132 -190.000000 420.000000
v -29.191448 -174.034698 408.400513
v -29.191448 -183.901794 401.231659
v -25.156132 -190.000000 420.000000
v -29.191448 -170.265793 420.000000
v -29.191448 -174.034698 408.400513
v -25.156132 -190.000000 420.000000
v -29.191448 -174.034698 431.599487
v -29.191448 -170.265793 420.000000
v -25.156132 -190.000000 420.000000
v -10.808552 -174.034698 431.599487
v -10.808552 -183.901794 438.768341
v -14.843869 -190.000000 420.000000
v -10.808552 -183.901794 438.768341
v -10.808552 -196.098206 438.768341
v -14.843869 -190.000000 420.000000
v -10.808552 -196.098206 438.768341
v -10.808552 -205.965317 431.599487
v -14.843869 -190.000000 420.000000
v -10.808552 -205.965317 431.599487
v -10.808552 -209.734207 420.000000
v -14.843869 -190.000000 420.000000
v -10.808552 -209.734207 420.000000
v -10.808552 -205.965302 408.400513
v -14.843869 -190.000000 420.000000
v -10.808552 -205.965302 408.400513
v -10.808552 -196.098206 401.231659
v -14.843869 -190.000000 420.000000
v -10.808552 -196.098206 401.231659
v -10.808552 -183.901794 401.231659
v -14.843869 -190.000000 420.000000
v -10.808552 -183.901794 401.231659
v -10.808552 -174.034698 408.400513
v -14.843869 -190.000000 420.000000
v -10.808552 -174.034698 408.400513
v -10.808552 -170.265793 420.000000
v -14.843869 -190.000000 420.000000
v -10.808552 -170.265793 420.000000
v -10.808552 -174.034698 431.599487
v -14.843869 -190.000000 420.000000
vn -0.4933 0.5113 0.7037
vn -0.4933 -0.0000 0.8698
vn -0.4933 -0.5113 0.7037
vn -0.4933 -0.8273 0.2688
vn -0.4933 -0.8273 -0.2688
vn -0.4933 -0.5113 -0.7037
vn -0.4933 -0.0000 -0.8698
vn -0.4933 0.5113 -0.7037
vn -0.4933 0.8273 -0.2688
vn -0.4933 0.8273 0.2688
vn -0.0000 0.5878 0.8090
vn -0.0000 -0.0000 1.0000
vn -0.0000 -0.5878 0.8090
vn -0.0000 -0.9511 0.3090
vn -0.0000 -0.9511 -0.3090
vn -0.0000 -0.5878 -0.8090
vn -0.0000 -0.0000 -1.0000
vn -0.0000 0.5878 -0.8090
vn -0.0000 0.9511 -0.3090
vn -0.0000 0.9511 0.3090
vn 0.4933 0.5113 0.7037
vn 0.4933 -0.0000 0.8698
vn 0.4933 -0.5113 0.7037
vn 0.4933 -0.8273 0.2688
vn 0.4933 -0.8273 -0.2688
vn 0.4933 -0.5113 -0.7037
vn 0.4933 -0.0000 -0.8698
vn 0.4933 0.5113 -0.7037
vn 0.4933 0.8273 -0.2688
vn 0.4933 0.8273 0.2688
vn -0.9777 -0.1236 -0.1701
vn -0.9777 -0.0000 -0.2102
vn -0.9777 0.1236 -0.1701
vn -0.9777 0.1999 -0.0650
vn -0.9777 0.1999 0.0650
vn -0.9777 0.1236 0.1701
vn -0.9777 -0.0000 0.2102
vn -0.9777 -0.1236 0.1701
vn -0.9777 -0.1999 0.0650
vn -0.9777 -0.1999 -0.0650
vn 0.9777 -0.1236 -0.1701
vn 0.9777 -0.0000 -0.2102
vn 0.9777 0.1236 -0.1701
vn 0.9777 0.1999 -0.0650
vn 0.9777 0.1999 0.0650
vn 0.9777 0.1236 0.1701
vn 0.9777 -0.0000 0.2102
vn 0.9777 -0.1236 0.1701
vn 0.9777 -0.1999 0.0650
vn 0.9777 -0.1999 -0.0650
vt 0.949106 0.854625
vt 0.921121 0.834293
vt 0.959650 0.847053
vt 0.925149 0.821986
vt 0.886530 0.834293
vt 0.882502 0.821986
vt 0.858545 0.854625
vt 0.848001 0.847053
vt 0.847856 0.887523
vt 0.834822 0.887612
vt 0.858545 0.920422
vt 0.848001 0.928171
vt 0.886530 0.940754
vt 0.882502 0.953238
vt 0.921121 0.940754
vt 0.925149 0.953238
vt 0.949106 0.920422
vt 0.959650 0.928171
vt 0.959795 0.887523
vt 0.972829 0.887612
vt 0.939397 0.750898
vt 0.942546 0.750898
vt 0.939397 0.798239
vt 0.942546 0.798239
vt 0.945694 0.750898
vt 0.945694 0.798239
vt 0.948842 0.750898
vt 0.948842 0.798239
vt 0.951990 0.750898
vt 0.951990 0.798239
vt 0.955138 0.750898
vt 0.955138 0.798239
vt 0.958286 0.750898
vt 0.958286 0.798239
vt 0.961435 0.750898
vt 0.961435 0.798239
vt 0.964583 0.750898
vt 0.964583 0.798239
vt 0.967731 0.750898
vt 0.967731 0.798239
vt 0.970879 0.750898
vt 0.970879 0.798239
vt 0.959650 0.928401
vt 0.925149 0.953468
vt 0.949106 0.920796
vt 0.921121 0.941128
vt 0.882502 0.953468
vt 0.886530 0.941128
vt 0.848001 0.928401
vt 0.858545 0.920796
vt 0.834822 0.887842
vt 0.847856 0.887898
vt 0.848001 0.847283
vt 0.858545 0.854999
vt 0.882502 0.822216
vt 0.886530 0.834667
vt 0.925149 0.822216
vt 0.921121 0.834667
vt 0.959650 0.847283
vt 0.949106 0.854999
vt 0.972829 0.887842
vt 0.959795 0.887898
vt 0.903825 0.884851
vt 0.903825 0.885082
s 0
usemtl lambert4SG
f 5077/1146/696 5078/1147/696 5079/1148/696
f 5080/1148/696 5081/1147/696 5082/1149/696
f 5083/1147/697 5084/1150/697 5085/1149/697
f 5086/1149/697 5087/1150/697 5088/1151/697
f 5089/1150/698 5090/1152/698 5091/1151/698
f 5092/1151/698 5093/1152/698 5094/1153/698
s 1
f 5095/1152/699 5096/1154/699 5097/1153/699
s 0
f 5098/1153/699 5099/1154/699 5100/1155/699
f 5101/1154/700 5102/1156/700 5103/1155/700
f 5104/1155/700 5105/1156/700 5106/1157/700
f 5107/1156/701 5108/1158/701 5109/1157/701
f 5110/1157/701 5111/1158/701 5112/1159/701
f 5113/1158/702 5114/1160/702 5115/1159/702
f 5116/1159/702 5117/1160/702 5118/1161/702
f 5119/1160/703 5120/1162/703 5121/1161/703
f 5122/1161/703 5123/1162/703 5124/1163/703
f 5125/1162/704 5126/1164/704 5127/1163/704
f 5128/1163/704 5129/1164/704 5130/1165/704
f 5131/1164/705 5132/1146/705 5133/1165/705
f 5134/1165/705 5135/1146/705 5136/1148/705
f 5137/1166/706 5138/1167/706 5139/1168/706
f 5140/1168/706 5141/1167/706 5142/1169/706
f 5143/1167/707 5144/1170/707 5145/1169/707
f 5146/1169/707 5147/1170/707 5148/1171/707
f 5149/1170/708 5150/1172/708 5151/1171/708
f 5152/1171/708 5153/1172/708 5154/1173/708
f 5155/1172/709 5156/1174/709 5157/1173/709
f 5158/1173/709 5159/1174/709 5160/1175/709
f 5161/1174/710 5162/1176/710 5163/1175/710
f 5164/1175/710 5165/1176/710 5166/1177/710
f 5167/1176/711 5168/1178/711 5169/1177/711
f 5170/1177/711 5171/1178/711 5172/1179/711
f 5173/1178/712 5174/1180/712 5175/1179/712
f 5176/1179/712 5177/1180/712 5178/1181/712
f 5179/1180/713 5180/1182/713 5181/1181/713
f 5182/1181/713 5183/1182/713 5184/1183/713
f 5185/1182/714 5186/1184/714 5187/1183/714
f 5188/1183/714 5189/1184/714 5190/1185/714
f 5191/1184/715 5192/1186/715 5193/1185/715
f 5194/1185/715 5195/1186/715 5196/1187/715
f 5197/1188/716 5198/1189/716 5199/1190/716
s 1
f 5200/1190/716 5201/1189/716 5202/1191/716
s 0
f 5203/1189/717 5204/1192/717 5205/1191/717
f 5206/1191/717 5207/1192/717 5208/1193/717
f 5209/1192/718 5210/1194/718 5211/1193/718
s 1
f 5212/1193/718 5213/1194/718 5214/1195/718
s 0
f 5215/1194/719 5216/1196/719 5217/1195/719
f 5218/1195/719 5219/1196/719 5220/1197/719
f 5221/1196/720 5222/1198/720 5223/1197/720
f 5224/1197/720 5225/1198/720 5226/1199/720
f 5227/1198/721 5228/1200/721 5229/1199/721
s 1
f 5230/1199/721 5231/1200/721 5232/1201/721
s 0
f 5233/1200/722 5234/1202/722 5235/1201/722
f 5236/1201/722 5237/1202/722 5238/1203/722
f 5239/1202/723 5240/1204/723 5241/1203/723
f 5242/1203/723 5243/1204/723 5244/1205/723
f 5245/1204/724 5246/1206/724 5247/1205/724
f 5248/1205/724 5249/1206/724 5250/1207/724
f 5251/1206/725 5252/1188/725 5253/1207/725
f 5254/1207/725 5255/1188/725 5256/1190/725
f 5257/1147/726 5258/1146/726 5259/1208/726
f 5260/1150/727 5261/1147/727 5262/1208/727
f 5263/1152/728 5264/1150/728 5265/1208/728
f 5266/1154/729 5267/1152/729 5268/1208/729
f 5269/1156/730 5270/1154/730 5271/1208/730
f 5272/1158/731 5273/1156/731 5274/1208/731
f 5275/1160/732 5276/1158/732 5277/1208/732
f 5278/1162/733 5279/1160/733 5280/1208/733
f 5281/1164/734 5282/1162/734 5283/1208/734
f 5284/1146/735 5285/1164/735 5286/1208/735
f 5287/1190/736 5288/1191/736 5289/1209/736
f 5290/1191/737 5291/1193/737 5292/1209/737
f 5293/1193/738 5294/1195/738 5295/1209/738
f 5296/1195/739 5297/1197/739 5298/1209/739
f 5299/1197/740 5300/1199/740 5301/1209/740
f 5302/1199/741 5303/1201/741 5304/1209/741
f 5305/1201/742 5306/1203/742 5307/1209/742
f 5308/1203/743 5309/1205/743 5310/1209/743
f 5311/1205/744 5312/1207/744 5313/1209/744
f 5314/1207/745 5315/1190/745 5316/1209/745
