# Blender 5.2.0 LTS
# www.blender.org
mtllib dragon.mtl
o DragonMesh
v -0.437801 2.960464 -4.570582
v -0.119422 2.883405 -3.673580
v -0.397956 2.865008 -4.811975
v -1.662331 3.186486 -6.534285
v -1.004926 2.959197 -5.882613
v -1.813954 3.158339 -6.771879
v -3.617318 3.645090 -7.894648
v -4.003506 3.648863 -8.064832
v -2.822778 3.382247 -7.498781
v -3.617318 3.645090 -7.894648
v -3.997019 3.660005 -8.075863
v -4.003506 3.648863 -8.064832
v -3.617318 3.645090 -7.894648
v -2.822778 3.382247 -7.498781
v -2.785199 3.417209 -7.540355
v -1.662331 3.186486 -6.534285
v -1.882491 3.113515 -6.715222
v -1.129059 2.898200 -5.792427
v -1.662331 3.186486 -6.534285
v -1.813954 3.158339 -6.771879
v -1.882491 3.113515 -6.715222
v -1.662331 3.186486 -6.534285
v -1.129059 2.898200 -5.792427
v -1.004926 2.959197 -5.882613
v -0.437801 2.960464 -4.570582
v -0.584648 2.802564 -4.724332
v -0.388233 2.818080 -3.619586
v -0.437801 2.960464 -4.570582
v -0.397956 2.865008 -4.811975
v -0.584648 2.802564 -4.724332
v -0.437801 2.960464 -4.570582
v -0.388233 2.818080 -3.619586
v -0.119422 2.883405 -3.673580
v -0.197488 3.282506 -1.184369
v 0.000000 3.074999 -0.500001
v 0.002240 3.232126 -1.500077
v -0.227103 3.019981 -3.434557
v -0.003608 2.995789 -2.499074
v -0.119422 2.883405 -3.673580
v -0.922908 3.038190 -5.612798
v -0.397956 2.865008 -4.811975
v -1.004926 2.959197 -5.882613
v -2.470232 3.410415 -7.377299
v -2.822778 3.382247 -7.498781
v -1.882491 3.113515 -6.715222
v -2.470232 3.410415 -7.377299
v -2.785199 3.417209 -7.540355
v -2.822778 3.382247 -7.498781
v -2.470232 3.410415 -7.377299
v -1.882491 3.113515 -6.715222
v -1.813954 3.158339 -6.771879
v -0.922908 3.038190 -5.612798
v -1.129059 2.898200 -5.792427
v -0.584648 2.802564 -4.724332
v -0.922908 3.038190 -5.612798
v -1.004926 2.959197 -5.882613
v -1.129059 2.898200 -5.792427
v -0.922908 3.038190 -5.612798
v -0.584648 2.802564 -4.724332
v -0.397956 2.865008 -4.811975
v -0.227103 3.019981 -3.434557
v -0.388233 2.818080 -3.619586
v -0.330086 2.910529 -2.476054
v -0.227103 3.019981 -3.434557
v -0.119422 2.883405 -3.673580
v -0.388233 2.818080 -3.619586
v -0.227103 3.019981 -3.434557
v -0.330086 2.910529 -2.476054
v -0.003608 2.995789 -2.499074
v -0.197488 3.282506 -1.184369
v -0.403750 3.115251 -1.500001
v -0.387469 2.977327 -0.500186
v -0.197488 3.282506 -1.184369
v 0.002240 3.232126 -1.500077
v -0.403750 3.115251 -1.500001
v -0.197488 3.282506 -1.184369
v -0.387469 2.977327 -0.500186
v 0.000000 3.074999 -0.500001
v -0.239126 3.293284 -0.287987
v -0.005449 3.366064 0.391183
v 0.000000 3.074999 -0.500001
v -0.183164 3.167226 -2.289227
v 0.002240 3.232126 -1.500077
v -0.003608 2.995789 -2.499074
v -0.239126 3.293284 -0.287987
v -0.628378 3.243071 0.371316
v -0.005449 3.366064 0.391183
v -0.183164 3.167226 -2.289227
v -0.330086 2.910529 -2.476054
v -0.403750 3.115251 -1.500001
v -0.183164 3.167226 -2.289227
v -0.003608 2.995789 -2.499074
v -0.330086 2.910529 -2.476054
v -0.183164 3.167226 -2.289227
v -0.403750 3.115251 -1.500001
v 0.002240 3.232126 -1.500077
v -0.239126 3.293284 -0.287987
v 0.000000 3.074999 -0.500001
v -0.387469 2.977327 -0.500186
v -0.239126 3.293284 -0.287987
v -0.387469 2.977327 -0.500186
v -0.628378 3.243071 0.371316
v -0.330983 3.567578 1.148217
v 0.000000 3.536231 1.151555
v -0.005449 3.366064 0.391183
v -0.330983 3.567578 1.148217
v 0.012439 3.219031 1.953810
v 0.000000 3.536231 1.151555
v -0.330983 3.567578 1.148217
v -0.005449 3.366064 0.391183
v -0.628378 3.243071 0.371316
v -0.330983 3.567578 1.148217
v -0.463090 3.133451 1.803724
v 0.012439 3.219031 1.953810
v -0.330983 3.567578 1.148217
v -0.525785 3.484982 1.143049
v -0.463090 3.133451 1.803724
v -0.330983 3.567578 1.148217
v -0.628378 3.243071 0.371316
v -0.525785 3.484982 1.143049
v 0.261934 5.193673 3.646642
v 0.362392 5.059995 3.572776
v 0.209024 4.986629 3.639871
v 0.003427 4.506610 2.909269
v 0.237347 4.843593 3.266747
v 0.134070 4.344683 2.880025
v -0.119867 3.613945 2.384473
v 0.085481 3.857625 2.627831
v 0.051442 3.501929 2.353419
v 0.261934 5.193673 3.646642
v 0.507741 5.209355 3.908129
v 0.362392 5.059995 3.572776
v 0.261934 5.193673 3.646642
v 0.207521 5.151747 4.041490
v 0.507741 5.209355 3.908129
v 0.003427 4.506610 2.909269
v 0.021685 4.788526 3.379214
v 0.237347 4.843593 3.266747
v 0.003427 4.506610 2.909269
v 0.134070 4.344683 2.880025
v -0.114155 4.294614 2.995812
v -0.119867 3.613945 2.384473
v 0.051442 3.501929 2.353419
v -0.290722 3.422727 2.438473
v 0.261934 5.193673 3.646642
v 0.209024 4.986629 3.639871
v 0.207521 5.151747 4.041490
v 0.003427 4.506610 2.909269
v -0.114155 4.294614 2.995812
v 0.021685 4.788526 3.379214
v -0.119867 3.613945 2.384473
v -0.228560 3.798509 2.746052
v 0.085481 3.857625 2.627831
v -0.119867 3.613945 2.384473
v -0.290722 3.422727 2.438473
v -0.228560 3.798509 2.746052
v 0.145107 4.968472 3.306748
v 0.209024 4.986629 3.639871
v 0.362392 5.059995 3.572776
v 0.145107 4.968472 3.306748
v 0.021685 4.788526 3.379214
v 0.209024 4.986629 3.639871
v 0.145107 4.968472 3.306748
v 0.362392 5.059995 3.572776
v 0.237347 4.843593 3.266747
v -0.090650 3.957410 2.639948
v 0.134070 4.344683 2.880025
v 0.085481 3.857625 2.627831
v -0.202136 3.485181 2.020504
v 0.051442 3.501929 2.353419
v 0.012439 3.219031 1.953810
v 0.145107 4.968472 3.306748
v 0.237347 4.843593 3.266747
v 0.021685 4.788526 3.379214
v -0.090650 3.957410 2.639948
v -0.114155 4.294614 2.995812
v 0.134070 4.344683 2.880025
v -0.202136 3.485181 2.020504
v -0.290722 3.422727 2.438473
v 0.051442 3.501929 2.353419
v -0.090650 3.957410 2.639948
v 0.085481 3.857625 2.627831
v -0.228560 3.798509 2.746052
v -0.090650 3.957410 2.639948
v -0.228560 3.798509 2.746052
v -0.114155 4.294614 2.995812
v -0.202136 3.485181 2.020504
v 0.012439 3.219031 1.953810
v -0.463090 3.133451 1.803724
v -0.202136 3.485181 2.020504
v -0.463090 3.133451 1.803724
v -0.290722 3.422727 2.438473
v -7.034955 2.697178 -0.104337
v -7.068838 2.762111 -0.175096
v -7.070883 2.757897 -0.177681
v -7.026777 2.714036 -0.093995
v -9.216393 1.278362 1.090209
v -9.143092 1.163325 1.124093
v -9.149841 1.147690 1.162450
v -9.214706 1.282271 1.080619
v -4.003649 3.226043 -1.203628
v -3.977903 3.245152 -1.101705
v -3.939199 3.250731 -1.123054
v -4.013325 3.224649 -1.198290
v -7.060943 2.766613 -0.177519
v -7.026777 2.714036 -0.093995
v -6.995196 2.732042 -0.103686
v -7.068838 2.762111 -0.175096
v -4.003707 3.205152 -1.203697
v -3.933579 3.208963 -1.130506
v -3.939430 3.167166 -1.123331
v -4.002244 3.215601 -1.205491
v -6.069184 3.134674 0.361872
v -6.045185 3.074016 0.442121
v -6.039489 3.064114 0.427783
v -6.070608 3.137149 0.365457
v -7.060553 2.753441 -0.189475
v -6.986294 2.711699 -0.133141
v -6.993633 2.679356 -0.151508
v -7.058717 2.761527 -0.184882
v -4.013698 3.204297 -1.198158
v -3.939430 3.167166 -1.123331
v -3.979395 3.163747 -1.101174
v -4.003707 3.205152 -1.203697
v -6.097986 3.062661 0.433891
v -6.083808 3.134311 0.363399
v -6.085974 3.131149 0.359360
v -6.106650 3.050013 0.417732
v -9.135275 1.239215 1.149391
v -9.212751 1.301244 1.086944
v -9.213669 1.297900 1.095656
v -9.138946 1.225841 1.184239
v -7.069904 2.748470 -0.186312
v -6.993633 2.679356 -0.151508
v -7.031044 2.659471 -0.138858
v -7.060553 2.753441 -0.189475
v -3.995465 3.201873 -1.098100
v -4.017716 3.213829 -1.197389
v -4.013698 3.204297 -1.198158
v -3.979395 3.163747 -1.101174
v -9.214706 1.282271 1.080619
v -9.137497 1.201258 1.107380
v -9.143092 1.163325 1.124093
v -9.213308 1.291754 1.076441
v -7.043133 2.680320 -0.114679
v -7.072927 2.753682 -0.180268
v -7.069904 2.748470 -0.186312
v -7.031044 2.659471 -0.138858
v -7.059830 2.764070 -0.181201
v -6.986294 2.711699 -0.133141
v -7.058717 2.761527 -0.184882
v -6.990745 2.721871 -0.118414
v -6.072032 3.139625 0.369041
v -6.045185 3.074016 0.442121
v -6.070608 3.137149 0.365457
v -6.050880 3.083917 0.456460
v -9.213308 1.291754 1.076441
v -9.143377 1.231654 1.113972
v -9.137497 1.201258 1.107380
v -9.214778 1.299353 1.078089
v -7.043133 2.680320 -0.114679
v -7.070883 2.757897 -0.177681
v -7.072927 2.753682 -0.180268
v -7.034955 2.697178 -0.104337
v -8.337267 2.039798 0.373920
v -8.286409 2.003425 0.454734
v -8.280217 1.991131 0.444318
v -8.335720 2.036724 0.371316
v -6.089323 3.075310 0.450050
v -6.083808 3.134311 0.363399
v -6.097986 3.062661 0.433891
v -6.081643 3.137473 0.367439
v -8.338530 1.958347 0.447635
v -8.348437 2.032623 0.374662
v -8.350297 2.028528 0.372145
v -8.331091 1.974728 0.457700
v -6.089323 3.075310 0.450050
v -6.072032 3.139625 0.369041
v -6.081643 3.137473 0.367439
v -6.050880 3.083917 0.456460
v -8.346578 2.036719 0.377177
v -8.286409 2.003425 0.454734
v -8.337267 2.039798 0.373920
v -8.323653 1.991109 0.467764
v -6.071272 3.126607 0.356125
v -6.039489 3.064114 0.427783
v -6.047841 3.031846 0.404794
v -6.069184 3.134674 0.361872
v -9.217441 1.290384 1.086626
v -9.213764 1.300298 1.082516
v -9.214778 1.299353 1.078089
v -9.215554 1.294142 1.091141
v -9.217441 1.290384 1.086626
v -9.218701 1.282062 1.097431
v -9.217351 1.285530 1.098666
v -9.215554 1.294142 1.091141
v -8.346578 2.036719 0.377177
v -8.335720 2.036724 0.371316
v -8.348437 2.032623 0.374662
v -8.337267 2.039798 0.373920
v -7.068838 2.762111 -0.175096
v -7.059830 2.764070 -0.181201
v -7.070883 2.757897 -0.177681
v -7.060943 2.766613 -0.177519
v -6.081643 3.137473 0.367439
v -6.072032 3.139625 0.369041
v -6.070608 3.137149 0.365457
v -6.083808 3.134311 0.363399
v -4.013325 3.224649 -1.198290
v -4.002947 3.220822 -1.204559
v -4.015520 3.219239 -1.197840
v -4.003649 3.226043 -1.203628
v -4.015520 3.219239 -1.197840
v -4.002244 3.215601 -1.205491
v -4.017716 3.213829 -1.197389
v -4.002947 3.220822 -1.204559
v -4.013698 3.204297 -1.198158
v -4.002244 3.215601 -1.205491
v -4.003707 3.205152 -1.203697
v -4.017716 3.213829 -1.197389
v -6.083808 3.134311 0.363399
v -6.070608 3.137149 0.365457
v -6.069184 3.134674 0.361872
v -6.085974 3.131149 0.359360
v -6.085974 3.131149 0.359360
v -6.071272 3.126607 0.356125
v -6.082868 3.124381 0.354536
v -6.069184 3.134674 0.361872
v -7.070883 2.757897 -0.177681
v -7.059830 2.764070 -0.181201
v -7.058717 2.761527 -0.184882
v -7.072927 2.753682 -0.180268
v -7.072927 2.753682 -0.180268
v -7.060553 2.753441 -0.189475
v -7.069904 2.748470 -0.186312
v -7.058717 2.761527 -0.184882
v -8.348437 2.032623 0.374662
v -8.335720 2.036724 0.371316
v -8.334171 2.033650 0.368712
v -8.350297 2.028528 0.372145
v -8.347295 2.023781 0.366145
v -8.334171 2.033650 0.368712
v -8.335187 2.027438 0.363428
v -8.350297 2.028528 0.372145
v -9.216393 1.278362 1.090209
v -9.217441 1.290384 1.086626
v -9.214706 1.282271 1.080619
v -9.218701 1.282062 1.097431
v -9.215554 1.294142 1.091141
v -9.217351 1.285530 1.098666
v -9.216000 1.288998 1.099900
v -9.213669 1.297900 1.095656
v -9.213308 1.291754 1.076441
v -9.214706 1.282271 1.080619
v -9.217441 1.290384 1.086626
v -9.214778 1.299353 1.078089
v -9.215554 1.294142 1.091141
v -9.212751 1.301244 1.086944
v -9.213764 1.300298 1.082516
v -9.213669 1.297900 1.095656
v 1.284536 5.052604 5.760190
v 1.186119 5.042736 5.794552
v 1.210124 5.035191 5.801697
v 1.296162 5.071834 5.735821
v 1.295676 5.001869 5.816381
v 1.225585 4.985896 5.846305
v 1.317511 4.997739 5.838154
v 1.230857 4.991548 5.820493
v 1.220874 5.027489 5.793042
v 1.225585 4.985896 5.846305
v 1.230857 4.991548 5.820493
v 1.210124 5.035191 5.801697
v 1.284536 5.052604 5.760190
v 1.220874 5.027489 5.793042
v 1.273329 5.037342 5.762360
v 1.210124 5.035191 5.801697
v 1.295676 5.001869 5.816381
v 1.284536 5.052604 5.760190
v 1.273329 5.037342 5.762360
v 1.317511 4.997739 5.838154
v 1.166863 4.970626 5.574308
v 1.273329 5.037342 5.762360
v 1.220874 5.027489 5.793042
v 1.193009 4.975780 5.558813
v 1.317511 4.997739 5.838154
v 1.209712 4.971550 5.865095
v 1.345584 4.985724 5.850389
v 1.225585 4.985896 5.846305
v 1.317511 4.997739 5.838154
v 1.296162 5.071834 5.735821
v 1.284536 5.052604 5.760190
v 1.345584 4.985724 5.850389
v 1.193009 4.975780 5.558813
v 1.172020 4.952775 5.588565
v 1.204443 4.957945 5.586549
v 1.166863 4.970626 5.574308
v 1.204443 4.957945 5.586549
v 1.295676 5.001869 5.816381
v 1.273329 5.037342 5.762360
v 1.193009 4.975780 5.558813
v 1.230857 4.991548 5.820493
v 1.204443 4.957945 5.586549
v 1.172020 4.952775 5.588565
v 1.295676 5.001869 5.816381
v 1.172020 4.952775 5.588565
v 1.220874 5.027489 5.793042
v 1.230857 4.991548 5.820493
v 1.166863 4.970626 5.574308
v 0.505802 5.316905 4.189340
v 0.274320 5.234478 4.286694
v 0.291174 5.291026 4.285840
v 0.607712 5.281987 4.139880
v 0.571804 5.364219 4.339605
v 0.340607 5.270394 4.530706
v 0.706006 5.315013 4.367743
v 0.336725 5.341797 4.443737
v 0.607712 5.281987 4.139880
v 0.505802 5.316905 4.189340
v 0.571804 5.364219 4.339605
v 0.706006 5.315013 4.367743
v 0.336725 5.341797 4.443737
v 0.274320 5.234478 4.286694
v 0.340607 5.270394 4.530706
v 0.291174 5.291026 4.285840
v 0.019317 4.683444 3.850774
v -0.013279 4.654095 3.468679
v -0.012753 4.486661 3.642370
v 0.065509 4.841556 3.753726
v 0.065509 4.841556 3.753726
v 0.021685 4.788526 3.379214
v -0.013279 4.654095 3.468679
v 0.209024 4.986629 3.639871
v 0.236674 4.406947 4.164406
v 0.096128 4.663458 4.180790
v 0.132452 4.474465 4.011147
v 0.228025 4.648055 4.356545
v 0.469220 4.155565 3.830554
v 0.339872 4.182710 4.051647
v 0.248322 4.242118 3.922325
v 0.527935 4.104896 3.955588
v 0.236674 4.406947 4.164406
v 0.132452 4.474465 4.011147
v 0.248322 4.242118 3.922325
v 0.339872 4.182710 4.051647
v 0.064598 4.749558 4.166973
v 0.060301 4.566782 3.895795
v 0.096128 4.663458 4.180790
v 0.019317 4.683444 3.850774
v 0.073528 4.453918 3.812351
v 0.019317 4.683444 3.850774
v -0.012753 4.486661 3.642370
v 0.060301 4.566782 3.895795
v 0.353558 4.168762 3.597204
v 0.148461 4.291889 3.778514
v 0.061106 4.289932 3.630924
v 0.412434 4.203275 3.713990
v 0.073528 4.453918 3.812351
v -0.012753 4.486661 3.642370
v 0.061106 4.289932 3.630924
v 0.148461 4.291889 3.778514
v 0.207603 4.953103 4.348402
v 0.064598 4.749558 4.166973
v 0.183515 4.737461 4.371366
v 0.142414 4.972362 4.118962
v 0.207521 5.151747 4.041490
v 0.274320 5.234478 4.286694
v 0.607712 5.281987 4.139880
v 0.507741 5.209355 3.908129
v 0.274320 5.234478 4.286694
v 0.142414 4.972362 4.118962
v 0.207603 4.953103 4.348402
v 0.207521 5.151747 4.041490
v 0.437264 4.221290 4.471073
v 0.436228 4.118329 4.199149
v 0.534482 4.054495 4.351051
v 0.330084 4.293146 4.298909
v 0.436228 4.118329 4.199149
v 0.657747 3.993703 4.255861
v 0.534482 4.054495 4.351051
v 0.591594 4.048961 4.102508
v 0.437264 4.221290 4.471073
v 0.316128 4.454876 4.430778
v 0.330084 4.293146 4.298909
v 0.443632 4.448567 4.621269
v 0.495660 5.192126 4.732823
v 0.706006 5.315013 4.367743
v 0.340607 5.270394 4.530706
v 0.804813 5.220999 4.596794
v 0.426966 4.784335 4.772291
v 0.273578 4.943556 4.579666
v 0.304622 4.697699 4.580838
v 0.446945 4.929900 4.763861
v 0.488318 4.793490 4.736201
v 0.580063 4.797342 4.965417
v 0.426966 4.784335 4.772291
v 0.624729 4.786180 4.937087
v 0.609650 5.058754 4.778251
v 0.495660 5.192126 4.732823
v 0.503733 5.119794 4.709628
v 0.711201 5.114563 4.908848
v 0.492904 4.991364 4.741502
v 0.378672 5.001528 4.632355
v 0.446945 4.929900 4.763861
v 0.273578 4.943556 4.579666
v 0.509401 5.098926 4.733177
v 0.609650 5.058754 4.778251
v 0.503733 5.119794 4.709628
v 0.597048 5.044436 4.775009
v 0.498899 5.010406 4.750801
v 0.412435 5.018867 4.675032
v 0.492904 4.991364 4.741502
v 0.378672 5.001528 4.632355
v 0.438118 5.144108 4.659664
v 0.378672 5.001528 4.632355
v 0.412435 5.018867 4.675032
v 0.414182 5.171525 4.609325
v 0.610684 5.001946 4.815645
v 0.492904 4.991364 4.741502
v 0.632457 4.981201 4.839727
v 0.498899 5.010406 4.750801
v 0.610684 5.001946 4.815645
v 0.609650 5.058754 4.778251
v 0.597048 5.044436 4.775009
v 0.632457 4.981201 4.839727
v 0.438118 5.144108 4.659664
v 0.503733 5.119794 4.709628
v 0.414182 5.171525 4.609325
v 0.509401 5.098926 4.733177
v 0.414182 5.171525 4.609325
v 0.273578 4.943556 4.579666
v 0.378672 5.001528 4.632355
v 0.340607 5.270394 4.530706
v 0.632457 4.981201 4.839727
v 0.446945 4.929900 4.763861
v 0.645633 4.916244 4.937133
v 0.492904 4.991364 4.741502
v 0.711201 5.114563 4.908848
v 0.609650 5.058754 4.778251
v 0.632457 4.981201 4.839727
v 0.645633 4.916244 4.937133
v 0.414182 5.171525 4.609325
v 0.495660 5.192126 4.732823
v 0.340607 5.270394 4.530706
v 0.503733 5.119794 4.709628
v 0.828050 3.795994 4.882054
v 0.994991 3.662618 5.037649
v 0.908481 3.698659 5.079035
v 0.904627 3.754561 4.828171
v 0.828782 3.781100 5.118744
v 0.766840 3.981031 5.081642
v 0.751785 3.881886 4.964392
v 0.848654 3.866590 5.243350
v 0.828050 3.795994 4.882054
v 0.828782 3.781100 5.118744
v 0.751785 3.881886 4.964392
v 0.908481 3.698659 5.079035
v 1.077857 5.104372 5.612773
v 0.904697 4.959687 5.411025
v 1.057204 4.957723 5.638060
v 0.942290 5.078650 5.367692
v 1.077857 5.104372 5.612773
v 1.104252 5.109337 5.290943
v 0.942290 5.078650 5.367692
v 1.214088 5.134265 5.545560
v 1.021796 4.815044 5.629140
v 0.904697 4.959687 5.411025
v 0.851376 4.845054 5.417897
v 1.057204 4.957723 5.638060
v 0.683323 4.127215 4.870907
v 0.527062 4.276437 4.709589
v 0.649669 4.122228 4.899654
v 0.590613 4.277046 4.690683
v 0.730393 3.893328 4.692505
v 0.534840 4.112085 4.620972
v 0.632736 3.990664 4.502954
v 0.643835 3.997017 4.793019
v 0.649669 4.122228 4.899654
v 0.534840 4.112085 4.620972
v 0.643835 3.997017 4.793019
v 0.527062 4.276437 4.709589
v 0.632736 3.990664 4.502954
v 0.814264 3.846503 4.618693
v 0.730393 3.893328 4.692505
v 0.723900 3.938445 4.409215
v 0.715719 4.839153 5.191657
v 0.645633 4.916244 4.937133
v 0.580063 4.797342 4.965417
v 0.775165 4.947746 5.174079
v 0.826745 5.096606 5.138270
v 0.903620 5.146839 4.825843
v 0.711201 5.114563 4.908848
v 1.003936 5.128088 5.058393
v 0.826745 5.096606 5.138270
v 0.645633 4.916244 4.937133
v 0.775165 4.947746 5.174079
v 0.711201 5.114563 4.908848
v 0.730393 3.893328 4.692505
v 0.904627 3.754561 4.828171
v 0.828050 3.795994 4.882054
v 0.814264 3.846503 4.618693
v 0.751785 3.881886 4.964392
v 0.649669 4.122228 4.899654
v 0.643835 3.997017 4.793019
v 0.766840 3.981031 5.081642
v 0.643835 3.997017 4.793019
v 0.828050 3.795994 4.882054
v 0.751785 3.881886 4.964392
v 0.730393 3.893328 4.692505
v 0.775165 4.947746 5.174079
v 0.904697 4.959687 5.411025
v 0.942290 5.078650 5.367692
v 0.826745 5.096606 5.138270
v 0.942290 5.078650 5.367692
v 1.003936 5.128088 5.058393
v 0.826745 5.096606 5.138270
v 1.104252 5.109337 5.290943
v 0.851376 4.845054 5.417897
v 0.775165 4.947746 5.174079
v 0.715719 4.839153 5.191657
v 0.904697 4.959687 5.411025
v 0.330084 4.293146 4.298909
v 0.339872 4.182710 4.051647
v 0.436228 4.118329 4.199149
v 0.236674 4.406947 4.164406
v 0.527935 4.104896 3.955588
v 0.436228 4.118329 4.199149
v 0.339872 4.182710 4.051647
v 0.591594 4.048961 4.102508
v 0.316128 4.454876 4.430778
v 0.236674 4.406947 4.164406
v 0.330084 4.293146 4.298909
v 0.228025 4.648055 4.356545
v 0.269615 4.643308 4.326772
v 0.316128 4.454876 4.430778
v 0.355833 4.453278 4.402822
v 0.228025 4.648055 4.356545
v 0.340607 5.270394 4.530706
v 0.274320 5.234478 4.286694
v 0.207603 4.953103 4.348402
v 0.273578 4.943556 4.579666
v 0.382689 4.727264 4.537055
v 0.426966 4.784335 4.772291
v 0.304622 4.697699 4.580838
v 0.488318 4.793490 4.736201
v 0.273578 4.943556 4.579666
v 0.207603 4.953103 4.348402
v 0.183515 4.737461 4.371366
v 0.304622 4.697699 4.580838
v 0.132452 4.474465 4.011147
v 0.073528 4.453918 3.812351
v 0.148461 4.291889 3.778514
v 0.248322 4.242118 3.922325
v 0.412434 4.203275 3.713990
v 0.248322 4.242118 3.922325
v 0.148461 4.291889 3.778514
v 0.469220 4.155565 3.830554
v 0.096128 4.663458 4.180790
v 0.060301 4.566782 3.895795
v 0.132452 4.474465 4.011147
v 0.073528 4.453918 3.812351
v 0.183515 4.737461 4.371366
v 0.096128 4.663458 4.180790
v 0.228025 4.648055 4.356545
v 0.064598 4.749558 4.166973
v -0.459261 3.036039 2.589516
v -0.511707 2.900242 1.940649
v -0.563811 2.667031 2.075439
v -0.372366 3.229383 2.512795
v -0.285612 3.654195 2.853919
v -0.194605 4.050168 3.209127
v -0.152559 4.172391 3.105185
v -0.347065 3.509883 2.954786
v -0.330086 2.910529 -2.476054
v -0.460794 2.661861 -3.612559
v -0.514243 2.757709 -2.311204
v -0.388233 2.818080 -3.619586
v -0.403750 3.115251 -1.500001
v -0.514243 2.757709 -2.311204
v -0.609193 2.874217 -1.500001
v -0.330086 2.910529 -2.476054
v -4.029329 3.660828 -8.091599
v -4.006960 3.630314 -8.067022
v -4.005233 3.639588 -8.065927
v -4.061640 3.661652 -8.107338
v -0.635801 2.681482 -4.716161
v -1.129059 2.898200 -5.792427
v -1.163070 2.809796 -5.787836
v -0.584648 2.802564 -4.724332
v -0.372366 3.229383 2.512795
v -0.347065 3.509883 2.954786
v -0.285612 3.654195 2.853919
v -0.459261 3.036039 2.589516
v -0.152559 4.172391 3.105185
v -0.012753 4.486661 3.642370
v -0.013279 4.654095 3.468679
v -0.194605 4.050168 3.209127
v 0.019317 4.683444 3.850774
v 0.064598 4.749558 4.166973
v 0.142414 4.972362 4.118962
v 0.065509 4.841556 3.753726
v -1.901269 3.054444 -6.716568
v -2.822778 3.382247 -7.498781
v -2.833074 3.345705 -7.500179
v -1.882491 3.113515 -6.715222
v 1.192216 4.820945 5.840384
v 1.057204 4.957723 5.638060
v 1.021796 4.815044 5.629140
v 1.209712 4.971550 5.865095
v 0.645633 4.916244 4.937133
v 0.426966 4.784335 4.772291
v 0.580063 4.797342 4.965417
v 0.446945 4.929900 4.763861
v 1.354827 4.820196 5.871814
v 1.209712 4.971550 5.865095
v 1.192216 4.820945 5.840384
v 1.345584 4.985724 5.850389
v -2.833074 3.345705 -7.500179
v -4.003506 3.648863 -8.064832
v -4.005233 3.639588 -8.065927
v -2.822778 3.382247 -7.498781
v -1.163070 2.809796 -5.787836
v -1.882491 3.113515 -6.715222
v -1.901269 3.054444 -6.716568
v -1.129059 2.898200 -5.792427
v -0.460794 2.661861 -3.612559
v -0.584648 2.802564 -4.724332
v -0.635801 2.681482 -4.716161
v -0.388233 2.818080 -3.619586
v -0.527380 2.759119 -0.653291
v -0.403750 3.115251 -1.500001
v -0.609193 2.874217 -1.500001
v -0.387469 2.977327 -0.500186
v -4.641090 0.211978 4.042928
v -6.899539 0.112866 3.226963
v -6.914074 0.085657 3.209538
v -4.632063 0.267825 4.057294
v -0.511707 2.900242 1.940649
v -0.863476 2.972845 1.539928
v -0.901868 2.826852 1.639374
v -0.463090 3.133451 1.803724
v -8.425933 0.659148 2.057970
v -9.153667 1.176361 1.196277
v -8.438643 0.639867 2.043829
v -9.148265 1.190235 1.201216
v -3.095344 2.944694 1.569886
v -3.967428 0.663582 3.858334
v -3.952675 0.600008 3.846924
v -3.120422 3.037951 1.587169
v -3.995465 3.201873 -1.098100
v -4.015520 3.219239 -1.197840
v -4.017716 3.213829 -1.197389
v -3.986684 3.223513 -1.099903
v -9.138946 1.225841 1.184239
v -9.213669 1.297900 1.095656
v -9.216000 1.288998 1.099900
v -9.148265 1.190235 1.201216
v -6.914074 0.085657 3.209538
v -8.425933 0.659148 2.057970
v -8.438643 0.639867 2.043829
v -6.899539 0.112866 3.226963
v -0.863476 2.972845 1.539928
v -2.755786 3.409468 1.350477
v -2.763195 3.314989 1.407904
v -0.901868 2.826852 1.639374
v -3.952675 0.600008 3.846924
v -4.014350 0.315105 4.028226
v -3.971536 0.287297 3.988490
v -3.967428 0.663582 3.858334
v -4.191862 0.110756 4.130940
v -4.632063 0.267825 4.057294
v -4.641090 0.211978 4.042928
v -4.206340 0.188771 4.152769
v -2.980658 3.014373 1.443054
v -3.095344 2.944694 1.569886
v -3.070266 2.851438 1.552603
v -3.006997 3.113710 1.455679
v -2.769576 3.220231 1.462969
v -3.006997 3.113710 1.455679
v -2.980658 3.014373 1.443054
v -2.763195 3.314989 1.407904
v -7.060943 2.766613 -0.177519
v -6.995196 2.732042 -0.103686
v -6.990745 2.721871 -0.118414
v -7.059830 2.764070 -0.181201
v -9.139325 1.235435 1.131682
v -9.213764 1.300298 1.082516
v -9.212751 1.301244 1.086944
v -9.135275 1.239215 1.149391
v -3.986684 3.223513 -1.099903
v -4.013325 3.224649 -1.198290
v -4.015520 3.219239 -1.197840
v -3.977903 3.245152 -1.101705
v -4.003649 3.226043 -1.203628
v -3.939199 3.250731 -1.123054
v -3.936389 3.229847 -1.126780
v -4.002947 3.220822 -1.204559
v -0.569255 0.297666 -2.358232
v -0.458745 0.169091 -2.032219
v -0.547653 0.111965 -1.928756
v -0.537555 0.395124 -2.516005
v -0.569255 0.297666 -2.358232
v -0.641499 0.121125 -1.942829
v -0.746223 0.267085 -2.308505
v -0.547653 0.111965 -1.928756
v -0.617539 0.199333 -1.879755
v -0.728480 0.401909 -2.222774
v -0.677106 0.329934 -2.261739
v -0.647360 0.162985 -1.887906
v -0.617539 0.199333 -1.879755
v -0.646825 0.419432 -2.251079
v -0.728480 0.401909 -2.222774
v -0.578786 0.217547 -1.871992
v -0.576764 0.473832 -2.357743
v -0.518052 0.240861 -1.931412
v -0.480406 0.196821 -1.951482
v -0.529567 0.428936 -2.408901
v -0.641499 0.121125 -1.942829
v -0.677106 0.329934 -2.261739
v -0.746223 0.267085 -2.308505
v -0.647360 0.162985 -1.887906
v -0.646825 0.419432 -2.251079
v -0.578786 0.217547 -1.871992
v -0.518052 0.240861 -1.931412
v -0.576764 0.473832 -2.357743
v -0.529567 0.428936 -2.408901
v -0.458745 0.169091 -2.032219
v -0.537555 0.395124 -2.516005
v -0.480406 0.196821 -1.951482
v -0.684174 0.548508 -2.439579
v -0.529567 0.428936 -2.408901
v -0.638569 0.541087 -2.592106
v -0.576764 0.473832 -2.357743
v -0.646825 0.419432 -2.251079
v -0.684174 0.548508 -2.439579
v -0.728480 0.401909 -2.222774
v -0.576764 0.473832 -2.357743
v -0.746223 0.267085 -2.308505
v -0.537555 0.395124 -2.516005
v -0.569255 0.297666 -2.358232
v -0.678255 0.544136 -2.751230
v -3.885016 3.064605 0.061402
v -3.443489 3.017420 0.968078
v -3.565730 2.965187 1.074227
v -3.790383 3.072782 0.007924
v -3.464399 3.320658 1.105996
v -3.881286 3.268119 0.060073
v -3.562517 3.245503 1.198868
v -3.791571 3.281567 0.009257
v -3.791571 3.281567 0.009257
v -3.977903 3.245152 -1.101705
v -3.881286 3.268119 0.060073
v -3.939199 3.250731 -1.123054
v -9.218701 1.282062 1.097431
v -9.149841 1.147690 1.162450
v -9.159073 1.162488 1.191339
v -9.216393 1.278362 1.090209
v -8.338530 1.958347 0.447635
v -8.347295 2.023781 0.366145
v -8.326519 1.939360 0.423633
v -8.350297 2.028528 0.372145
v -5.026892 2.116967 2.577746
v -5.752920 2.625211 1.477592
v -5.111972 2.046164 2.608302
v -5.699553 2.670316 1.459217
v -4.306338 0.688078 3.776518
v -5.111972 2.046164 2.608302
v -4.429365 0.509584 3.881333
v -5.026892 2.116967 2.577746
v -5.759753 2.513676 1.381781
v -5.020759 1.959237 2.424152
v -5.123500 1.878354 2.465034
v -5.695297 2.565074 1.356927
v -5.123500 1.878354 2.465034
v -4.261403 0.507741 3.557820
v -4.390639 0.329045 3.680424
v -5.020759 1.959237 2.424152
v -5.695297 2.565074 1.356927
v -6.094223 3.022939 0.398439
v -6.047841 3.031846 0.404794
v -5.759753 2.513676 1.381781
v -5.699553 2.670316 1.459217
v -6.089323 3.075310 0.450050
v -5.752920 2.625211 1.477592
v -6.050880 3.083917 0.456460
v -6.106650 3.050013 0.417732
v -6.085974 3.131149 0.359360
v -6.082868 3.124381 0.354536
v -6.094223 3.022939 0.398439
v -9.148265 1.190235 1.201216
v -9.217351 1.285530 1.098666
v -9.153667 1.176361 1.196277
v -9.216000 1.288998 1.099900
v -6.754557 2.087768 1.359144
v -5.796353 1.495484 2.733868
v -5.908586 1.435830 2.771818
v -6.679734 2.127537 1.333844
v -4.513067 0.279435 3.703349
v -5.908586 1.435830 2.771818
v -5.796353 1.495484 2.733868
v -4.390639 0.329045 3.680424
v -5.801044 1.653543 2.877335
v -6.746025 2.196897 1.448871
v -5.895788 1.599523 2.906407
v -6.682862 2.232910 1.429488
v -5.801044 1.653543 2.877335
v -4.561124 0.452439 3.879690
v -4.429365 0.509584 3.881333
v -5.895788 1.599523 2.906407
v -6.682862 2.232910 1.429488
v -7.026777 2.714036 -0.093995
v -6.746025 2.196897 1.448871
v -6.995196 2.732042 -0.103686
v -4.002947 3.220822 -1.204559
v -3.936389 3.229847 -1.126780
v -3.933579 3.208963 -1.130506
v -4.002244 3.215601 -1.205491
v -8.326519 1.939360 0.423633
v -8.347295 2.023781 0.366145
v -8.335187 2.027438 0.363428
v -8.278086 1.953989 0.412765
v -7.614942 1.410797 1.807373
v -6.456701 0.978769 2.910464
v -6.371750 1.032289 2.862837
v -7.662308 1.367773 1.849318
v -6.371750 1.032289 2.862837
v -4.689770 0.433315 3.870006
v -4.561124 0.452439 3.879690
v -6.456701 0.978769 2.910464
v -7.598235 1.319679 1.709930
v -6.460423 0.819812 2.782325
v -7.662001 1.260650 1.765312
v -6.340409 0.893011 2.717165
v -4.698646 0.283944 3.717259
v -6.460423 0.819812 2.782325
v -6.340409 0.893011 2.717165
v -4.513067 0.279435 3.703349
v -8.326519 1.939360 0.423633
v -7.598235 1.319679 1.709930
v -7.662001 1.260650 1.765312
v -8.278086 1.953989 0.412765
v -8.331091 1.974728 0.457700
v -8.346578 2.036719 0.377177
v -8.348437 2.032623 0.374662
v -8.323653 1.991109 0.467764
v -9.143377 1.231654 1.113972
v -9.214778 1.299353 1.078089
v -9.213764 1.300298 1.082516
v -9.139325 1.235435 1.131682
v -2.769576 3.220231 1.462969
v -3.007898 2.907282 1.268897
v -2.744311 2.992305 1.385996
v -2.980658 3.014373 1.443054
v -3.092460 2.752295 1.365989
v -3.007898 2.907282 1.268897
v -2.980658 3.014373 1.443054
v -3.070266 2.851438 1.552603
v -3.211870 3.360417 1.378924
v -3.562517 3.245503 1.198868
v -3.315263 3.203082 1.510062
v -3.464399 3.320658 1.105996
v -2.755786 3.409468 1.350477
v -3.211870 3.360417 1.378924
v -3.032408 3.212776 1.466225
v -2.833953 3.495156 1.094703
v -3.032408 3.212776 1.466225
v -3.315263 3.203082 1.510062
v -3.120422 3.037951 1.587169
v -3.211870 3.360417 1.378924
v -2.834144 2.860640 1.135026
v -3.007898 2.907282 1.268897
v -3.197646 2.895714 1.093988
v -2.744311 2.992305 1.385996
v -3.007898 2.907282 1.268897
v -3.296663 2.766318 1.200850
v -3.197646 2.895714 1.093988
v -3.092460 2.752295 1.365989
v -3.197646 2.895714 1.093988
v -3.565730 2.965187 1.074227
v -3.443489 3.017420 0.968078
v -3.296663 2.766318 1.200850
v -2.763195 3.314989 1.407904
v -3.032408 3.212776 1.466225
v -3.006997 3.113710 1.455679
v -2.755786 3.409468 1.350477
v -3.006997 3.113710 1.455679
v -3.120422 3.037951 1.587169
v -3.095344 2.944694 1.569886
v -3.032408 3.212776 1.466225
v -3.979395 3.163747 -1.101174
v -3.790383 3.072782 0.007924
v -3.885016 3.064605 0.061402
v -3.939430 3.167166 -1.123331
v -4.182843 0.032289 4.109027
v -4.641090 0.211978 4.042928
v -4.649829 0.155688 4.029193
v -4.191862 0.110756 4.130940
v -3.937077 0.535818 3.836225
v -3.971536 0.287297 3.988490
v -3.928724 0.259488 3.948753
v -3.952675 0.600008 3.846924
v -8.323653 1.991109 0.467764
v -7.614942 1.410797 1.807373
v -8.286409 2.003425 0.454734
v -7.662308 1.367773 1.849318
v -4.214618 -0.009996 4.004616
v -4.649829 0.155688 4.029193
v -4.631399 0.105741 3.913457
v -4.182843 0.032289 4.109027
v -3.951391 0.468226 3.710692
v -3.928724 0.259488 3.948753
v -3.955138 0.208499 3.830567
v -3.937077 0.535818 3.836225
v -4.375430 0.403216 4.026773
v -4.652472 0.395455 3.994628
v -4.632063 0.267825 4.057294
v -4.206340 0.188771 4.152769
v -4.014350 0.315105 4.028226
v -4.375430 0.403216 4.026773
v -4.206340 0.188771 4.152769
v -4.198772 0.550083 3.943519
v -3.967428 0.663582 3.858334
v -4.198772 0.550083 3.943519
v -4.014350 0.315105 4.028226
v -4.086882 0.770478 3.810000
v -3.951391 0.468226 3.710692
v -4.187203 0.266270 3.730657
v -4.076547 0.474698 3.588071
v -3.955138 0.208499 3.830567
v -4.187203 0.266270 3.730657
v -4.214618 -0.009996 4.004616
v -4.379325 0.152277 3.798191
v -3.955138 0.208499 3.830567
v -4.379325 0.152277 3.798191
v -4.631399 0.105741 3.913457
v -4.660753 0.155088 3.772608
v -4.214618 -0.009996 4.004616
v -4.198772 0.550083 3.943519
v -4.086882 0.770478 3.810000
v -4.306338 0.688078 3.776518
v -4.429365 0.509584 3.881333
v -4.375430 0.403216 4.026773
v -4.198772 0.550083 3.943519
v -4.429365 0.509584 3.881333
v -4.561124 0.452439 3.879690
v -4.652472 0.395455 3.994628
v -4.375430 0.403216 4.026773
v -4.561124 0.452439 3.879690
v -4.689770 0.433315 3.870006
v -4.261403 0.507741 3.557820
v -4.187203 0.266270 3.730657
v -4.390639 0.329045 3.680424
v -4.076547 0.474698 3.588071
v -4.390639 0.329045 3.680424
v -4.379325 0.152277 3.798191
v -4.513067 0.279435 3.703349
v -4.187203 0.266270 3.730657
v -4.513067 0.279435 3.703349
v -4.660753 0.155088 3.772608
v -4.698646 0.283944 3.717259
v -4.379325 0.152277 3.798191
v -7.031044 2.659471 -0.138858
v -6.679734 2.127537 1.333844
v -6.754557 2.087768 1.359144
v -6.993633 2.679356 -0.151508
v -0.887134 0.143009 -1.933582
v -0.916497 0.382494 -2.134033
v -0.886500 0.285675 -2.190821
v -0.847737 0.212522 -1.886000
v -0.677106 0.329934 -2.261739
v -0.742670 0.187935 -1.889529
v -0.704723 0.132280 -1.916059
v -0.728480 0.401909 -2.222774
v -0.903663 0.191069 -2.251505
v -0.722570 0.085143 -1.951133
v -0.900006 0.072055 -1.979096
v -0.746223 0.267085 -2.308505
v -0.677106 0.329934 -2.261739
v -0.704723 0.132280 -1.916059
v -0.722570 0.085143 -1.951133
v -0.746223 0.267085 -2.308505
v -0.900006 0.072055 -1.979096
v -0.886500 0.285675 -2.190821
v -0.903663 0.191069 -2.251505
v -0.887134 0.143009 -1.933582
v -0.916497 0.382494 -2.134033
v -0.847737 0.212522 -1.886000
v -0.742670 0.187935 -1.889529
v -0.728480 0.401909 -2.222774
v -0.886500 0.285675 -2.190821
v -1.010785 0.220688 -1.899152
v -0.950664 0.146190 -1.938708
v -0.916497 0.382494 -2.134033
v -0.963536 0.075235 -1.984221
v -1.141108 0.229930 -2.253906
v -0.903663 0.191069 -2.251505
v -1.141620 0.104381 -1.986022
v -1.141620 0.104381 -1.986022
v -1.191875 0.301085 -2.215381
v -1.141108 0.229930 -2.253906
v -1.179695 0.157747 -1.957128
v -1.132264 0.204905 -1.922534
v -0.916497 0.382494 -2.134033
v -1.180624 0.366567 -2.173449
v -1.010785 0.220688 -1.899152
v -0.886500 0.285675 -2.190821
v -0.963536 0.075235 -1.984221
v -0.903663 0.191069 -2.251505
v -0.950664 0.146190 -1.938708
v -1.179695 0.157747 -1.957128
v -1.180624 0.366567 -2.173449
v -1.191875 0.301085 -2.215381
v -1.132264 0.204905 -1.922534
v -1.101415 1.311666 -1.630314
v -0.697192 1.472153 -0.982127
v -1.025994 1.850643 -1.072289
v -0.851252 1.212743 -1.555624
v -1.063988 1.770674 -1.976028
v -0.741734 2.157160 -2.160953
v -0.839096 1.848460 -2.041287
v -0.962245 2.321754 -1.908234
v -1.063988 1.770674 -1.976028
v -1.043945 2.115851 -1.468308
v -0.962245 2.321754 -1.908234
v -1.112071 1.537264 -1.799558
v -0.598217 1.301697 -1.621308
v -0.697192 1.472153 -0.982127
v -0.851252 1.212743 -1.555624
v -0.351648 1.510308 -1.190701
v -0.741734 2.157160 -2.160953
v -0.615021 1.758185 -1.969357
v -0.839096 1.848460 -2.041287
v -0.361863 1.890979 -2.007705
v -1.112071 1.537264 -1.799558
v -1.025994 1.850643 -1.072289
v -1.043945 2.115851 -1.468308
v -1.101415 1.311666 -1.630314
v -0.615021 1.758185 -1.969357
v -0.322069 1.687100 -1.642968
v -0.549558 1.541269 -1.801043
v -0.361863 1.890979 -2.007705
v -0.598217 1.301697 -1.621308
v -0.322069 1.687100 -1.642968
v -0.351648 1.510308 -1.190701
v -0.549558 1.541269 -1.801043
v -1.180624 0.366567 -2.173449
v -0.883494 0.564492 -2.397321
v -1.071241 0.566856 -2.479106
v -0.916497 0.382494 -2.134033
v -1.013781 0.824558 -2.498070
v -1.064592 0.561942 -2.627100
v -1.071241 0.566856 -2.479106
v -1.020845 0.842884 -2.660569
v -0.840025 0.561613 -2.838848
v -0.839902 0.866709 -2.891832
v -0.691373 0.859302 -2.821160
v -0.678255 0.544136 -2.751230
v -0.883494 0.564492 -2.397321
v -0.680234 0.823854 -2.490160
v -0.847960 0.814593 -2.426283
v -0.684174 0.548508 -2.439579
v -1.020845 0.842884 -2.660569
v -1.012915 0.566436 -2.787432
v -1.064592 0.561942 -2.627100
v -0.988973 0.860432 -2.826312
v -0.988973 0.860432 -2.826312
v -0.840025 0.561613 -2.838848
v -1.012915 0.566436 -2.787432
v -0.839902 0.866709 -2.891832
v -1.071241 0.566856 -2.479106
v -0.847960 0.814593 -2.426283
v -1.013781 0.824558 -2.498070
v -0.883494 0.564492 -2.397321
v -0.638569 0.541087 -2.592106
v -0.680234 0.823854 -2.490160
v -0.684174 0.548508 -2.439579
v -0.647981 0.842809 -2.661118
v -0.678255 0.544136 -2.751230
v -0.647981 0.842809 -2.661118
v -0.638569 0.541087 -2.592106
v -0.691373 0.859302 -2.821160
v -0.691373 0.859302 -2.821160
v -0.839902 1.379157 -2.489682
v -0.691373 1.334521 -2.438160
v -0.839902 0.866709 -2.891832
v -0.847960 0.814593 -2.426283
v -0.680234 1.129305 -2.196859
v -0.847959 1.090815 -2.152446
v -0.680234 0.823854 -2.490160
v -1.020845 1.234572 -2.321838
v -1.020845 0.842884 -2.660569
v -1.013781 0.824558 -2.498070
v -1.013781 1.134487 -2.204165
v -0.680234 0.823854 -2.490160
v -0.647981 1.233724 -2.321018
v -0.680234 1.129305 -2.196859
v -0.647981 0.842809 -2.661118
v -0.647981 0.842809 -2.661118
v -0.691373 1.334521 -2.438160
v -0.647981 1.233724 -2.321018
v -0.691373 0.859302 -2.821160
v -0.746223 0.267085 -2.308505
v -0.840025 0.561613 -2.838848
v -0.678255 0.544136 -2.751230
v -0.903663 0.191069 -2.251505
v -0.839902 1.379157 -2.489682
v -0.839902 0.866709 -2.891832
v -0.988973 0.860432 -2.826312
v -0.988972 1.338173 -2.442292
v -0.903663 0.191069 -2.251505
v -1.012915 0.566436 -2.787432
v -0.840025 0.561613 -2.838848
v -1.141108 0.229930 -2.253906
v -1.191875 0.301085 -2.215381
v -1.071241 0.566856 -2.479106
v -1.064592 0.561942 -2.627100
v -1.180624 0.366567 -2.173449
v -1.013781 1.134487 -2.204165
v -1.013781 0.824558 -2.498070
v -0.847960 0.814593 -2.426283
v -0.847959 1.090815 -2.152446
v -0.839902 1.379157 -2.489682
v -1.063988 1.770674 -1.976028
v -0.839096 1.848460 -2.041287
v -0.988972 1.338173 -2.442292
v -0.549558 1.541269 -1.801043
v -0.680234 1.129305 -2.196859
v -0.647981 1.233724 -2.321018
v -0.598217 1.301697 -1.621308
v -0.847959 1.090815 -2.152446
v -0.598217 1.301697 -1.621308
v -0.851252 1.212743 -1.555624
v -0.680234 1.129305 -2.196859
v -1.112071 1.537264 -1.799558
v -1.020845 1.234572 -2.321838
v -1.013781 1.134487 -2.204165
v -1.101415 1.311666 -1.630314
v -0.988972 1.338173 -2.442292
v -0.988973 0.860432 -2.826312
v -1.020845 0.842884 -2.660569
v -1.020845 1.234572 -2.321838
v -1.141108 0.229930 -2.253906
v -1.064592 0.561942 -2.627100
v -1.012915 0.566436 -2.787432
v -1.191875 0.301085 -2.215381
v -0.883494 0.564492 -2.397321
v -0.916497 0.382494 -2.134033
v -0.728480 0.401909 -2.222774
v -0.684174 0.548508 -2.439579
v -0.638569 0.541087 -2.592106
v -0.529567 0.428936 -2.408901
v -0.537555 0.395124 -2.516005
v -0.678255 0.544136 -2.751230
v -0.000000 1.743191 -1.500001
v -0.351648 1.510308 -1.190701
v -0.322069 1.687100 -1.642968
v -0.000000 1.887010 -0.786243
v -0.000000 1.743191 -1.500001
v -0.322069 1.687100 -1.642968
v -0.361863 1.890979 -2.007705
v 0.000000 1.844225 -2.169317
v -1.025994 1.850643 -1.072289
v -0.814635 2.633315 -1.462544
v -1.043945 2.115851 -1.468308
v -0.664218 2.526925 -0.796753
v -0.361863 1.890979 -2.007705
v -0.544317 2.117376 -2.465960
v 0.000000 1.844225 -2.169317
v -0.741734 2.157160 -2.160953
v -0.351648 1.510308 -1.190701
v -0.472254 2.045723 -0.503480
v -0.697192 1.472153 -0.982127
v -0.000000 1.887010 -0.786243
v -0.962245 2.321754 -1.908234
v -0.814635 2.633315 -1.462544
v -0.705304 2.617706 -2.151404
v -1.043945 2.115851 -1.468308
v -0.962245 2.321754 -1.908234
v -0.705304 2.617706 -2.151404
v -0.544317 2.117376 -2.465960
v -0.741734 2.157160 -2.160953
v -1.025994 1.850643 -1.072289
v -0.472254 2.045723 -0.503480
v -0.664218 2.526925 -0.796753
v -0.697192 1.472153 -0.982127
v -8.425933 0.659148 2.057970
v -6.899539 0.112866 3.226963
v -6.867130 0.199069 3.185942
v -8.385077 0.711442 2.040087
v -0.901868 2.826852 1.639374
v -2.763195 3.314989 1.407904
v -2.769576 3.220231 1.462969
v -0.939025 2.681177 1.737143
v -6.928607 0.058447 3.192114
v -8.438643 0.639867 2.043829
v -8.451349 0.620585 2.029688
v -6.914074 0.085657 3.209538
v -0.980591 3.104023 1.127076
v -2.833953 3.495156 1.094703
v -2.755786 3.409468 1.350477
v -0.863476 2.972845 1.539928
v -6.899802 0.013651 3.132954
v -8.451349 0.620585 2.029688
v -8.429821 0.587279 1.985366
v -6.928607 0.058447 3.192114
v -0.939025 2.681177 1.737143
v -2.769576 3.220231 1.462969
v -2.744311 2.992305 1.385996
v -0.911846 2.323332 1.610430
v -8.429821 0.587279 1.985366
v -6.873682 0.058461 3.035157
v -6.899802 0.013651 3.132954
v -8.391870 0.607174 1.926630
v -9.149841 1.147690 1.162450
v -8.391870 0.607174 1.926630
v -8.429821 0.587279 1.985366
v -9.143092 1.163325 1.124093
v -8.429821 0.587279 1.985366
v -9.159073 1.162488 1.191339
v -9.149841 1.147690 1.162450
v -8.451349 0.620585 2.029688
v -6.094223 3.022939 0.398439
v -6.071272 3.126607 0.356125
v -6.047841 3.031846 0.404794
v -6.082868 3.124381 0.354536
v -8.335187 2.027438 0.363428
v -8.274026 1.978836 0.433904
v -8.278086 1.953989 0.412765
v -8.334171 2.033650 0.368712
v -8.334171 2.033650 0.368712
v -8.280217 1.991131 0.444318
v -8.274026 1.978836 0.433904
v -8.335720 2.036724 0.371316
v -9.153667 1.176361 1.196277
v -9.217351 1.285530 1.098666
v -9.218701 1.282062 1.097431
v -9.159073 1.162488 1.191339
v -3.070266 2.851438 1.552603
v -3.951391 0.468226 3.710692
v -3.092460 2.752295 1.365989
v -3.937077 0.535818 3.836225
v -3.120422 3.037951 1.587169
v -4.086882 0.770478 3.810000
v -3.967428 0.663582 3.858334
v -3.315263 3.203082 1.510062
v -3.092460 2.752295 1.365989
v -3.951391 0.468226 3.710692
v -4.076547 0.474698 3.588071
v -3.296663 2.766318 1.200850
v -3.070266 2.851438 1.552603
v -3.952675 0.600008 3.846924
v -3.937077 0.535818 3.836225
v -3.095344 2.944694 1.569886
v -1.020453 2.126149 1.195833
v -2.744311 2.992305 1.385996
v -2.834144 2.860640 1.135026
v -0.911846 2.323332 1.610430
v -4.660753 0.155088 3.772608
v -6.899802 0.013651 3.132954
v -6.873682 0.058461 3.035157
v -4.631399 0.105741 3.913457
v -8.438643 0.639867 2.043829
v -9.159073 1.162488 1.191339
v -8.451349 0.620585 2.029688
v -9.153667 1.176361 1.196277
v -8.385077 0.711442 2.040087
v -9.138946 1.225841 1.184239
v -9.148265 1.190235 1.201216
v -8.425933 0.659148 2.057970
v -0.563811 2.667031 2.075439
v -0.901868 2.826852 1.639374
v -0.939025 2.681177 1.737143
v -0.511707 2.900242 1.940649
v -0.631182 1.884464 1.264819
v -0.911846 2.323332 1.610430
v -1.020453 2.126149 1.195833
v -0.504781 2.161787 1.886541
v -1.222817 2.198744 0.655728
v -0.959527 2.521866 0.399771
v -0.731704 1.999041 0.393802
v -1.379777 2.561392 0.713101
v -0.563811 2.667031 2.075439
v -0.911846 2.323332 1.610430
v -0.504781 2.161787 1.886541
v -0.939025 2.681177 1.737143
v -4.649829 0.155688 4.029193
v -6.899802 0.013651 3.132954
v -4.631399 0.105741 3.913457
v -6.928607 0.058447 3.192114
v -4.652472 0.395455 3.994628
v -6.867130 0.199069 3.185942
v -6.899539 0.112866 3.226963
v -4.632063 0.267825 4.057294
v -4.649829 0.155688 4.029193
v -6.914074 0.085657 3.209538
v -6.928607 0.058447 3.192114
v -4.641090 0.211978 4.042928
v 0.988912 3.601324 5.276016
v 0.929143 3.771778 5.397466
v 0.905221 3.688607 5.269889
v 1.063621 3.698819 5.442332
v 0.988912 3.601324 5.276016
v 1.149791 3.665980 5.396502
v 1.063621 3.698819 5.442332
v 1.085355 3.570675 5.247127
v 1.068044 3.774286 5.416979
v 1.090146 3.798278 5.490984
v 1.166708 3.728788 5.435719
v 1.145221 3.753432 5.385908
v 1.068044 3.774286 5.416979
v 0.929143 3.771778 5.397466
v 1.090146 3.798278 5.490984
v 0.969246 3.790477 5.357781
v 0.486791 4.421514 4.578204
v 0.527062 4.276437 4.709589
v 0.590613 4.277046 4.690683
v 0.443632 4.448567 4.621269
v 1.307569 4.747391 5.762262
v 1.290317 4.723719 5.834098
v 1.246673 4.774062 5.777241
v 1.338675 4.688704 5.834370
v 0.908481 3.698659 5.079035
v 0.988912 3.601324 5.276016
v 0.905221 3.688607 5.269889
v 0.828782 3.781100 5.118744
v 0.905221 3.688607 5.269889
v 0.848654 3.866590 5.243350
v 0.828782 3.781100 5.118744
v 0.929143 3.771778 5.397466
v 1.063621 3.698819 5.442332
v 1.090146 3.798278 5.490984
v 0.929143 3.771778 5.397466
v 1.063621 3.698819 5.442332
v 1.166708 3.728788 5.435719
v 1.090146 3.798278 5.490984
v 1.149791 3.665980 5.396502
v 0.527062 4.276437 4.709589
v 0.437264 4.221290 4.471073
v 0.534840 4.112085 4.620972
v 0.443632 4.448567 4.621269
v 0.994991 3.662618 5.037649
v 0.988912 3.601324 5.276016
v 0.908481 3.698659 5.079035
v 1.085355 3.570675 5.247127
v -0.615021 1.758185 -1.969357
v -0.691373 1.334521 -2.438160
v -0.839902 1.379157 -2.489682
v -0.839096 1.848460 -2.041287
v -1.063988 1.770674 -1.976028
v -0.988972 1.338173 -2.442292
v -1.020845 1.234572 -2.321838
v -1.112071 1.537264 -1.799558
v -0.544317 2.117376 -2.465960
v -0.447278 2.244527 -3.638417
v -0.119907 2.134817 -3.715380
v 0.000000 1.844225 -2.169317
v -0.626264 2.367555 -4.768952
v -0.119907 2.134817 -3.715380
v -0.447278 2.244527 -3.638417
v -0.397894 2.300556 -4.897923
v -0.664218 2.526925 -0.796753
v -0.609193 2.874217 -1.500001
v -0.814635 2.633315 -1.462544
v -0.527380 2.759119 -0.653291
v -1.156729 2.594253 -5.853805
v -0.397894 2.300556 -4.897923
v -0.626264 2.367555 -4.768952
v -1.004926 2.570015 -5.991829
v -1.897768 2.914029 -6.770914
v -1.004926 2.570015 -5.991829
v -1.156729 2.594253 -5.853805
v -1.813955 2.904345 -6.863455
v -2.831155 3.265256 -7.541309
v -1.813955 2.904345 -6.863455
v -1.897768 2.914029 -6.770914
v -2.785199 3.270841 -7.609781
v -0.533293 2.505623 -3.605699
v -0.635801 2.681482 -4.716161
v -0.686953 2.560400 -4.707988
v -0.460794 2.661861 -3.612559
v -1.197082 2.721392 -5.783244
v -1.901269 3.054444 -6.716568
v -1.920048 2.995374 -6.717914
v -1.163070 2.809796 -5.787836
v -4.004911 3.620976 -8.078731
v -2.785199 3.270841 -7.609781
v -2.831155 3.265256 -7.541309
v -3.997019 3.625885 -8.097681
v -0.347065 3.509883 2.954786
v -0.064913 3.844008 3.336373
v -0.194605 4.050168 3.209127
v -0.203780 3.266464 3.091697
v -2.843371 3.309163 -7.501577
v -4.005233 3.639588 -8.065927
v -4.006960 3.630314 -8.067022
v -2.833074 3.345705 -7.500179
v 1.354827 4.820196 5.871814
v 1.290317 4.723719 5.834098
v 1.338675 4.688704 5.834370
v 1.192216 4.820945 5.840384
v 1.210124 5.035191 5.801697
v 1.209712 4.971550 5.865095
v 1.225585 4.985896 5.846305
v 1.186119 5.042736 5.794552
v 1.077857 5.104372 5.612773
v 1.186119 5.042736 5.794552
v 1.296162 5.071834 5.735821
v 1.214088 5.134265 5.545560
v 0.804813 5.220999 4.596794
v 0.711201 5.114563 4.908848
v 0.903620 5.146839 4.825843
v 0.495660 5.192126 4.732823
v -0.194605 4.050168 3.209127
v 0.061106 4.289932 3.630924
v -0.012753 4.486661 3.642370
v -0.064913 3.844008 3.336373
v -0.459261 3.036039 2.589516
v -0.203780 3.266464 3.091697
v -0.347065 3.509883 2.954786
v -0.331418 2.709916 2.700209
v -0.731704 1.999041 0.393802
v -0.631182 1.884464 1.264819
v -1.222817 2.198744 0.655728
v -1.020453 2.126149 1.195833
v 0.534482 4.054495 4.351051
v 0.723900 3.938445 4.409215
v 0.632736 3.990664 4.502954
v 0.657747 3.993703 4.255861
v 1.057204 4.957723 5.638060
v 1.209712 4.971550 5.865095
v 1.186119 5.042736 5.794552
v 1.077857 5.104372 5.612773
v -1.920048 2.995374 -6.717914
v -2.833074 3.345705 -7.500179
v -2.843371 3.309163 -7.501577
v -1.901269 3.054444 -6.716568
v -4.006960 3.630314 -8.067022
v -4.061640 3.661652 -8.107338
v -4.004911 3.620976 -8.078731
v -3.997019 3.625885 -8.097681
v 0.142414 4.972362 4.118962
v 0.209024 4.986629 3.639871
v 0.065509 4.841556 3.753726
v 0.207521 5.151747 4.041490
v -0.114155 4.294614 2.995812
v -0.013279 4.654095 3.468679
v 0.021685 4.788526 3.379214
v -0.152559 4.172391 3.105185
v -0.064913 3.844008 3.336373
v 0.353558 4.168762 3.597204
v 0.061106 4.289932 3.630924
v 0.259802 3.755655 3.326089
v 0.632736 3.990664 4.502954
v 0.437264 4.221290 4.471073
v 0.534482 4.054495 4.351051
v 0.534840 4.112085 4.620972
v -0.331418 2.709916 2.700209
v 0.184032 3.162141 3.094681
v -0.203780 3.266464 3.091697
v 0.105725 2.570149 2.711536
v -0.290722 3.422727 2.438473
v -0.285612 3.654195 2.853919
v -0.228560 3.798509 2.746052
v -0.372366 3.229383 2.512795
v 0.000370 1.467432 1.303614
v -0.504781 2.161787 1.886541
v -0.631182 1.884464 1.264819
v 0.044097 1.913415 2.159550
v -0.463090 3.133451 1.803724
v -0.525785 3.484982 1.143049
v -0.863476 2.972845 1.539928
v -0.980591 3.104023 1.127076
v -2.843371 3.309163 -7.501577
v -4.004911 3.620976 -8.078731
v -2.831155 3.265256 -7.541309
v -4.006960 3.630314 -8.067022
v -0.686953 2.560400 -4.707988
v -1.163070 2.809796 -5.787836
v -1.197082 2.721392 -5.783244
v -0.635801 2.681482 -4.716161
v -4.029329 3.660828 -8.091599
v -4.005233 3.639588 -8.065927
v -4.003506 3.648863 -8.064832
v -3.997019 3.660005 -8.075863
v -1.920048 2.995374 -6.717914
v -2.843371 3.309163 -7.501577
v -2.831155 3.265256 -7.541309
v -1.897768 2.914029 -6.770914
v -0.812627 2.883895 0.381246
v -1.267435 2.784273 0.851634
v -1.181117 3.010896 0.807569
v -0.628378 3.243071 0.371316
v -0.563811 2.667031 2.075439
v -0.331418 2.709916 2.700209
v -0.459261 3.036039 2.589516
v -0.504781 2.161787 1.886541
v -0.609193 2.874217 -1.500001
v -0.705304 2.617706 -2.151404
v -0.814635 2.633315 -1.462544
v -0.514243 2.757709 -2.311204
v -0.959527 2.521866 0.399771
v -0.664218 2.526925 -0.796753
v -0.472254 2.045723 -0.503480
v -0.731704 1.999041 0.393802
v -1.197082 2.721392 -5.783244
v -1.897768 2.914029 -6.770914
v -1.156729 2.594253 -5.853805
v -1.920048 2.995374 -6.717914
v -0.514243 2.757709 -2.311204
v -0.533293 2.505623 -3.605699
v -0.705304 2.617706 -2.151404
v -0.460794 2.661861 -3.612559
v -0.686953 2.560400 -4.707988
v -1.156729 2.594253 -5.853805
v -0.626264 2.367555 -4.768952
v -1.197082 2.721392 -5.783244
v -0.228560 3.798509 2.746052
v -0.152559 4.172391 3.105185
v -0.114155 4.294614 2.995812
v -0.285612 3.654195 2.853919
v -0.203780 3.266464 3.091697
v 0.259802 3.755655 3.326089
v -0.064913 3.844008 3.336373
v 0.184032 3.162141 3.094681
v -0.372366 3.229383 2.512795
v -0.463090 3.133451 1.803724
v -0.511707 2.900242 1.940649
v -0.290722 3.422727 2.438473
v -1.181117 3.010896 0.807569
v -0.525785 3.484982 1.143049
v -0.628378 3.243071 0.371316
v -0.980591 3.104023 1.127076
v 0.000000 1.652583 0.412530
v -0.631182 1.884464 1.264819
v -0.731704 1.999041 0.393802
v 0.000370 1.467432 1.303614
v -0.331418 2.709916 2.700209
v -0.504781 2.161787 1.886541
v 0.044097 1.913415 2.159550
v 0.105725 2.570149 2.711536
v -0.533293 2.505623 -3.605699
v -0.626264 2.367555 -4.768952
v -0.447278 2.244527 -3.638417
v -0.686953 2.560400 -4.707988
v -0.544317 2.117376 -2.465960
v -0.533293 2.505623 -3.605699
v -0.447278 2.244527 -3.638417
v -0.705304 2.617706 -2.151404
v -1.101415 1.311666 -1.630314
v -1.013781 1.134487 -2.204165
v -0.847959 1.090815 -2.152446
v -0.851252 1.212743 -1.555624
v -0.615021 1.758185 -1.969357
v -0.647981 1.233724 -2.321018
v -0.691373 1.334521 -2.438160
v -0.549558 1.541269 -1.801043
v -0.812627 2.883895 0.381246
v -0.387469 2.977327 -0.500186
v -0.527380 2.759119 -0.653291
v -0.628378 3.243071 0.371316
v -0.472254 2.045723 -0.503480
v 0.000000 1.652583 0.412530
v -0.731704 1.999041 0.393802
v -0.000000 1.887010 -0.786243
v -0.202870 2.963241 -4.620587
v -0.397956 2.865008 -4.811975
v -0.119422 2.883405 -3.673580
v -1.563045 3.208838 -6.613873
v -1.813954 3.158339 -6.771879
v -1.004926 2.959197 -5.882613
v -3.617318 3.645090 -7.894648
v -2.747620 3.427288 -7.593731
v -3.990533 3.665345 -8.090603
v -3.617318 3.645090 -7.894648
v -3.990533 3.665345 -8.090603
v -3.997019 3.660005 -8.075863
v -3.617318 3.645090 -7.894648
v -2.785199 3.417209 -7.540355
v -2.747620 3.427288 -7.593731
v -1.563045 3.208838 -6.613873
v -0.880793 2.954032 -5.991364
v -1.745418 3.159986 -6.844102
v -1.563045 3.208838 -6.613873
v -1.745418 3.159986 -6.844102
v -1.813954 3.158339 -6.771879
v -1.563045 3.208838 -6.613873
v -1.004926 2.959197 -5.882613
v -0.880793 2.954032 -5.991364
v -0.202870 2.963241 -4.620587
v 0.140996 2.824257 -3.731883
v -0.211264 2.831499 -4.914235
v -0.202870 2.963241 -4.620587
v -0.211264 2.831499 -4.914235
v -0.397956 2.865008 -4.811975
v -0.202870 2.963241 -4.620587
v -0.119422 2.883405 -3.673580
v 0.140996 2.824257 -3.731883
v 0.197488 3.282506 -1.184369
v 0.002240 3.232126 -1.500077
v 0.000000 3.074999 -0.500001
v 0.065704 3.023353 -3.495936
v -0.119422 2.883405 -3.673580
v -0.003608 2.995789 -2.499074
v -0.758177 3.051347 -5.697355
v -1.004926 2.959197 -5.882613
v -0.397956 2.865008 -4.811975
v -2.470232 3.410415 -7.377299
v -1.745418 3.159986 -6.844102
v -2.747620 3.427288 -7.593731
v -2.470232 3.410415 -7.377299
v -2.747620 3.427288 -7.593731
v -2.785199 3.417209 -7.540355
v -2.470232 3.410415 -7.377299
v -1.813954 3.158339 -6.771879
v -1.745418 3.159986 -6.844102
v -0.758177 3.051347 -5.697355
v -0.211264 2.831499 -4.914235
v -0.880793 2.954032 -5.991364
v -0.758177 3.051347 -5.697355
v -0.880793 2.954032 -5.991364
v -1.004926 2.959197 -5.882613
v -0.758177 3.051347 -5.697355
v -0.397956 2.865008 -4.811975
v -0.211264 2.831499 -4.914235
v 0.065704 3.023353 -3.495936
v 0.323611 2.911103 -2.522841
v 0.140996 2.824257 -3.731883
v 0.065704 3.023353 -3.495936
v 0.140996 2.824257 -3.731883
v -0.119422 2.883405 -3.673580
v 0.065704 3.023353 -3.495936
v -0.003608 2.995789 -2.499074
v 0.323611 2.911103 -2.522841
v 0.197488 3.282506 -1.184369
v 0.385374 2.977249 -0.499611
v 0.403750 3.115251 -1.500001
v 0.197488 3.282506 -1.184369
v 0.403750 3.115251 -1.500001
v 0.002240 3.232126 -1.500077
v 0.197488 3.282506 -1.184369
v 0.000000 3.074999 -0.500001
v 0.385374 2.977249 -0.499611
v 0.239126 3.293284 -0.287987
v 0.000000 3.074999 -0.500001
v -0.005449 3.366064 0.391183
v 0.182808 3.167226 -2.292052
v -0.003608 2.995789 -2.499074
v 0.002240 3.232126 -1.500077
v 0.239126 3.293284 -0.287987
v -0.005449 3.366064 0.391183
v 0.541385 3.238782 0.404536
v 0.182808 3.167226 -2.292052
v 0.403750 3.115251 -1.500001
v 0.323611 2.911103 -2.522841
v 0.182808 3.167226 -2.292052
v 0.323611 2.911103 -2.522841
v -0.003608 2.995789 -2.499074
v 0.182808 3.167226 -2.292052
v 0.002240 3.232126 -1.500077
v 0.403750 3.115251 -1.500001
v 0.239126 3.293284 -0.287987
v 0.385374 2.977249 -0.499611
v 0.000000 3.074999 -0.500001
v 0.239126 3.293284 -0.287987
v 0.541385 3.238782 0.404536
v 0.385374 2.977249 -0.499611
v 0.324313 3.561764 1.199109
v -0.005449 3.366064 0.391183
v 0.000000 3.536231 1.151555
v 0.324313 3.561764 1.199109
v 0.000000 3.536231 1.151555
v 0.012439 3.219031 1.953810
v 0.324313 3.561764 1.199109
v 0.541385 3.238782 0.404536
v -0.005449 3.366064 0.391183
v 0.324313 3.561764 1.199109
v 0.012439 3.219031 1.953810
v 0.496182 3.133451 1.755545
v 0.324313 3.561764 1.199109
v 0.496182 3.133451 1.755545
v 0.519208 3.481199 1.172558
v 0.324313 3.561764 1.199109
v 0.519208 3.481199 1.172558
v 0.541385 3.238782 0.404536
v 0.486215 5.193675 3.549893
v 0.516868 4.986630 3.509782
v 0.362392 5.059995 3.572776
v 0.250700 4.506610 2.831889
v 0.134070 4.344683 2.880025
v 0.237347 4.843593 3.266747
v 0.219173 3.613945 2.326159
v 0.051442 3.501929 2.353419
v 0.085481 3.857625 2.627831
v 0.486215 5.193675 3.549893
v 0.362392 5.059995 3.572776
v 0.507741 5.209355 3.908129
v 0.486215 5.193675 3.549893
v 0.507741 5.209355 3.908129
v 0.810764 5.151750 3.781265
v 0.250700 4.506610 2.831889
v 0.237347 4.843593 3.266747
v 0.481699 4.788527 3.206716
v 0.250700 4.506610 2.831889
v 0.409112 4.294615 2.838356
v 0.134070 4.344683 2.880025
v 0.219173 3.613945 2.326159
v 0.410131 3.422728 2.328165
v 0.051442 3.501929 2.353419
v 0.486215 5.193675 3.549893
v 0.810764 5.151750 3.781265
v 0.516868 4.986630 3.509782
v 0.250700 4.506610 2.831889
v 0.481699 4.788527 3.206716
v 0.409112 4.294615 2.838356
v 0.219173 3.613945 2.326159
v 0.085481 3.857625 2.627831
v 0.421793 3.798510 2.587810
v 0.219173 3.613945 2.326159
v 0.421793 3.798510 2.587810
v 0.410131 3.422728 2.328165
v 0.334302 4.968473 3.232537
v 0.362392 5.059995 3.572776
v 0.516868 4.986630 3.509782
v 0.334302 4.968473 3.232537
v 0.516868 4.986630 3.509782
v 0.481699 4.788527 3.206716
v 0.334302 4.968473 3.232537
v 0.237347 4.843593 3.266747
v 0.362392 5.059995 3.572776
v 0.199598 3.957411 2.554625
v 0.085481 3.857625 2.627831
v 0.134070 4.344683 2.880025
v 0.203119 3.485182 1.959657
v 0.012439 3.219031 1.953810
v 0.051442 3.501929 2.353419
v 0.334302 4.968473 3.232537
v 0.481699 4.788527 3.206716
v 0.237347 4.843593 3.266747
v 0.199598 3.957411 2.554625
v 0.134070 4.344683 2.880025
v 0.409112 4.294615 2.838356
v 0.203119 3.485182 1.959657
v 0.051442 3.501929 2.353419
v 0.410131 3.422728 2.328165
v 0.199598 3.957411 2.554625
v 0.421793 3.798510 2.587810
v 0.085481 3.857625 2.627831
v 0.199598 3.957411 2.554625
v 0.409112 4.294615 2.838356
v 0.421793 3.798510 2.587810
v 0.203119 3.485182 1.959657
v 0.496182 3.133451 1.755545
v 0.012439 3.219031 1.953810
v 0.203119 3.485182 1.959657
v 0.410131 3.422728 2.328165
v 0.496182 3.133451 1.755545
v 1.914547 3.103752 -3.255599
v 1.982788 3.036974 -3.220173
v 1.912240 3.099691 -3.258207
v 1.992014 3.053221 -3.209737
v 2.978524 2.015610 -5.097365
v 3.020082 1.893130 -5.042356
v 2.968605 2.018429 -5.095428
v 3.059759 1.881856 -5.050098
v 1.600086 3.382066 -2.171168
v 1.541400 3.362301 -2.258240
v 1.558304 3.384746 -2.155937
v 1.551845 3.361631 -2.262048
v 1.992014 3.053221 -3.209737
v 1.911302 3.107592 -3.247648
v 1.979033 3.068578 -3.177937
v 1.914547 3.103752 -3.255599
v 1.542595 3.341457 -2.258997
v 1.551426 3.342552 -2.157952
v 1.539681 3.351752 -2.258744
v 1.563084 3.301372 -2.158964
v 2.414954 3.309630 -2.426119
v 2.492683 3.249552 -2.393805
v 2.418634 3.312249 -2.426902
v 2.477967 3.239078 -2.390671
v 1.899585 3.094324 -3.249451
v 1.949201 3.047329 -3.173556
v 1.903843 3.102280 -3.246553
v 1.932163 3.015507 -3.185149
v 1.553368 3.341351 -2.262892
v 1.563084 3.301372 -2.158964
v 1.542595 3.341457 -2.258997
v 1.606177 3.300944 -2.174542
v 2.418537 3.310031 -2.440378
v 2.492296 3.240679 -2.447710
v 2.414932 3.306896 -2.443241
v 2.477879 3.228142 -2.459160
v 3.038786 1.968458 -5.021467
v 2.982261 2.034804 -5.091326
v 2.973281 2.037261 -5.090206
v 3.074702 1.958629 -5.025941
v 1.903714 3.090139 -3.258812
v 1.932163 3.015507 -3.185149
v 1.899585 3.094324 -3.249451
v 1.948682 2.998767 -3.222592
v 1.556031 3.351128 -2.265102
v 1.616826 3.340055 -2.183386
v 1.553368 3.341351 -2.262892
v 1.606177 3.300944 -2.174542
v 3.000143 1.928211 -5.031346
v 2.968605 2.018429 -5.095428
v 3.020082 1.893130 -5.042356
v 2.963620 2.027199 -5.092675
v 1.909933 3.095629 -3.260815
v 1.973563 3.020725 -3.230608
v 1.903714 3.090139 -3.258812
v 1.948682 2.998767 -3.222592
v 1.949201 3.047329 -3.173556
v 1.907572 3.104936 -3.247101
v 1.903843 3.102280 -3.246553
v 1.964117 3.057954 -3.175748
v 2.418634 3.312249 -2.426902
v 2.492683 3.249552 -2.393805
v 2.422313 3.314867 -2.427685
v 2.507400 3.260026 -2.396938
v 3.004323 1.959581 -5.031998
v 2.963620 2.027199 -5.092675
v 3.000143 1.928211 -5.031346
v 2.964665 2.035042 -5.092840
v 1.912240 3.099691 -3.258207
v 1.973563 3.020725 -3.230608
v 1.909933 3.095629 -3.260815
v 1.982788 3.036974 -3.220173
v 2.352293 2.647273 -4.241029
v 2.424183 2.596594 -4.188571
v 2.354849 2.650615 -4.241988
v 2.434407 2.609961 -4.192410
v 2.422141 3.313165 -2.437516
v 2.506714 3.253217 -2.436259
v 2.418537 3.310031 -2.440378
v 2.492296 3.240679 -2.447710
v 2.356416 2.645122 -4.253995
v 2.431633 2.572517 -4.250625
v 2.354155 2.641254 -4.256543
v 2.440677 2.587988 -4.240438
v 2.422313 3.314867 -2.427685
v 2.506714 3.253217 -2.436259
v 2.422141 3.313165 -2.437516
v 2.507400 3.260026 -2.396938
v 2.434407 2.609961 -4.192410
v 2.449723 2.603457 -4.230248
v 2.358678 2.648989 -4.251449
v 2.354849 2.650615 -4.241988
v 2.409787 3.301558 -2.429375
v 2.477967 3.239078 -2.390671
v 2.414954 3.309630 -2.426119
v 2.457295 3.206791 -2.403696
v 2.968973 2.036151 -5.091524
v 2.973981 2.027324 -5.096592
v 2.964665 2.035042 -5.092840
v 2.978121 2.031064 -5.093958
v 2.973981 2.027324 -5.096592
v 2.986377 2.023477 -5.096838
v 2.985467 2.020191 -5.098773
v 2.978121 2.031064 -5.093958
v 2.358678 2.648989 -4.251449
v 2.352293 2.647273 -4.241029
v 2.354849 2.650615 -4.241988
v 2.356416 2.645122 -4.253995
v 1.914547 3.103752 -3.255599
v 1.907572 3.104936 -3.247101
v 1.911302 3.107592 -3.247648
v 1.912240 3.099691 -3.258207
v 2.422141 3.313165 -2.437516
v 2.418634 3.312249 -2.426902
v 2.422313 3.314867 -2.427685
v 2.418537 3.310031 -2.440378
v 1.541400 3.362301 -2.258240
v 1.551845 3.361631 -2.262048
v 1.540540 3.357027 -2.258492
v 1.553938 3.356379 -2.263575
v 1.540540 3.357027 -2.258492
v 1.553938 3.356379 -2.263575
v 1.539681 3.351752 -2.258744
v 1.556031 3.351128 -2.265102
v 1.553368 3.341351 -2.262892
v 1.539681 3.351752 -2.258744
v 1.556031 3.351128 -2.265102
v 1.542595 3.341457 -2.258997
v 2.418537 3.310031 -2.440378
v 2.414954 3.309630 -2.426119
v 2.418634 3.312249 -2.426902
v 2.414932 3.306896 -2.443241
v 2.414932 3.306896 -2.443241
v 2.409910 3.299881 -2.441170
v 2.409787 3.301558 -2.429375
v 2.414954 3.309630 -2.426119
v 1.912240 3.099691 -3.258207
v 1.903843 3.102280 -3.246553
v 1.907572 3.104936 -3.247101
v 1.909933 3.095629 -3.260815
v 1.903843 3.102280 -3.246553
v 1.909933 3.095629 -3.260815
v 1.899585 3.094324 -3.249451
v 1.903714 3.090139 -3.258812
v 2.356416 2.645122 -4.253995
v 2.349737 2.643931 -4.240069
v 2.352293 2.647273 -4.241029
v 2.354155 2.641254 -4.256543
v 2.349737 2.643931 -4.240069
v 2.348202 2.635944 -4.254563
v 2.344753 2.637763 -4.242228
v 2.354155 2.641254 -4.256543
v 2.978524 2.015610 -5.097365
v 2.973981 2.027324 -5.096592
v 2.985467 2.020191 -5.098773
v 2.968605 2.018429 -5.095428
v 2.978121 2.031064 -5.093958
v 2.987285 2.026762 -5.094900
v 2.986377 2.023477 -5.096838
v 2.982261 2.034804 -5.091326
v 2.963620 2.027199 -5.092675
v 2.973981 2.027324 -5.096592
v 2.968605 2.018429 -5.095428
v 2.964665 2.035042 -5.092840
v 2.973281 2.037261 -5.090206
v 2.978121 2.031064 -5.093958
v 2.968973 2.036151 -5.091524
v 2.982261 2.034804 -5.091326
v 1.414397 5.042737 5.696079
v 1.321866 5.052604 5.744087
v 1.403121 5.035191 5.718442
v 1.296162 5.071834 5.735821
v 1.424959 4.985896 5.760300
v 1.355095 5.001869 5.790750
v 1.355949 4.997739 5.821573
v 1.402566 4.991549 5.746422
v 1.424959 4.985896 5.760300
v 1.389448 5.027490 5.720323
v 1.402566 4.991549 5.746422
v 1.403121 5.035191 5.718442
v 1.389448 5.027490 5.720323
v 1.321866 5.052604 5.744087
v 1.331134 5.037342 5.737424
v 1.403121 5.035191 5.718442
v 1.321866 5.052604 5.744087
v 1.355095 5.001869 5.790750
v 1.331134 5.037342 5.737424
v 1.355949 4.997739 5.821573
v 1.267406 4.970627 5.530936
v 1.331134 5.037342 5.737424
v 1.238193 4.975780 5.539321
v 1.389448 5.027490 5.720323
v 1.449519 4.971550 5.761649
v 1.355949 4.997739 5.821573
v 1.345584 4.985724 5.850389
v 1.424959 4.985896 5.760300
v 1.296162 5.071834 5.735821
v 1.345584 4.985724 5.850389
v 1.355949 4.997739 5.821573
v 1.321866 5.052604 5.744087
v 1.274238 4.952776 5.544471
v 1.238193 4.975780 5.539321
v 1.250523 4.957945 5.566672
v 1.267406 4.970627 5.530936
v 1.238193 4.975780 5.539321
v 1.331134 5.037342 5.737424
v 1.250523 4.957945 5.566672
v 1.355095 5.001869 5.790750
v 1.402566 4.991549 5.746422
v 1.250523 4.957945 5.566672
v 1.355095 5.001869 5.790750
v 1.274238 4.952776 5.544471
v 1.389448 5.027490 5.720323
v 1.274238 4.952776 5.544471
v 1.402566 4.991549 5.746422
v 1.267406 4.970627 5.530936
v 0.943284 5.234481 3.998119
v 0.607712 5.281987 4.139880
v 0.713621 5.316906 4.099691
v 0.931097 5.291027 4.009792
v 0.777632 5.364220 4.250816
v 1.075290 5.270398 4.213782
v 1.014693 5.341800 4.151279
v 0.706006 5.315013 4.367743
v 0.607712 5.281987 4.139880
v 0.706006 5.315013 4.367743
v 0.777632 5.364220 4.250816
v 0.713621 5.316906 4.099691
v 0.943284 5.234481 3.998119
v 1.014693 5.341800 4.151279
v 1.075290 5.270398 4.213782
v 0.931097 5.291027 4.009792
v 0.799909 4.683448 3.522815
v 0.567730 4.654097 3.252191
v 0.698400 4.841559 3.487637
v 0.677514 4.486664 3.372959
v 0.698400 4.841559 3.487637
v 0.481699 4.788527 3.206716
v 0.516868 4.986630 3.509782
v 0.567730 4.654097 3.252191
v 0.988533 4.663461 3.795829
v 0.880171 4.406948 3.886818
v 0.836900 4.474467 3.711318
v 1.025867 4.648058 4.012378
v 0.727334 4.182710 3.884506
v 0.469220 4.155565 3.830554
v 0.691792 4.242119 3.733632
v 0.527935 4.104896 3.955588
v 0.691792 4.242119 3.733632
v 0.880171 4.406948 3.886818
v 0.727334 4.182710 3.884506
v 0.836900 4.474467 3.711318
v 0.802903 4.566784 3.584205
v 1.000119 4.749561 3.763413
v 0.988533 4.663461 3.795829
v 0.799909 4.683448 3.522815
v 0.732332 4.453920 3.542330
v 0.799909 4.683448 3.522815
v 0.802903 4.566784 3.584205
v 0.677514 4.486664 3.372959
v 0.652041 4.291890 3.576501
v 0.353558 4.168762 3.597204
v 0.613717 4.289934 3.443312
v 0.412434 4.203275 3.713990
v 0.613717 4.289934 3.443312
v 0.732332 4.453920 3.542330
v 0.652041 4.291890 3.576501
v 0.677514 4.486664 3.372959
v 1.000119 4.749561 3.763413
v 1.033956 4.953108 3.991935
v 1.067191 4.737465 3.990172
v 0.911796 4.972365 3.787070
v 0.810764 5.151750 3.781265
v 0.607712 5.281987 4.139880
v 0.943284 5.234481 3.998119
v 0.507741 5.209355 3.908129
v 0.911796 4.972365 3.787070
v 0.943284 5.234481 3.998119
v 1.033956 4.953108 3.991935
v 0.810764 5.151750 3.781265
v 0.768506 4.118330 4.055813
v 0.965590 4.221291 4.243166
v 0.811575 4.054496 4.231521
v 0.913909 4.293147 4.047062
v 0.768506 4.118330 4.055813
v 0.657747 3.993703 4.255861
v 0.591594 4.048961 4.102508
v 0.811575 4.054496 4.231521
v 1.019405 4.454878 4.127402
v 0.965590 4.221291 4.243166
v 0.913909 4.293147 4.047062
v 1.070471 4.448568 4.350867
v 1.115908 5.192129 4.465264
v 0.706006 5.315013 4.367743
v 0.804813 5.220999 4.596794
v 1.075290 5.270398 4.213782
v 1.191760 4.784338 4.442380
v 1.156903 4.943562 4.198625
v 1.171916 4.929903 4.451127
v 1.136454 4.697705 4.222008
v 1.123407 4.793494 4.462242
v 1.227179 4.797346 4.686267
v 1.175921 4.786183 4.699317
v 1.191760 4.784338 4.442380
v 1.070730 5.058757 4.579351
v 1.093497 5.119797 4.455219
v 1.115908 5.192129 4.465264
v 1.096038 5.114564 4.742839
v 1.123110 5.001532 4.311225
v 1.124114 4.991367 4.469215
v 1.171916 4.929903 4.451127
v 1.156903 4.943562 4.198625
v 1.106737 5.098930 4.475501
v 1.070730 5.058757 4.579351
v 1.077020 5.044439 4.567961
v 1.093497 5.119797 4.455219
v 1.130984 5.018871 4.365069
v 1.126763 5.010411 4.479956
v 1.124114 4.991367 4.469215
v 1.123110 5.001532 4.311225
v 1.123110 5.001532 4.311225
v 1.102180 5.144112 4.373206
v 1.130984 5.018871 4.365069
v 1.081989 5.171529 4.321250
v 1.097222 5.001948 4.605765
v 1.124114 4.991367 4.469215
v 1.126763 5.010411 4.479956
v 1.099798 4.981203 4.638127
v 1.097222 5.001948 4.605765
v 1.077020 5.044439 4.567961
v 1.070730 5.058757 4.579351
v 1.099798 4.981203 4.638127
v 1.106737 5.098930 4.475501
v 1.102180 5.144112 4.373206
v 1.093497 5.119797 4.455219
v 1.081989 5.171529 4.321250
v 1.156903 4.943562 4.198625
v 1.081989 5.171529 4.321250
v 1.123110 5.001532 4.311225
v 1.075290 5.270398 4.213782
v 1.099798 4.981203 4.638127
v 1.171916 4.929903 4.451127
v 1.124114 4.991367 4.469215
v 1.161609 4.916246 4.714553
v 1.096038 5.114564 4.742839
v 1.161609 4.916246 4.714553
v 1.099798 4.981203 4.638127
v 1.070730 5.058757 4.579351
v 1.075290 5.270398 4.213782
v 1.115908 5.192129 4.465264
v 1.081989 5.171529 4.321250
v 1.093497 5.119797 4.455219
v 0.996371 3.795994 4.809445
v 0.994991 3.662618 5.037649
v 0.904627 3.754561 4.828171
v 1.084460 3.698659 5.003122
v 1.183552 3.981031 4.901883
v 1.168034 3.781101 4.972400
v 1.108596 3.881886 4.810472
v 1.245036 3.866590 5.072361
v 1.168034 3.781101 4.972400
v 0.996371 3.795994 4.809445
v 1.108596 3.881886 4.810472
v 1.084460 3.698659 5.003122
v 1.328539 4.959689 5.228190
v 1.356462 5.104373 5.492590
v 1.389029 4.957724 5.494919
v 1.271222 5.078651 5.225799
v 1.356462 5.104373 5.492590
v 1.104252 5.109337 5.290943
v 1.214088 5.134265 5.545560
v 1.271222 5.078651 5.225799
v 1.406840 4.815046 5.463042
v 1.328539 4.959689 5.228190
v 1.389029 4.957724 5.494919
v 1.370129 4.845055 5.194119
v 1.087576 4.127216 4.696523
v 1.077464 4.276438 4.472160
v 1.020101 4.277047 4.505413
v 1.131580 4.122229 4.691770
v 1.007668 4.112086 4.417006
v 0.925508 3.893329 4.608337
v 0.854645 3.990664 4.407229
v 1.058019 3.997018 4.614351
v 1.007668 4.112086 4.417006
v 1.131580 4.122229 4.691770
v 1.058019 3.997018 4.614351
v 1.077464 4.276438 4.472160
v 0.854645 3.990664 4.407229
v 0.814264 3.846503 4.618693
v 0.723900 3.938445 4.409215
v 0.925508 3.893329 4.608337
v 1.298654 4.839155 4.940194
v 1.161609 4.916246 4.714553
v 1.245074 4.947749 4.971372
v 1.227179 4.797346 4.686267
v 1.183630 5.096607 4.984319
v 0.903620 5.146839 4.825843
v 1.003936 5.128088 5.058393
v 1.096038 5.114564 4.742839
v 1.161609 4.916246 4.714553
v 1.183630 5.096607 4.984319
v 1.245074 4.947749 4.971372
v 1.096038 5.114564 4.742839
v 0.925508 3.893329 4.608337
v 0.904627 3.754561 4.828171
v 0.814264 3.846503 4.618693
v 0.996371 3.795994 4.809445
v 1.131580 4.122229 4.691770
v 1.108596 3.881886 4.810472
v 1.058019 3.997018 4.614351
v 1.183552 3.981031 4.901883
v 1.058019 3.997018 4.614351
v 0.996371 3.795994 4.809445
v 0.925508 3.893329 4.608337
v 1.108596 3.881886 4.810472
v 1.245074 4.947749 4.971372
v 1.271222 5.078651 5.225799
v 1.328539 4.959689 5.228190
v 1.183630 5.096607 4.984319
v 1.271222 5.078651 5.225799
v 1.003936 5.128088 5.058393
v 1.104252 5.109337 5.290943
v 1.183630 5.096607 4.984319
v 1.370129 4.845055 5.194119
v 1.245074 4.947749 4.971372
v 1.328539 4.959689 5.228190
v 1.298654 4.839155 4.940194
v 0.727334 4.182710 3.884506
v 0.913909 4.293147 4.047062
v 0.768506 4.118330 4.055813
v 0.880171 4.406948 3.886818
v 0.768506 4.118330 4.055813
v 0.527935 4.104896 3.955588
v 0.727334 4.182710 3.884506
v 0.591594 4.048961 4.102508
v 0.880171 4.406948 3.886818
v 1.019405 4.454878 4.127402
v 0.913909 4.293147 4.047062
v 1.025867 4.648058 4.012378
v 0.975670 4.643311 4.022199
v 0.971823 4.453280 4.137099
v 1.019405 4.454878 4.127402
v 1.025867 4.648058 4.012378
v 1.033956 4.953108 3.991935
v 1.075290 5.270398 4.213782
v 1.156903 4.943562 4.198625
v 0.943284 5.234481 3.998119
v 1.051035 4.727269 4.248750
v 1.191760 4.784338 4.442380
v 1.123407 4.793494 4.462242
v 1.136454 4.697705 4.222008
v 1.067191 4.737465 3.990172
v 1.156903 4.943562 4.198625
v 1.136454 4.697705 4.222008
v 1.033956 4.953108 3.991935
v 0.652041 4.291890 3.576501
v 0.836900 4.474467 3.711318
v 0.691792 4.242119 3.733632
v 0.732332 4.453920 3.542330
v 0.691792 4.242119 3.733632
v 0.412434 4.203275 3.713990
v 0.652041 4.291890 3.576501
v 0.469220 4.155565 3.830554
v 0.802903 4.566784 3.584205
v 0.836900 4.474467 3.711318
v 0.732332 4.453920 3.542330
v 0.988533 4.663461 3.795829
v 0.988533 4.663461 3.795829
v 1.067191 4.737465 3.990172
v 1.025867 4.648058 4.012378
v 1.000119 4.749561 3.763413
v 0.633625 3.036039 2.472730
v 0.566519 2.900241 1.880340
v 0.524660 3.229383 2.400914
v 0.633408 2.667031 2.007679
v 0.600901 4.050170 2.993490
v 0.527927 3.654197 2.671868
v 0.505227 4.172393 2.912663
v 0.633049 3.509885 2.764082
v 0.140996 2.824257 -3.731883
v 0.323611 2.911103 -2.522841
v 0.213401 2.669753 -3.755902
v 0.518318 2.724772 -2.387325
v 0.323611 2.911103 -2.522841
v 0.403750 3.115251 -1.500001
v 0.518318 2.724772 -2.387325
v 0.609193 2.874217 -1.500001
v -4.029329 3.660828 -8.091599
v -3.987078 3.655575 -8.106522
v -4.061640 3.661652 -8.107338
v -3.988805 3.660460 -8.098562
v -0.880793 2.954032 -5.991364
v -0.160111 2.718345 -4.958095
v -0.846782 2.880926 -6.041281
v -0.211264 2.831499 -4.914235
v 0.633049 3.509885 2.764082
v 0.524660 3.229383 2.400914
v 0.527927 3.654197 2.671868
v 0.633625 3.036039 2.472730
v 0.677514 4.486664 3.372959
v 0.505227 4.172393 2.912663
v 0.567730 4.654097 3.252191
v 0.600901 4.050170 2.993490
v 0.799909 4.683448 3.522815
v 0.911796 4.972365 3.787070
v 1.000119 4.749561 3.763413
v 0.698400 4.841559 3.487637
v -2.747620 3.427288 -7.593731
v -1.726640 3.113648 -6.880761
v -2.737324 3.403087 -7.621144
v -1.745418 3.159986 -6.844102
v 1.443552 4.820946 5.731964
v 1.389029 4.957724 5.494919
v 1.449519 4.971550 5.761649
v 1.406840 4.815046 5.463042
v 1.191760 4.784338 4.442380
v 1.161609 4.916246 4.714553
v 1.227179 4.797346 4.686267
v 1.171916 4.929903 4.451127
v 1.354827 4.820196 5.871814
v 1.449519 4.971550 5.761649
v 1.345584 4.985724 5.850389
v 1.443552 4.820946 5.731964
v -3.990533 3.665345 -8.090603
v -2.737324 3.403087 -7.621144
v -3.988805 3.660460 -8.098562
v -2.747620 3.427288 -7.593731
v -1.745418 3.159986 -6.844102
v -0.846782 2.880926 -6.041281
v -1.726640 3.113648 -6.880761
v -0.880793 2.954032 -5.991364
v -0.211264 2.831499 -4.914235
v 0.213401 2.669753 -3.755902
v -0.160111 2.718345 -4.958095
v 0.140996 2.824257 -3.731883
v 0.403750 3.115251 -1.500001
v 0.523774 2.759024 -0.652645
v 0.609193 2.874217 -1.500001
v 0.385374 2.977249 -0.499611
v 5.148341 0.657138 -2.920590
v 5.898723 0.448202 -0.646154
v 5.133595 0.631398 -2.939959
v 5.908297 0.502583 -0.628172
v 0.913812 2.972185 1.541518
v 0.566519 2.900241 1.880340
v 0.940276 2.826704 1.634995
v 0.496182 3.133451 1.755545
v 3.094802 1.926466 -5.040239
v 3.975098 1.352890 -4.381506
v 3.091166 1.913322 -5.047989
v 3.962921 1.334904 -4.397676
v 5.622144 0.839809 -0.018043
v 3.154593 3.098483 0.115671
v 5.607613 0.777509 -0.003931
v 3.176322 3.190746 0.090377
v 1.553938 3.356379 -2.263575
v 1.616826 3.340055 -2.183386
v 1.556031 3.351128 -2.265102
v 1.608456 3.361061 -2.177277
v 3.094802 1.926466 -5.040239
v 2.987285 2.026762 -5.094900
v 3.074702 1.958629 -5.025941
v 2.982261 2.034804 -5.091326
v 3.975098 1.352890 -4.381506
v 5.133595 0.631398 -2.939959
v 3.962921 1.334904 -4.397676
v 5.148341 0.657138 -2.920590
v 0.913812 2.972185 1.541518
v 2.575931 3.434376 0.363710
v 2.528994 3.526329 0.319543
v 0.940276 2.826704 1.634995
v 5.802540 0.495142 -0.001532
v 5.607613 0.777509 -0.003931
v 5.753676 0.468504 0.031454
v 5.622144 0.839809 -0.018043
v 5.908297 0.502583 -0.628172
v 5.949050 0.288094 -0.144021
v 5.898723 0.448202 -0.646154
v 5.972637 0.365800 -0.158877
v 3.154593 3.098483 0.115671
v 2.989418 3.170616 0.211986
v 3.132864 3.006220 0.140965
v 3.006089 3.268718 0.184807
v 3.006089 3.268718 0.184807
v 2.621688 3.342263 0.407642
v 2.989418 3.170616 0.211986
v 2.575931 3.434376 0.363710
v 1.907572 3.104936 -3.247101
v 1.964117 3.057954 -3.175748
v 1.911302 3.107592 -3.247648
v 1.979033 3.068578 -3.177937
v 3.021554 1.964020 -5.026732
v 2.973281 2.037261 -5.090206
v 2.968973 2.036151 -5.091524
v 3.038786 1.968458 -5.021467
v 1.551845 3.361631 -2.262048
v 1.608456 3.361061 -2.177277
v 1.553938 3.356379 -2.263575
v 1.600086 3.382066 -2.171168
v 1.540540 3.357027 -2.258492
v 1.554865 3.363649 -2.156944
v 1.541400 3.362301 -2.258240
v 1.558304 3.384746 -2.155937
v 0.569252 0.057416 -0.191216
v 0.547650 0.110282 0.232861
v 0.458742 0.112601 0.138865
v 0.537552 0.067184 -0.372674
v 0.569252 0.057416 -0.191216
v 0.746220 0.056427 -0.133008
v 0.641496 0.110453 0.214244
v 0.547650 0.110282 0.232861
v 0.677103 0.134432 -0.125772
v 0.617536 0.208945 0.223983
v 0.647357 0.170402 0.224894
v 0.728477 0.216171 -0.129945
v 0.617536 0.208945 0.223983
v 0.646822 0.216408 -0.163235
v 0.578783 0.229745 0.225318
v 0.728477 0.216171 -0.129945
v 0.518049 0.223985 0.179549
v 0.576761 0.211011 -0.282891
v 0.480403 0.175316 0.183183
v 0.529564 0.147514 -0.302389
v 0.641496 0.110453 0.214244
v 0.677103 0.134432 -0.125772
v 0.647357 0.170402 0.224894
v 0.746220 0.056427 -0.133008
v 0.578783 0.229745 0.225318
v 0.646822 0.216408 -0.163235
v 0.518049 0.223985 0.179549
v 0.576761 0.211011 -0.282891
v 0.480403 0.175316 0.183183
v 0.529564 0.147514 -0.302389
v 0.458742 0.112601 0.138865
v 0.537552 0.067184 -0.372674
v 0.576761 0.211011 -0.282891
v 0.684171 0.241515 -0.393062
v 0.529564 0.147514 -0.302389
v 0.638566 0.154932 -0.512160
v 0.646822 0.216408 -0.163235
v 0.684171 0.241515 -0.393062
v 0.576761 0.211011 -0.282891
v 0.728477 0.216171 -0.129945
v 0.537552 0.067184 -0.372674
v 0.746220 0.056427 -0.133008
v 0.569252 0.057416 -0.191216
v 0.678252 0.065910 -0.636318
v 2.424698 3.222373 -1.341375
v 2.772619 3.155970 -0.407152
v 2.321893 3.223444 -1.305151
v 2.882859 3.101270 -0.457189
v 2.863876 3.453713 -0.384456
v 2.982826 3.382275 -0.428785
v 2.409471 3.425180 -1.332939
v 2.311591 3.431877 -1.298493
v 1.558304 3.384746 -2.155937
v 2.311591 3.431877 -1.298493
v 1.600086 3.382066 -2.171168
v 2.409471 3.425180 -1.332939
v 2.985467 2.020191 -5.098773
v 3.059759 1.881856 -5.050098
v 2.978524 2.015610 -5.097365
v 3.087531 1.900178 -5.055739
v 2.354155 2.641254 -4.256543
v 2.431633 2.572517 -4.250625
v 2.348202 2.635944 -4.254563
v 2.407821 2.551278 -4.242707
v 3.461792 2.850593 -1.926278
v 4.489373 2.287997 -1.127940
v 3.488757 2.808609 -1.978529
v 4.533578 2.222194 -1.211014
v 4.489373 2.287997 -1.127940
v 5.622146 0.846227 -0.337913
v 4.533578 2.222194 -1.211014
v 5.739939 0.680420 -0.424968
v 3.398016 2.695561 -2.004088
v 4.340912 2.126959 -1.151036
v 3.362902 2.743139 -1.941499
v 4.398108 2.052190 -1.250572
v 4.398108 2.052190 -1.250572
v 5.401669 0.661117 -0.327283
v 4.340912 2.126959 -1.151036
v 5.541206 0.493518 -0.423902
v 2.457791 3.200081 -2.450874
v 3.362902 2.743139 -1.941499
v 2.457295 3.206791 -2.403696
v 3.398016 2.695561 -2.004088
v 3.461792 2.850593 -1.926278
v 2.506714 3.253217 -2.436259
v 2.507400 3.260026 -2.396938
v 3.488757 2.808609 -1.978529
v 2.414932 3.306896 -2.443241
v 2.477879 3.228142 -2.459160
v 2.409910 3.299881 -2.441170
v 2.457791 3.200081 -2.450874
v 2.987285 2.026762 -5.094900
v 3.094802 1.926466 -5.040239
v 2.986377 2.023477 -5.096838
v 3.091166 1.913322 -5.047989
v 3.422439 2.420398 -2.847308
v 4.708274 1.766325 -1.809214
v 3.389402 2.453877 -2.772424
v 4.757830 1.716107 -1.921541
v 5.559094 0.469603 -0.527212
v 4.708274 1.766325 -1.809214
v 4.757830 1.716107 -1.921541
v 5.541206 0.493518 -0.423902
v 4.848881 1.925540 -1.787581
v 4.887826 1.879470 -1.882979
v 3.509103 2.529307 -2.821600
v 3.483140 2.560019 -2.758001
v 5.729128 0.654285 -0.540011
v 4.848881 1.925540 -1.787581
v 5.739939 0.680420 -0.424968
v 4.887826 1.879470 -1.882979
v 1.979033 3.068578 -3.177937
v 3.483140 2.560019 -2.758001
v 1.992014 3.053221 -3.209737
v 3.509103 2.529307 -2.821600
v 1.551426 3.342552 -2.157952
v 1.540540 3.357027 -2.258492
v 1.539681 3.351752 -2.258744
v 1.554865 3.363649 -2.156944
v 2.407821 2.551278 -4.242707
v 2.344753 2.637763 -4.242228
v 2.348202 2.635944 -4.254563
v 2.394023 2.558553 -4.193364
v 3.774260 1.970959 -3.538052
v 4.834870 1.414108 -2.393497
v 3.820119 1.936414 -3.588622
v 4.781083 1.453539 -2.304610
v 5.711384 0.659561 -0.666179
v 4.781083 1.453539 -2.304610
v 5.729128 0.654285 -0.540011
v 4.834870 1.414108 -2.393497
v 4.713316 1.253338 -2.426341
v 3.679711 1.875382 -3.539551
v 3.740408 1.827744 -3.607846
v 4.639542 1.306726 -2.300982
v 5.559094 0.469603 -0.527212
v 4.639542 1.306726 -2.300982
v 5.570683 0.503036 -0.704531
v 4.713316 1.253338 -2.426341
v 2.407821 2.551278 -4.242707
v 3.679711 1.875382 -3.539551
v 2.394023 2.558553 -4.193364
v 3.740408 1.827744 -3.607846
v 2.358678 2.648989 -4.251449
v 2.440677 2.587988 -4.240438
v 2.356416 2.645122 -4.253995
v 2.449723 2.603457 -4.230248
v 3.004323 1.959581 -5.031998
v 2.968973 2.036151 -5.091524
v 2.964665 2.035042 -5.092840
v 3.021554 1.964020 -5.026732
v 2.826585 3.057099 0.149687
v 2.621688 3.342263 0.407642
v 2.560602 3.109200 0.346254
v 2.989418 3.170616 0.211986
v 2.959342 2.900787 0.078353
v 2.989418 3.170616 0.211986
v 2.826585 3.057099 0.149687
v 3.132864 3.006220 0.140965
v 2.994576 3.502891 -0.059743
v 2.982826 3.382275 -0.428785
v 2.863876 3.453713 -0.384456
v 3.151982 3.344675 -0.119752
v 2.528994 3.526329 0.319543
v 2.994576 3.502891 -0.059743
v 2.445929 3.610971 0.065499
v 3.020883 3.366520 0.157246
v 3.020883 3.366520 0.157246
v 3.151982 3.344675 -0.119752
v 2.994576 3.502891 -0.059743
v 3.176322 3.190746 0.090377
v 2.503746 2.977798 0.086343
v 2.826585 3.057099 0.149687
v 2.560602 3.109200 0.346254
v 2.726254 3.032702 -0.088586
v 2.857314 2.901673 -0.153117
v 2.826585 3.057099 0.149687
v 2.726254 3.032702 -0.088586
v 2.959342 2.900787 0.078353
v 2.882859 3.101270 -0.457189
v 2.726254 3.032702 -0.088586
v 2.772619 3.155970 -0.407152
v 2.857314 2.901673 -0.153117
v 3.020883 3.366520 0.157246
v 2.575931 3.434376 0.363710
v 3.006089 3.268718 0.184807
v 2.528994 3.526329 0.319543
v 3.176322 3.190746 0.090377
v 3.006089 3.268718 0.184807
v 3.154593 3.098483 0.115671
v 3.020883 3.366520 0.157246
v 1.606177 3.300944 -2.174542
v 2.321893 3.223444 -1.305151
v 1.563084 3.301372 -2.158964
v 2.424698 3.222373 -1.341375
v 5.898723 0.448202 -0.646154
v 5.926740 0.210141 -0.137029
v 5.889924 0.393108 -0.663945
v 5.949050 0.288094 -0.144021
v 5.594123 0.714065 0.012042
v 5.753676 0.468504 0.031454
v 5.607613 0.777509 -0.003931
v 5.704813 0.441866 0.064439
v 2.449723 2.603457 -4.230248
v 3.774260 1.970959 -3.538052
v 3.820119 1.936414 -3.588622
v 2.434407 2.609961 -4.192410
v 5.889924 0.393108 -0.663945
v 5.834337 0.164629 -0.195233
v 5.778228 0.332305 -0.658930
v 5.926740 0.210141 -0.137029
v 5.477254 0.642275 -0.029429
v 5.704813 0.441866 0.064439
v 5.594123 0.714065 0.012042
v 5.597872 0.386222 0.012160
v 5.836554 0.626110 -0.630370
v 5.870626 0.582810 -0.354224
v 5.908297 0.502583 -0.628172
v 5.972637 0.365800 -0.158877
v 5.870626 0.582810 -0.354224
v 5.802540 0.495142 -0.001532
v 5.972637 0.365800 -0.158877
v 5.765985 0.714987 -0.210003
v 5.765985 0.714987 -0.210003
v 5.622144 0.839809 -0.018043
v 5.802540 0.495142 -0.001532
v 5.604909 0.937561 -0.147197
v 5.477254 0.642275 -0.029429
v 5.561374 0.426104 -0.237724
v 5.597872 0.386222 0.012160
v 5.390889 0.637751 -0.179253
v 5.561374 0.426104 -0.237724
v 5.834337 0.164629 -0.195233
v 5.597872 0.386222 0.012160
v 5.654300 0.325866 -0.404097
v 5.654300 0.325866 -0.404097
v 5.778228 0.332305 -0.658930
v 5.834337 0.164629 -0.195233
v 5.634457 0.374796 -0.685497
v 5.765985 0.714987 -0.210003
v 5.622146 0.846227 -0.337913
v 5.604909 0.937561 -0.147197
v 5.739939 0.680420 -0.424968
v 5.870626 0.582810 -0.354224
v 5.739939 0.680420 -0.424968
v 5.765985 0.714987 -0.210003
v 5.729128 0.654285 -0.540011
v 5.836554 0.626110 -0.630370
v 5.729128 0.654285 -0.540011
v 5.870626 0.582810 -0.354224
v 5.711384 0.659561 -0.666179
v 5.561374 0.426104 -0.237724
v 5.401669 0.661117 -0.327283
v 5.541206 0.493518 -0.423902
v 5.390889 0.637751 -0.179253
v 5.654300 0.325866 -0.404097
v 5.541206 0.493518 -0.423902
v 5.559094 0.469603 -0.527212
v 5.561374 0.426104 -0.237724
v 5.559094 0.469603 -0.527212
v 5.634457 0.374796 -0.685497
v 5.654300 0.325866 -0.404097
v 5.570683 0.503036 -0.704531
v 1.948682 2.998767 -3.222592
v 3.389402 2.453877 -2.772424
v 1.932163 3.015507 -3.185149
v 3.422439 2.420398 -2.847308
v 0.887131 0.145543 0.251726
v 0.916494 0.245762 -0.044061
v 0.847734 0.229663 0.256192
v 0.886497 0.133534 -0.042181
v 0.742667 0.206829 0.265971
v 0.677103 0.134432 -0.125772
v 0.704720 0.145498 0.272272
v 0.728477 0.216171 -0.129945
v 0.903660 0.021168 -0.044780
v 0.722566 0.086995 0.266846
v 0.746220 0.056427 -0.133008
v 0.900003 0.061268 0.249776
v 0.704720 0.145498 0.272272
v 0.677103 0.134432 -0.125772
v 0.722566 0.086995 0.266846
v 0.746220 0.056427 -0.133008
v 0.900003 0.061268 0.249776
v 0.886497 0.133534 -0.042181
v 0.887131 0.145543 0.251726
v 0.903660 0.021168 -0.044780
v 0.916494 0.245762 -0.044061
v 0.742667 0.206829 0.265971
v 0.847734 0.229663 0.256192
v 0.728477 0.216171 -0.129945
v 1.010782 0.229794 0.240712
v 0.886497 0.133534 -0.042181
v 0.950661 0.145592 0.245694
v 0.916494 0.245762 -0.044061
v 1.141104 0.053105 -0.067050
v 0.963533 0.061317 0.243744
v 0.903660 0.021168 -0.044780
v 1.141617 0.085270 0.227042
v 1.141617 0.085270 0.227042
v 1.191872 0.133915 -0.071173
v 1.179692 0.145878 0.223950
v 1.141104 0.053105 -0.067050
v 1.132261 0.204149 0.228956
v 0.916494 0.245762 -0.044061
v 1.010782 0.229794 0.240712
v 1.180621 0.211653 -0.069434
v 0.950661 0.145592 0.245694
v 0.886497 0.133534 -0.042181
v 0.963533 0.061317 0.243744
v 0.903660 0.021168 -0.044780
v 1.179692 0.145878 0.223950
v 1.180621 0.211653 -0.069434
v 1.132261 0.204149 0.228956
v 1.191872 0.133915 -0.071173
v 0.697191 2.016782 -0.751803
v 1.101413 1.442117 -0.831551
v 1.025993 2.134399 -1.130003
v 0.851250 1.477345 -0.712913
v 0.741984 1.610680 -2.086053
v 1.063987 1.279542 -1.382392
v 0.839095 1.258040 -1.511904
v 0.964588 1.771552 -1.979670
v 1.063987 1.279542 -1.382392
v 1.043945 1.900947 -1.536936
v 1.112070 1.362982 -1.102126
v 0.964588 1.771552 -1.979670
v 0.598215 1.447332 -0.819426
v 0.851250 1.477345 -0.712913
v 0.697191 2.016782 -0.751803
v 0.351647 1.820157 -0.896926
v 0.615020 1.284294 -1.385875
v 0.741984 1.610680 -2.086053
v 0.839095 1.258040 -1.511904
v 0.361863 1.603570 -1.888423
v 1.112070 1.362982 -1.102126
v 1.025993 2.134399 -1.130003
v 1.101413 1.442117 -0.831551
v 1.043945 1.900947 -1.536936
v 0.322069 1.550047 -1.299470
v 0.615020 1.284294 -1.385875
v 0.549557 1.363139 -1.107642
v 0.361863 1.603570 -1.888423
v 0.322069 1.550047 -1.299470
v 0.598215 1.447332 -0.819426
v 0.351647 1.820157 -0.896926
v 0.549557 1.363139 -1.107642
v 1.180621 0.211653 -0.069434
v 0.883492 0.264195 -0.363598
v 0.916494 0.245762 -0.044061
v 1.071239 0.240551 -0.436511
v 1.013779 0.438823 -0.702650
v 1.064589 0.158382 -0.547745
v 1.020842 0.301252 -0.789391
v 1.071239 0.240551 -0.436511
v 0.839899 0.107105 -0.911982
v 0.840022 0.021300 -0.678063
v 0.691371 0.168327 -0.874448
v 0.678252 0.065910 -0.636318
v 0.883492 0.264195 -0.363598
v 0.680232 0.445747 -0.696745
v 0.684171 0.241515 -0.393062
v 0.847957 0.499331 -0.667938
v 1.020842 0.301252 -0.789391
v 1.012912 0.061501 -0.649356
v 0.988970 0.161277 -0.877173
v 1.064589 0.158382 -0.547745
v 0.988970 0.161277 -0.877173
v 0.840022 0.021300 -0.678063
v 0.839899 0.107105 -0.911982
v 1.012912 0.061501 -0.649356
v 1.071239 0.240551 -0.436511
v 0.847957 0.499331 -0.667938
v 0.883492 0.264195 -0.363598
v 1.013779 0.438823 -0.702650
v 0.680232 0.445747 -0.696745
v 0.638566 0.154932 -0.512160
v 0.684171 0.241515 -0.393062
v 0.647978 0.302759 -0.788242
v 0.647978 0.302759 -0.788242
v 0.678252 0.065910 -0.636318
v 0.638566 0.154932 -0.512160
v 0.691371 0.168327 -0.874448
v 0.691371 0.168327 -0.874448
v 0.839900 0.670019 -1.213537
v 0.839899 0.107105 -0.911982
v 0.691372 0.699077 -1.151786
v 0.847957 0.499331 -0.667938
v 0.680232 0.837568 -0.866299
v 0.680232 0.445747 -0.696745
v 0.847958 0.862427 -0.813330
v 1.020842 0.301252 -0.789391
v 1.020843 0.765037 -1.013416
v 1.013779 0.438823 -0.702650
v 1.013780 0.832619 -0.874109
v 0.680232 0.445747 -0.696745
v 0.647979 0.765589 -1.012037
v 0.647978 0.302759 -0.788242
v 0.680232 0.837568 -0.866299
v 0.647978 0.302759 -0.788242
v 0.691372 0.699077 -1.151786
v 0.691371 0.168327 -0.874448
v 0.647979 0.765589 -1.012037
v 0.840022 0.021300 -0.678063
v 0.746220 0.056427 -0.133008
v 0.678252 0.065910 -0.636318
v 0.903660 0.021168 -0.044780
v 0.839900 0.670019 -1.213537
v 0.988970 0.161277 -0.877173
v 0.839899 0.107105 -0.911982
v 0.988971 0.696777 -1.156831
v 1.012912 0.061501 -0.649356
v 0.903660 0.021168 -0.044780
v 0.840022 0.021300 -0.678063
v 1.141104 0.053105 -0.067050
v 1.071239 0.240551 -0.436511
v 1.191872 0.133915 -0.071173
v 1.064589 0.158382 -0.547745
v 1.180621 0.211653 -0.069434
v 1.013780 0.832619 -0.874109
v 0.847957 0.499331 -0.667938
v 1.013779 0.438823 -0.702650
v 0.847958 0.862427 -0.813330
v 0.839900 0.670019 -1.213537
v 1.063987 1.279542 -1.382392
v 0.988971 0.696777 -1.156831
v 0.839095 1.258040 -1.511904
v 0.680232 0.837568 -0.866299
v 0.549557 1.363139 -1.107642
v 0.647979 0.765589 -1.012037
v 0.598215 1.447332 -0.819426
v 0.847958 0.862427 -0.813330
v 0.598215 1.447332 -0.819426
v 0.680232 0.837568 -0.866299
v 0.851250 1.477345 -0.712913
v 1.112070 1.362982 -1.102126
v 1.013780 0.832619 -0.874109
v 1.020843 0.765037 -1.013416
v 1.101413 1.442117 -0.831551
v 0.988970 0.161277 -0.877173
v 0.988971 0.696777 -1.156831
v 1.020842 0.301252 -0.789391
v 1.020843 0.765037 -1.013416
v 1.064589 0.158382 -0.547745
v 1.141104 0.053105 -0.067050
v 1.012912 0.061501 -0.649356
v 1.191872 0.133915 -0.071173
v 0.916494 0.245762 -0.044061
v 0.883492 0.264195 -0.363598
v 0.728477 0.216171 -0.129945
v 0.684171 0.241515 -0.393062
v 0.529564 0.147514 -0.302389
v 0.638566 0.154932 -0.512160
v 0.537552 0.067184 -0.372674
v 0.678252 0.065910 -0.636318
v -0.000000 1.743191 -1.500001
v 0.351647 1.820157 -0.896926
v -0.000000 1.887010 -0.786243
v 0.322069 1.550047 -1.299470
v -0.000000 1.743191 -1.500001
v 0.361863 1.603570 -1.888423
v 0.322069 1.550047 -1.299470
v 0.000000 1.844225 -2.169317
v 0.814635 2.601504 -1.545125
v 1.025993 2.134399 -1.130003
v 1.043945 1.900947 -1.536936
v 0.664218 2.549486 -0.829595
v 0.361863 1.603570 -1.888423
v 0.569058 1.941588 -2.489032
v 0.741984 1.610680 -2.086053
v 0.000000 1.844225 -2.169317
v 0.351647 1.820157 -0.896926
v 0.697191 2.016782 -0.751803
v 0.472254 2.162955 -0.539372
v -0.000000 1.887010 -0.786243
v 0.964588 1.771552 -1.979670
v 0.814635 2.601504 -1.545125
v 1.043945 1.900947 -1.536936
v 0.707802 2.513590 -2.237019
v 0.964588 1.771552 -1.979670
v 0.569058 1.941588 -2.489032
v 0.707802 2.513590 -2.237019
v 0.741984 1.610680 -2.086053
v 0.472254 2.162955 -0.539372
v 1.025993 2.134399 -1.130003
v 0.664218 2.549486 -0.829595
v 0.697191 2.016782 -0.751803
v 5.099524 0.733400 -2.876262
v 3.975098 1.352890 -4.381506
v 3.951948 1.396230 -4.333451
v 5.148341 0.657138 -2.920590
v 0.940276 2.826704 1.634995
v 2.621688 3.342263 0.407642
v 2.575931 3.434376 0.363710
v 0.969280 2.681222 1.729370
v 3.962921 1.334904 -4.397676
v 5.118850 0.605658 -2.959330
v 3.950743 1.316917 -4.413843
v 5.133595 0.631398 -2.939959
v 2.445929 3.610971 0.065499
v 0.954081 3.105297 1.114450
v 2.528994 3.526329 0.319543
v 0.913812 2.972185 1.541518
v 3.950743 1.316917 -4.413843
v 5.062945 0.552266 -2.940351
v 3.908838 1.277176 -4.399633
v 5.118850 0.605658 -2.959330
v 2.621688 3.342263 0.407642
v 0.969280 2.681222 1.729370
v 2.560602 3.109200 0.346254
v 0.926288 2.323245 1.602091
v 4.961158 0.584415 -2.911019
v 3.908838 1.277176 -4.399633
v 5.062945 0.552266 -2.940351
v 3.847752 1.285938 -4.361191
v 3.059759 1.881856 -5.050098
v 3.847752 1.285938 -4.361191
v 3.020082 1.893130 -5.042356
v 3.908838 1.277176 -4.399633
v 3.087531 1.900178 -5.055739
v 3.908838 1.277176 -4.399633
v 3.059759 1.881856 -5.050098
v 3.950743 1.316917 -4.413843
v 2.409910 3.299881 -2.441170
v 2.457791 3.200081 -2.450874
v 2.409787 3.301558 -2.429375
v 2.457295 3.206791 -2.403696
v 2.344753 2.637763 -4.242228
v 2.413960 2.583226 -4.184731
v 2.349737 2.643931 -4.240069
v 2.394023 2.558553 -4.193364
v 2.349737 2.643931 -4.240069
v 2.424183 2.596594 -4.188571
v 2.352293 2.647273 -4.241029
v 2.413960 2.583226 -4.184731
v 2.986377 2.023477 -5.096838
v 3.091166 1.913322 -5.047989
v 2.985467 2.020191 -5.098773
v 3.087531 1.900178 -5.055739
v 5.594123 0.714065 0.012042
v 3.132864 3.006220 0.140965
v 5.477254 0.642275 -0.029429
v 2.959342 2.900787 0.078353
v 5.604909 0.937561 -0.147197
v 3.176322 3.190746 0.090377
v 5.622144 0.839809 -0.018043
v 3.151982 3.344675 -0.119752
v 5.477254 0.642275 -0.029429
v 2.959342 2.900787 0.078353
v 5.390889 0.637751 -0.179253
v 2.857314 2.901673 -0.153117
v 5.607613 0.777509 -0.003931
v 3.132864 3.006220 0.140965
v 5.594123 0.714065 0.012042
v 3.154593 3.098483 0.115671
v 1.031462 2.126755 1.191063
v 2.560602 3.109200 0.346254
v 0.926288 2.323245 1.602091
v 2.503746 2.977798 0.086343
v 5.062945 0.552266 -2.940351
v 5.634457 0.374796 -0.685497
v 4.961158 0.584415 -2.911019
v 5.778228 0.332305 -0.658930
v 3.091166 1.913322 -5.047989
v 3.962921 1.334904 -4.397676
v 3.087531 1.900178 -5.055739
v 3.950743 1.316917 -4.413843
v 3.094802 1.926466 -5.040239
v 3.951948 1.396230 -4.333451
v 3.975098 1.352890 -4.381506
v 3.074702 1.958629 -5.025941
v 0.940276 2.826704 1.634995
v 0.633408 2.667031 2.007679
v 0.969280 2.681222 1.729370
v 0.566519 2.900241 1.880340
v 0.926288 2.323245 1.602091
v 0.631738 1.884464 1.257981
v 1.031462 2.126755 1.191063
v 0.556660 2.161787 1.841478
v 0.832108 2.520513 0.404986
v 1.046994 2.206072 0.581903
v 0.674799 1.996410 0.413992
v 1.158684 2.577411 0.560311
v 0.633408 2.667031 2.007679
v 0.556660 2.161787 1.841478
v 0.926288 2.323245 1.602091
v 0.969280 2.681222 1.729370
v 5.118850 0.605658 -2.959330
v 5.889924 0.393108 -0.663945
v 5.062945 0.552266 -2.940351
v 5.778228 0.332305 -0.658930
v 5.836554 0.626110 -0.630370
v 5.148341 0.657138 -2.920590
v 5.099524 0.733400 -2.876262
v 5.908297 0.502583 -0.628172
v 5.133595 0.631398 -2.939959
v 5.889924 0.393108 -0.663945
v 5.118850 0.605658 -2.959330
v 5.898723 0.448202 -0.646154
v 1.242259 3.698819 5.365273
v 1.172549 3.601324 5.196799
v 1.301905 3.771779 5.236666
v 1.225523 3.688608 5.131719
v 1.172549 3.601324 5.196799
v 1.149791 3.665980 5.396502
v 1.085355 3.570675 5.247127
v 1.242259 3.698819 5.365273
v 1.220782 3.774286 5.351092
v 1.166708 3.728788 5.435719
v 1.259446 3.798278 5.417953
v 1.145221 3.753432 5.385908
v 1.220782 3.774286 5.351092
v 1.301905 3.771779 5.236666
v 1.245519 3.790478 5.238605
v 1.259446 3.798278 5.417953
v 1.009530 4.421515 4.352708
v 1.020101 4.277047 4.505413
v 1.077464 4.276438 4.472160
v 1.070471 4.448568 4.350867
v 1.307569 4.747391 5.762262
v 1.360253 4.774063 5.728245
v 1.371662 4.723719 5.799008
v 1.338675 4.688704 5.834370
v 1.225523 3.688608 5.131719
v 1.084460 3.698659 5.003122
v 1.168034 3.781101 4.972400
v 1.172549 3.601324 5.196799
v 1.245036 3.866590 5.072361
v 1.225523 3.688608 5.131719
v 1.168034 3.781101 4.972400
v 1.301905 3.771779 5.236666
v 1.242259 3.698819 5.365273
v 1.301905 3.771779 5.236666
v 1.259446 3.798278 5.417953
v 1.242259 3.698819 5.365273
v 1.166708 3.728788 5.435719
v 1.149791 3.665980 5.396502
v 1.259446 3.798278 5.417953
v 0.965590 4.221291 4.243166
v 1.077464 4.276438 4.472160
v 1.007668 4.112086 4.417006
v 1.070471 4.448568 4.350867
v 1.172549 3.601324 5.196799
v 0.994991 3.662618 5.037649
v 1.084460 3.698659 5.003122
v 1.085355 3.570675 5.247127
v 0.615020 1.284294 -1.385875
v 0.839900 0.670019 -1.213537
v 0.691372 0.699077 -1.151786
v 0.839095 1.258040 -1.511904
v 1.063987 1.279542 -1.382392
v 1.020843 0.765037 -1.013416
v 0.988971 0.696777 -1.156831
v 1.112070 1.362982 -1.102126
v 0.569058 1.941588 -2.489032
v -0.119907 2.134817 -3.715380
v 0.199884 2.252102 -3.776012
v 0.000000 1.844225 -2.169317
v -0.169648 2.402940 -5.001186
v -0.119907 2.134817 -3.715380
v -0.397894 2.300556 -4.897923
v 0.199884 2.252102 -3.776012
v 0.609193 2.874217 -1.500001
v 0.664218 2.549486 -0.829595
v 0.814635 2.601504 -1.545125
v 0.523774 2.759024 -0.652645
v -0.853123 2.662532 -6.097088
v -0.397894 2.300556 -4.897923
v -1.004926 2.570015 -5.991829
v -0.169648 2.402940 -5.001186
v -1.730141 2.970859 -6.928524
v -1.004926 2.570015 -5.991829
v -1.813955 2.904345 -6.863455
v -0.853123 2.662532 -6.097088
v -2.739244 3.320337 -7.657424
v -1.813955 2.904345 -6.863455
v -2.785199 3.270841 -7.609781
v -1.730141 2.970859 -6.928524
v -0.160111 2.718345 -4.958095
v 0.285900 2.515212 -3.779871
v -0.108959 2.605191 -5.001955
v 0.213401 2.669753 -3.755902
v -1.726640 3.113648 -6.880761
v -0.812770 2.807820 -6.091197
v -1.707861 3.067311 -6.917419
v -0.846782 2.880926 -6.041281
v -3.989128 3.641029 -8.110086
v -2.785199 3.270841 -7.609781
v -3.997019 3.625885 -8.097681
v -2.739244 3.320337 -7.657424
v 0.552778 3.844010 3.180263
v 0.633049 3.509885 2.764082
v 0.600901 4.050170 2.993490
v 0.548419 3.266465 2.956297
v -3.988805 3.660460 -8.098562
v -2.727028 3.378886 -7.648558
v -3.987078 3.655575 -8.106522
v -2.737324 3.403087 -7.621144
v 1.354827 4.820196 5.871814
v 1.338675 4.688704 5.834370
v 1.371662 4.723719 5.799008
v 1.443552 4.820946 5.731964
v 1.449519 4.971550 5.761649
v 1.403121 5.035191 5.718442
v 1.424959 4.985896 5.760300
v 1.414397 5.042737 5.696079
v 1.356462 5.104373 5.492590
v 1.296162 5.071834 5.735821
v 1.414397 5.042737 5.696079
v 1.214088 5.134265 5.545560
v 1.096038 5.114564 4.742839
v 0.804813 5.220999 4.596794
v 0.903620 5.146839 4.825843
v 1.115908 5.192129 4.465264
v 0.613717 4.289934 3.443312
v 0.600901 4.050170 2.993490
v 0.677514 4.486664 3.372959
v 0.552778 3.844010 3.180263
v 0.548419 3.266465 2.956297
v 0.633625 3.036039 2.472730
v 0.633049 3.509885 2.764082
v 0.532977 2.709916 2.614490
v 0.631738 1.884464 1.257981
v 1.046994 2.206072 0.581903
v 1.031462 2.126755 1.191063
v 0.674799 1.996410 0.413992
v 0.811575 4.054496 4.231521
v 0.723900 3.938445 4.409215
v 0.657747 3.993703 4.255861
v 0.854645 3.990664 4.407229
v 1.389029 4.957724 5.494919
v 1.414397 5.042737 5.696079
v 1.449519 4.971550 5.761649
v 1.356462 5.104373 5.492590
v -2.737324 3.403087 -7.621144
v -1.707861 3.067311 -6.917419
v -2.727028 3.378886 -7.648558
v -1.726640 3.113648 -6.880761
v -3.989128 3.641029 -8.110086
v -4.061640 3.661652 -8.107338
v -3.987078 3.655575 -8.106522
v -3.997019 3.625885 -8.097681
v 0.911796 4.972365 3.787070
v 0.516868 4.986630 3.509782
v 0.810764 5.151750 3.781265
v 0.698400 4.841559 3.487637
v 0.567730 4.654097 3.252191
v 0.409112 4.294615 2.838356
v 0.481699 4.788527 3.206716
v 0.505227 4.172393 2.912663
v 0.552778 3.844010 3.180263
v 0.353558 4.168762 3.597204
v 0.259802 3.755655 3.326089
v 0.613717 4.289934 3.443312
v 0.854645 3.990664 4.407229
v 0.965590 4.221291 4.243166
v 1.007668 4.112086 4.417006
v 0.811575 4.054496 4.231521
v 0.532977 2.709916 2.614490
v 0.184032 3.162141 3.094681
v 0.105725 2.570149 2.711536
v 0.548419 3.266465 2.956297
v 0.527927 3.654197 2.671868
v 0.410131 3.422728 2.328165
v 0.421793 3.798510 2.587810
v 0.524660 3.229383 2.400914
v 0.000370 1.467432 1.303614
v 0.631738 1.884464 1.257981
v 0.556660 2.161787 1.841478
v 0.044097 1.913415 2.159550
v 0.519208 3.481199 1.172558
v 0.496182 3.133451 1.755545
v 0.913812 2.972185 1.541518
v 0.954081 3.105297 1.114450
v -3.987078 3.655575 -8.106522
v -2.727028 3.378886 -7.648558
v -3.989128 3.641029 -8.110086
v -2.739244 3.320337 -7.657424
v -0.846782 2.880926 -6.041281
v -0.108959 2.605191 -5.001955
v -0.812770 2.807820 -6.091197
v -0.160111 2.718345 -4.958095
v -4.029329 3.660828 -8.091599
v -3.990533 3.665345 -8.090603
v -3.988805 3.660460 -8.098562
v -3.997019 3.660005 -8.075863
v -2.727028 3.378886 -7.648558
v -1.707861 3.067311 -6.917419
v -2.739244 3.320337 -7.657424
v -1.730141 2.970859 -6.928524
v 0.676763 2.879647 0.411532
v 0.956885 3.017714 0.735701
v 1.064612 2.797563 0.723863
v 0.541385 3.238782 0.404536
v 0.633408 2.667031 2.007679
v 0.532977 2.709916 2.614490
v 0.556660 2.161787 1.841478
v 0.633625 3.036039 2.472730
v 0.518318 2.724772 -2.387325
v 0.609193 2.874217 -1.500001
v 0.707802 2.513590 -2.237019
v 0.814635 2.601504 -1.545125
v 0.472254 2.162955 -0.539372
v 0.832108 2.520513 0.404986
v 0.674799 1.996410 0.413992
v 0.664218 2.549486 -0.829595
v -1.707861 3.067311 -6.917419
v -0.812770 2.807820 -6.091197
v -1.730141 2.970859 -6.928524
v -0.853123 2.662532 -6.097088
v 0.213401 2.669753 -3.755902
v 0.518318 2.724772 -2.387325
v 0.285900 2.515212 -3.779871
v 0.707802 2.513590 -2.237019
v -0.812770 2.807820 -6.091197
v -0.108959 2.605191 -5.001955
v -0.853123 2.662532 -6.097088
v -0.169648 2.402940 -5.001186
v 0.505227 4.172393 2.912663
v 0.421793 3.798510 2.587810
v 0.409112 4.294615 2.838356
v 0.527927 3.654197 2.671868
v 0.548419 3.266465 2.956297
v 0.259802 3.755655 3.326089
v 0.184032 3.162141 3.094681
v 0.552778 3.844010 3.180263
v 0.524660 3.229383 2.400914
v 0.496182 3.133451 1.755545
v 0.410131 3.422728 2.328165
v 0.566519 2.900241 1.880340
v 0.956885 3.017714 0.735701
v 0.519208 3.481199 1.172558
v 0.954081 3.105297 1.114450
v 0.541385 3.238782 0.404536
v 0.631738 1.884464 1.257981
v 0.000000 1.652583 0.412530
v 0.674799 1.996410 0.413992
v 0.000370 1.467432 1.303614
v 0.044097 1.913415 2.159550
v 0.556660 2.161787 1.841478
v 0.532977 2.709916 2.614490
v 0.105725 2.570149 2.711536
v -0.108959 2.605191 -5.001955
v 0.285900 2.515212 -3.779871
v -0.169648 2.402940 -5.001186
v 0.199884 2.252102 -3.776012
v 0.285900 2.515212 -3.779871
v 0.569058 1.941588 -2.489032
v 0.199884 2.252102 -3.776012
v 0.707802 2.513590 -2.237019
v 1.013780 0.832619 -0.874109
v 1.101413 1.442117 -0.831551
v 0.847958 0.862427 -0.813330
v 0.851250 1.477345 -0.712913
v 0.647979 0.765589 -1.012037
v 0.615020 1.284294 -1.385875
v 0.691372 0.699077 -1.151786
v 0.549557 1.363139 -1.107642
v 0.385374 2.977249 -0.499611
v 0.676763 2.879647 0.411532
v 0.523774 2.759024 -0.652645
v 0.541385 3.238782 0.404536
v 0.472254 2.162955 -0.539372
v 0.000000 1.652583 0.412530
v -0.000000 1.887010 -0.786243
v 0.674799 1.996410 0.413992
v 0.303065 4.666210 4.060288
v 0.144754 4.657344 4.161140
v 0.381595 4.511217 4.141847
v 0.269615 4.643308 4.326772
v 0.496541 4.621827 3.882161
v 0.303065 4.666210 4.060288
v 0.539699 4.469557 3.982208
v 0.381595 4.511217 4.141847
v 0.256436 4.879537 3.960574
v 0.589358 4.856092 4.097327
v 0.403629 4.890410 4.215044
v 0.453127 4.826315 3.790877
v 0.102601 4.739707 4.145840
v 0.403629 4.890410 4.215044
v 0.245442 4.749584 4.336804
v 0.256436 4.879537 3.960574
v 0.449476 4.342296 4.232970
v 0.546550 4.238005 4.391769
v 0.669061 4.197311 4.282091
v 0.588714 4.300373 4.095833
v 0.355833 4.453278 4.402822
v 0.546550 4.238005 4.391769
v 0.449476 4.342296 4.232970
v 0.486791 4.421514 4.578204
v 0.541346 4.913955 4.468238
v 0.488318 4.793490 4.736201
v 0.382689 4.727264 4.537055
v 0.645856 4.900363 4.679263
v 0.719729 4.897052 4.399550
v 0.645856 4.900363 4.679263
v 0.541346 4.913955 4.468238
v 0.812982 4.888062 4.615726
v 0.870428 3.913846 4.974648
v 0.965626 3.823816 5.189227
v 1.040351 3.810609 5.142803
v 0.943744 3.892828 4.918850
v 0.884882 3.880718 5.208056
v 0.870428 3.913846 4.974648
v 0.799192 3.990589 5.050738
v 0.965626 3.823816 5.189227
v 1.110047 4.851267 5.304374
v 1.143934 4.854348 5.575128
v 1.028089 4.847729 5.342630
v 1.215362 4.852274 5.548510
v 1.028089 4.847729 5.342630
v 1.059021 4.817767 5.563859
v 0.901549 4.843147 5.360417
v 1.143934 4.854348 5.575128
v 0.590613 4.277046 4.690683
v 0.763774 4.017457 4.777105
v 0.645349 4.133786 4.554568
v 0.683323 4.127215 4.870907
v 0.645349 4.133786 4.554568
v 0.763774 4.017457 4.777105
v 0.852622 3.981439 4.707616
v 0.749061 4.092715 4.467542
v 0.775685 4.886769 4.879364
v 0.763139 4.832618 5.148752
v 0.624729 4.786180 4.937087
v 0.901887 4.870776 5.110997
v 0.906235 4.879071 4.831902
v 0.901887 4.870776 5.110997
v 0.775685 4.886769 4.879364
v 1.008141 4.865169 5.068138
v 0.763774 4.017457 4.777105
v 0.870428 3.913846 4.974648
v 0.943744 3.892828 4.918850
v 0.852622 3.981439 4.707616
v 0.763774 4.017457 4.777105
v 0.799192 3.990589 5.050738
v 0.870428 3.913846 4.974648
v 0.683323 4.127215 4.870907
v 1.008141 4.865169 5.068138
v 1.028089 4.847729 5.342630
v 0.901887 4.870776 5.110997
v 1.110047 4.851267 5.304374
v 0.901887 4.870776 5.110997
v 0.901549 4.843147 5.360417
v 0.763139 4.832618 5.148752
v 1.028089 4.847729 5.342630
v 0.539699 4.469557 3.982208
v 0.381595 4.511217 4.141847
v 0.588714 4.300373 4.095833
v 0.449476 4.342296 4.232970
v 0.355833 4.453278 4.402822
v 0.381595 4.511217 4.141847
v 0.269615 4.643308 4.326772
v 0.449476 4.342296 4.232970
v 0.245442 4.749584 4.336804
v 0.541346 4.913955 4.468238
v 0.382689 4.727264 4.537055
v 0.403629 4.890410 4.215044
v 0.403629 4.890410 4.215044
v 0.719729 4.897052 4.399550
v 0.541346 4.913955 4.468238
v 0.589358 4.856092 4.097327
v 0.303065 4.666210 4.060288
v 0.453127 4.826315 3.790877
v 0.256436 4.879537 3.960574
v 0.496541 4.621827 3.882161
v 0.256436 4.879537 3.960574
v 0.102601 4.739707 4.145840
v 0.303065 4.666210 4.060288
v 0.144754 4.657344 4.161140
v 0.969246 3.790477 5.357781
v 0.965626 3.823816 5.189227
v 0.884882 3.880718 5.208056
v 1.068044 3.774286 5.416979
v 0.486791 4.421514 4.578204
v 0.645349 4.133786 4.554568
v 0.546550 4.238005 4.391769
v 0.590613 4.277046 4.690683
v 0.546550 4.238005 4.391769
v 0.645349 4.133786 4.554568
v 0.749061 4.092715 4.467542
v 0.669061 4.197311 4.282091
v 1.068044 3.774286 5.416979
v 1.040351 3.810609 5.142803
v 0.965626 3.823816 5.189227
v 1.145221 3.753432 5.385908
v 0.812982 4.888062 4.615726
v 0.775685 4.886769 4.879364
v 0.645856 4.900363 4.679263
v 0.906235 4.879071 4.831902
v 0.645856 4.900363 4.679263
v 0.624729 4.786180 4.937087
v 0.488318 4.793490 4.736201
v 0.775685 4.886769 4.879364
v 1.143934 4.854348 5.575128
v 1.246673 4.774062 5.777241
v 1.216494 4.828295 5.767301
v 1.059021 4.817767 5.563859
v 1.215362 4.852274 5.548510
v 1.246673 4.774062 5.777241
v 1.143934 4.854348 5.575128
v 1.307569 4.747391 5.762262
v 0.940873 4.657347 3.817716
v 0.737797 4.666213 3.884901
v 0.764314 4.511217 3.976752
v 0.975670 4.643311 4.022199
v 0.737797 4.666213 3.884901
v 0.496541 4.621827 3.882161
v 0.539699 4.469557 3.982208
v 0.764314 4.511217 3.976752
v 0.706456 4.879539 3.776470
v 0.589358 4.856092 4.097327
v 0.453127 4.826315 3.790877
v 0.802436 4.890414 4.043011
v 0.947563 4.739710 3.797445
v 0.802436 4.890414 4.043011
v 0.706456 4.879539 3.776470
v 0.999555 4.749588 4.011501
v 0.784016 4.342297 4.088658
v 0.669061 4.197311 4.282091
v 0.832911 4.238006 4.268241
v 0.588714 4.300373 4.095833
v 0.971823 4.453280 4.137099
v 0.784016 4.342297 4.088658
v 0.832911 4.238006 4.268241
v 1.009530 4.421515 4.352708
v 1.123407 4.793494 4.462242
v 0.973883 4.900365 4.537759
v 0.892104 4.913958 4.316933
v 1.051035 4.727269 4.248750
v 0.973883 4.900365 4.537759
v 0.812982 4.888062 4.615726
v 0.719729 4.897052 4.399550
v 0.892104 4.913958 4.316933
v 1.034641 3.913846 4.903811
v 1.040351 3.810609 5.142803
v 1.125397 3.823816 5.120306
v 0.943744 3.892828 4.918850
v 1.194502 3.880718 5.074494
v 1.034641 3.913846 4.903811
v 1.125397 3.823816 5.120306
v 1.138872 3.990590 4.904209
v 1.283738 4.854349 5.514821
v 1.110047 4.851267 5.304374
v 1.194117 4.847730 5.271010
v 1.215362 4.852274 5.548510
v 1.194117 4.847730 5.271010
v 1.293889 4.843148 5.191172
v 1.333811 4.817768 5.445323
v 1.283738 4.854349 5.514821
v 1.020101 4.277047 4.505413
v 0.883532 4.133787 4.451823
v 0.964138 4.017457 4.690673
v 1.087576 4.127216 4.696523
v 0.883532 4.133787 4.451823
v 0.852622 3.981439 4.707616
v 0.964138 4.017457 4.690673
v 0.749061 4.092715 4.467542
v 1.030344 4.886771 4.769511
v 1.175921 4.786183 4.699317
v 1.234905 4.832620 4.945244
v 1.112230 4.870777 5.020261
v 1.112230 4.870777 5.020261
v 0.906235 4.879071 4.831902
v 1.030344 4.886771 4.769511
v 1.008141 4.865169 5.068138
v 0.964138 4.017457 4.690673
v 0.943744 3.892828 4.918850
v 1.034641 3.913846 4.903811
v 0.852622 3.981439 4.707616
v 0.964138 4.017457 4.690673
v 1.138872 3.990590 4.904209
v 1.087576 4.127216 4.696523
v 1.034641 3.913846 4.903811
v 1.008141 4.865169 5.068138
v 1.112230 4.870777 5.020261
v 1.194117 4.847730 5.271010
v 1.110047 4.851267 5.304374
v 1.112230 4.870777 5.020261
v 1.234905 4.832620 4.945244
v 1.293889 4.843148 5.191172
v 1.194117 4.847730 5.271010
v 0.764314 4.511217 3.976752
v 0.539699 4.469557 3.982208
v 0.588714 4.300373 4.095833
v 0.784016 4.342297 4.088658
v 0.764314 4.511217 3.976752
v 0.971823 4.453280 4.137099
v 0.975670 4.643311 4.022199
v 0.784016 4.342297 4.088658
v 0.999555 4.749588 4.011501
v 0.892104 4.913958 4.316933
v 0.802436 4.890414 4.043011
v 1.051035 4.727269 4.248750
v 0.802436 4.890414 4.043011
v 0.719729 4.897052 4.399550
v 0.589358 4.856092 4.097327
v 0.892104 4.913958 4.316933
v 0.737797 4.666213 3.884901
v 0.453127 4.826315 3.790877
v 0.496541 4.621827 3.882161
v 0.706456 4.879539 3.776470
v 0.947563 4.739710 3.797445
v 0.706456 4.879539 3.776470
v 0.737797 4.666213 3.884901
v 0.940873 4.657347 3.817716
v 1.245519 3.790478 5.238605
v 1.125397 3.823816 5.120306
v 1.220782 3.774286 5.351092
v 1.194502 3.880718 5.074494
v 1.009530 4.421515 4.352708
v 0.832911 4.238006 4.268241
v 0.883532 4.133787 4.451823
v 1.020101 4.277047 4.505413
v 0.832911 4.238006 4.268241
v 0.749061 4.092715 4.467542
v 0.883532 4.133787 4.451823
v 0.669061 4.197311 4.282091
v 1.220782 3.774286 5.351092
v 1.040351 3.810609 5.142803
v 1.145221 3.753432 5.385908
v 1.125397 3.823816 5.120306
v 0.812982 4.888062 4.615726
v 0.973883 4.900365 4.537759
v 1.030344 4.886771 4.769511
v 0.906235 4.879071 4.831902
v 0.973883 4.900365 4.537759
v 1.123407 4.793494 4.462242
v 1.175921 4.786183 4.699317
v 1.030344 4.886771 4.769511
v 1.283738 4.854349 5.514821
v 1.333811 4.817768 5.445323
v 1.373732 4.828296 5.699473
v 1.360253 4.774063 5.728245
v 1.215362 4.852274 5.548510
v 1.283738 4.854349 5.514821
v 1.360253 4.774063 5.728245
v 1.307569 4.747391 5.762262
v 0.412435 5.018867 4.675032
v 0.498899 5.010406 4.750801
v 0.509401 5.098926 4.733177
v 0.438118 5.144108 4.659664
v 0.498899 5.010406 4.750801
v 0.610684 5.001946 4.815645
v 0.597048 5.044436 4.775009
v 0.509401 5.098926 4.733177
v 1.130984 5.018871 4.365069
v 1.106737 5.098930 4.475501
v 1.126763 5.010411 4.479956
v 1.102180 5.144112 4.373206
v 1.126763 5.010411 4.479956
v 1.106737 5.098930 4.475501
v 1.077020 5.044439 4.567961
v 1.097222 5.001948 4.605765
v 0.848654 3.866590 5.243350
v 0.843631 4.014444 5.195671
v 0.766840 3.981031 5.081642
v 0.766840 3.981031 5.081642
v 0.843631 4.014444 5.195671
v 0.799192 3.990589 5.050738
v 0.799192 3.990589 5.050738
v 0.843631 4.014444 5.195671
v 0.884882 3.880718 5.208056
v 0.624729 4.786180 4.937087
v 0.654983 4.713210 5.034300
v 0.580063 4.797342 4.965417
v 0.715719 4.839153 5.191657
v 0.654983 4.713210 5.034300
v 0.763139 4.832618 5.148752
v 0.763139 4.832618 5.148752
v 0.654983 4.713210 5.034300
v 0.624729 4.786180 4.937087
v 0.901549 4.843147 5.360417
v 0.811029 4.740047 5.280857
v 0.763139 4.832618 5.148752
v 0.763139 4.832618 5.148752
v 0.811029 4.740047 5.280857
v 0.715719 4.839153 5.191657
v 1.216494 4.828295 5.767301
v 1.125466 4.720567 5.701347
v 1.059021 4.817767 5.563859
v 0.715719 4.839153 5.191657
v 0.811029 4.740047 5.280857
v 0.851376 4.845054 5.417897
v 1.021796 4.815044 5.629140
v 1.125466 4.720567 5.701347
v 1.192216 4.820945 5.840384
v 1.192216 4.820945 5.840384
v 1.125466 4.720567 5.701347
v 1.216494 4.828295 5.767301
v 1.059021 4.817767 5.563859
v 0.954527 4.723595 5.498867
v 0.901549 4.843147 5.360417
v 0.580063 4.797342 4.965417
v 0.654983 4.713210 5.034300
v 0.715719 4.839153 5.191657
v 0.969246 3.790477 5.357781
v 0.926072 3.913556 5.349908
v 0.929143 3.771778 5.397466
v 0.884882 3.880718 5.208056
v 0.926072 3.913556 5.349908
v 0.969246 3.790477 5.357781
v 0.929143 3.771778 5.397466
v 0.926072 3.913556 5.349908
v 0.848654 3.866590 5.243350
v 0.649669 4.122228 4.899654
v 0.734372 4.156686 5.021071
v 0.683323 4.127215 4.870907
v 0.799192 3.990589 5.050738
v 0.734372 4.156686 5.021071
v 0.766840 3.981031 5.081642
v 0.766840 3.981031 5.081642
v 0.734372 4.156686 5.021071
v 0.649669 4.122228 4.899654
v 1.021796 4.815044 5.629140
v 0.954527 4.723595 5.498867
v 1.059021 4.817767 5.563859
v 0.884882 3.880718 5.208056
v 0.843631 4.014444 5.195671
v 0.848654 3.866590 5.243350
v 0.851376 4.845054 5.417897
v 0.811029 4.740047 5.280857
v 0.901549 4.843147 5.360417
v 1.059021 4.817767 5.563859
v 1.125466 4.720567 5.701347
v 1.021796 4.815044 5.629140
v 0.683323 4.127215 4.870907
v 0.734372 4.156686 5.021071
v 0.799192 3.990589 5.050738
v 0.851376 4.845054 5.417897
v 0.954527 4.723595 5.498867
v 1.021796 4.815044 5.629140
v 0.848654 3.866590 5.243350
v 0.926072 3.913556 5.349908
v 0.884882 3.880718 5.208056
v 0.901549 4.843147 5.360417
v 0.954527 4.723595 5.498867
v 0.851376 4.845054 5.417897
v 1.245036 3.866590 5.072361
v 1.183552 3.981031 4.901883
v 1.213801 4.014445 5.035990
v 1.183552 3.981031 4.901883
v 1.138872 3.990590 4.904209
v 1.213801 4.014445 5.035990
v 1.138872 3.990590 4.904209
v 1.194502 3.880718 5.074494
v 1.213801 4.014445 5.035990
v 1.175921 4.786183 4.699317
v 1.227179 4.797346 4.686267
v 1.225872 4.713212 4.788033
v 1.298654 4.839155 4.940194
v 1.234905 4.832620 4.945244
v 1.225872 4.713212 4.788033
v 1.234905 4.832620 4.945244
v 1.175921 4.786183 4.699317
v 1.225872 4.713212 4.788033
v 1.293889 4.843148 5.191172
v 1.234905 4.832620 4.945244
v 1.298134 4.740049 5.070732
v 1.234905 4.832620 4.945244
v 1.298654 4.839155 4.940194
v 1.298134 4.740049 5.070732
v 1.373732 4.828296 5.699473
v 1.333811 4.817768 5.445323
v 1.388224 4.720569 5.588000
v 1.298654 4.839155 4.940194
v 1.370129 4.845055 5.194119
v 1.298134 4.740049 5.070732
v 1.406840 4.815046 5.463042
v 1.443552 4.820946 5.731964
v 1.388224 4.720569 5.588000
v 1.443552 4.820946 5.731964
v 1.373732 4.828296 5.699473
v 1.388224 4.720569 5.588000
v 1.333811 4.817768 5.445323
v 1.293889 4.843148 5.191172
v 1.358243 4.723597 5.324714
v 1.227179 4.797346 4.686267
v 1.298654 4.839155 4.940194
v 1.225872 4.713212 4.788033
v 1.245519 3.790478 5.238605
v 1.301905 3.771779 5.236666
v 1.269418 3.913557 5.201797
v 1.194502 3.880718 5.074494
v 1.245519 3.790478 5.238605
v 1.269418 3.913557 5.201797
v 1.301905 3.771779 5.236666
v 1.245036 3.866590 5.072361
v 1.269418 3.913557 5.201797
v 1.131580 4.122229 4.691770
v 1.087576 4.127216 4.696523
v 1.161773 4.156687 4.836702
v 1.138872 3.990590 4.904209
v 1.183552 3.981031 4.901883
v 1.161773 4.156687 4.836702
v 1.183552 3.981031 4.901883
v 1.131580 4.122229 4.691770
v 1.161773 4.156687 4.836702
v 1.406840 4.815046 5.463042
v 1.333811 4.817768 5.445323
v 1.358243 4.723597 5.324714
v 1.194502 3.880718 5.074494
v 1.245036 3.866590 5.072361
v 1.213801 4.014445 5.035990
v 1.370129 4.845055 5.194119
v 1.293889 4.843148 5.191172
v 1.298134 4.740049 5.070732
v 1.333811 4.817768 5.445323
v 1.406840 4.815046 5.463042
v 1.388224 4.720569 5.588000
v 1.087576 4.127216 4.696523
v 1.138872 3.990590 4.904209
v 1.161773 4.156687 4.836702
v 1.370129 4.845055 5.194119
v 1.406840 4.815046 5.463042
v 1.358243 4.723597 5.324714
v 1.245036 3.866590 5.072361
v 1.194502 3.880718 5.074494
v 1.269418 3.913557 5.201797
v 1.293889 4.843148 5.191172
v 1.370129 4.845055 5.194119
v 1.358243 4.723597 5.324714
v 0.144754 4.657344 4.161140
v 0.245442 4.749584 4.336804
v 0.269615 4.643308 4.326772
v 0.102601 4.739707 4.145840
v 0.245442 4.749584 4.336804
v 0.304622 4.697699 4.580838
v 0.183515 4.737461 4.371366
v 0.382689 4.727264 4.537055
v 0.486791 4.421514 4.578204
v 0.316128 4.454876 4.430778
v 0.443632 4.448567 4.621269
v 0.355833 4.453278 4.402822
v -8.338530 1.958347 0.447635
v -9.139325 1.235435 1.131682
v -8.331091 1.974728 0.457700
v -9.143377 1.231654 1.113972
v -9.139325 1.235435 1.131682
v -7.670449 1.330066 1.834875
v -8.331091 1.974728 0.457700
v -8.353600 0.726343 1.951093
v -6.473705 0.924671 2.885855
v -8.353600 0.726343 1.951093
v -6.840331 0.232887 3.052428
v -7.670449 1.330066 1.834875
v -6.473705 0.924671 2.885855
v -6.840331 0.232887 3.052428
v -4.716325 0.413817 3.807478
v -8.280217 1.991131 0.444318
v -7.034955 2.697178 -0.104337
v -7.043133 2.680320 -0.114679
v -8.274026 1.978836 0.433904
v -7.034955 2.697178 -0.104337
v -8.280217 1.991131 0.444318
v -6.762380 2.163180 1.428187
v -7.604398 1.391895 1.777756
v -5.920322 1.548950 2.875381
v -7.604398 1.391895 1.777756
v -6.351397 1.001694 2.819748
v -6.762380 2.163180 1.428187
v -5.920322 1.548950 2.875381
v -6.351397 1.001694 2.819748
v -4.528016 0.418358 3.825224
v -6.990745 2.721871 -0.118414
v -6.097986 3.062661 0.433891
v -6.106650 3.050013 0.417732
v -6.986294 2.711699 -0.133141
v -5.768141 2.591576 1.454264
v -6.990745 2.721871 -0.118414
v -6.673960 2.212566 1.400034
v -6.097986 3.062661 0.433891
v -5.768141 2.591576 1.454264
v -5.787690 1.623029 2.833152
v -5.136409 1.995230 2.573709
v -6.673960 2.212566 1.400034
v -5.136409 1.995230 2.573709
v -5.787690 1.623029 2.833152
v -4.396465 0.489703 3.810363
v -6.045185 3.074016 0.442121
v -3.995465 3.201873 -1.098100
v -6.039489 3.064114 0.427783
v -3.986684 3.223513 -1.099903
v -5.694928 2.652524 1.427943
v -3.986684 3.223513 -1.099903
v -6.045185 3.074016 0.442121
v -3.903239 3.214020 0.064579
v -5.694928 2.652524 1.427943
v -5.019693 2.090979 2.530110
v -3.986684 3.223513 -1.099903
v -3.588402 3.144326 1.216509
v -5.019693 2.090979 2.530110
v -4.255919 0.681930 3.695013
v -3.903239 3.214020 0.064579
v -3.933579 3.208963 -1.130506
v -3.432911 3.262333 -1.016849
v -3.399647 3.183671 -1.044714
v -3.936389 3.229847 -1.126780
v -3.432911 3.262333 -1.016849
v -0.527380 2.759119 -0.653291
v -3.399647 3.183671 -1.044714
v -0.664218 2.526925 -0.796753
v -0.812627 2.883895 0.381246
v -2.991758 3.296465 0.783483
v -1.267435 2.784273 0.851634
v -3.225771 3.266114 0.113560
v -0.527380 2.759119 -0.653291
v -3.432911 3.262333 -1.016849
v -3.225771 3.266114 0.113560
v -0.812627 2.883895 0.381246
v -3.792156 3.228821 0.002703
v -3.432911 3.262333 -1.016849
v -3.936389 3.229847 -1.126780
v -3.225771 3.266114 0.113560
v -3.471003 3.249803 1.068545
v -3.225771 3.266114 0.113560
v -3.792156 3.228821 0.002703
v -2.991758 3.296465 0.783483
v -3.439473 3.164007 0.955434
v -3.792740 3.176075 -0.003851
v -3.286882 3.145406 0.133265
v -3.038181 3.136592 0.796008
v -1.379777 2.561392 0.713101
v -3.286882 3.145406 0.133265
v -0.959527 2.521866 0.399771
v -3.038181 3.136592 0.796008
v -0.664218 2.526925 -0.796753
v -3.286882 3.145406 0.133265
v -3.399647 3.183671 -1.044714
v -0.959527 2.521866 0.399771
v -3.399647 3.183671 -1.044714
v -3.792740 3.176075 -0.003851
v -3.933579 3.208963 -1.130506
v -3.286882 3.145406 0.133265
v -6.039489 3.064114 0.427783
v -3.995465 3.201873 -1.098100
v -5.690301 2.634732 1.396669
v -5.690301 2.634732 1.396669
v -3.995465 3.201873 -1.098100
v -3.925190 3.159920 0.069084
v -5.012494 2.064992 2.482473
v -3.630448 3.118881 1.084728
v -5.012494 2.064992 2.482473
v -3.925190 3.159920 0.069084
v -4.283950 0.672880 3.611219
v -6.986294 2.711699 -0.133141
v -6.106650 3.050013 0.417732
v -5.783362 2.557940 1.430936
v -6.665058 2.192224 1.370579
v -5.783362 2.557940 1.430936
v -5.774337 1.592514 2.788970
v -6.665058 2.192224 1.370579
v -5.160845 1.944298 2.539115
v -4.358601 0.471829 3.737736
v -5.774337 1.592514 2.788970
v -5.160845 1.944298 2.539115
v -6.778737 2.129465 1.407503
v -7.593854 1.372993 1.748138
v -8.274026 1.978836 0.433904
v -7.043133 2.680320 -0.114679
v -5.944856 1.498376 2.844355
v -7.593854 1.372993 1.748138
v -6.778737 2.129465 1.407503
v -6.331044 0.971098 2.776661
v -4.516359 0.359380 3.797590
v -6.331044 0.971098 2.776661
v -5.944856 1.498376 2.844355
v -9.143377 1.231654 1.113972
v -7.678590 1.292359 1.820431
v -8.352551 0.722659 1.917325
v -8.338530 1.958347 0.447635
v -8.352551 0.722659 1.917325
v -6.490712 0.870573 2.861247
v -6.842789 0.231883 3.003185
v -7.678590 1.292359 1.820431
v -6.842789 0.231883 3.003185
v -6.490712 0.870573 2.861247
v -4.759349 0.354256 3.776088
v -7.670449 1.330066 1.834875
v -8.323653 1.991109 0.467764
v -8.331091 1.974728 0.457700
v -7.662308 1.367773 1.849318
v -6.762380 2.163180 1.428187
v -7.026777 2.714036 -0.093995
v -7.034955 2.697178 -0.104337
v -6.746025 2.196897 1.448871
v -3.464399 3.320658 1.105996
v -2.928818 3.438792 0.767150
v -2.991758 3.296465 0.783483
v -3.471003 3.249803 1.068545
v -4.716325 0.413817 3.807478
v -6.456701 0.978769 2.910464
v -6.473705 0.924671 2.885855
v -4.689770 0.433315 3.870006
v -6.473705 0.924671 2.885855
v -7.662308 1.367773 1.849318
v -7.670449 1.330066 1.834875
v -6.456701 0.978769 2.910464
v -4.561124 0.452439 3.879690
v -5.895788 1.599523 2.906407
v -5.920322 1.548950 2.875381
v -4.528016 0.418358 3.825224
v -5.920322 1.548950 2.875381
v -6.746025 2.196897 1.448871
v -6.762380 2.163180 1.428187
v -5.895788 1.599523 2.906407
v -5.768141 2.591576 1.454264
v -6.089323 3.075310 0.450050
v -6.097986 3.062661 0.433891
v -5.752920 2.625211 1.477592
v -4.429365 0.509584 3.881333
v -5.111972 2.046164 2.608302
v -5.136409 1.995230 2.573709
v -4.396465 0.489703 3.810363
v -5.136409 1.995230 2.573709
v -5.752920 2.625211 1.477592
v -5.768141 2.591576 1.454264
v -5.111972 2.046164 2.608302
v -3.903239 3.214020 0.064579
v -3.977903 3.245152 -1.101705
v -3.986684 3.223513 -1.099903
v -3.881286 3.268119 0.060073
v -3.588402 3.144326 1.216509
v -3.881286 3.268119 0.060073
v -3.903239 3.214020 0.064579
v -3.562517 3.245503 1.198868
v -3.791571 3.281567 0.009257
v -3.471003 3.249803 1.068545
v -3.792156 3.228821 0.002703
v -3.464399 3.320658 1.105996
v -3.790383 3.072782 0.007924
v -3.439473 3.164007 0.955434
v -3.443489 3.017420 0.968078
v -3.792740 3.176075 -0.003851
v -3.630448 3.118881 1.084728
v -3.885016 3.064605 0.061402
v -3.565730 2.965187 1.074227
v -3.925190 3.159920 0.069084
v -3.925190 3.159920 0.069084
v -3.979395 3.163747 -1.101174
v -3.885016 3.064605 0.061402
v -3.995465 3.201873 -1.098100
v -3.939430 3.167166 -1.123331
v -3.792740 3.176075 -0.003851
v -3.790383 3.072782 0.007924
v -3.933579 3.208963 -1.130506
v -5.699553 2.670316 1.459217
v -5.026892 2.116967 2.577746
v -5.019693 2.090979 2.530110
v -5.694928 2.652524 1.427943
v -5.026892 2.116967 2.577746
v -4.255919 0.681930 3.695013
v -5.019693 2.090979 2.530110
v -4.306338 0.688078 3.776518
v -5.690301 2.634732 1.396669
v -5.020759 1.959237 2.424152
v -5.695297 2.565074 1.356927
v -5.012494 2.064992 2.482473
v -5.020759 1.959237 2.424152
v -4.283950 0.672880 3.611219
v -4.261403 0.507741 3.557820
v -5.012494 2.064992 2.482473
v -5.123500 1.878354 2.465034
v -5.783362 2.557940 1.430936
v -5.759753 2.513676 1.381781
v -5.160845 1.944298 2.539115
v -4.358601 0.471829 3.737736
v -5.160845 1.944298 2.539115
v -5.123500 1.878354 2.465034
v -4.390639 0.329045 3.680424
v -5.759753 2.513676 1.381781
v -6.106650 3.050013 0.417732
v -6.094223 3.022939 0.398439
v -5.783362 2.557940 1.430936
v -5.908586 1.435830 2.771818
v -6.778737 2.129465 1.407503
v -6.754557 2.087768 1.359144
v -5.944856 1.498376 2.844355
v -4.516359 0.359380 3.797590
v -5.944856 1.498376 2.844355
v -5.908586 1.435830 2.771818
v -4.513067 0.279435 3.703349
v -6.682862 2.232910 1.429488
v -5.787690 1.623029 2.833152
v -6.673960 2.212566 1.400034
v -5.801044 1.653543 2.877335
v -5.787690 1.623029 2.833152
v -4.429365 0.509584 3.881333
v -4.396465 0.489703 3.810363
v -5.801044 1.653543 2.877335
v -6.665058 2.192224 1.370579
v -5.774337 1.592514 2.788970
v -5.796353 1.495484 2.733868
v -6.679734 2.127537 1.333844
v -5.796353 1.495484 2.733868
v -4.358601 0.471829 3.737736
v -4.390639 0.329045 3.680424
v -5.774337 1.592514 2.788970
v -6.986294 2.711699 -0.133141
v -6.665058 2.192224 1.370579
v -6.679734 2.127537 1.333844
v -6.993633 2.679356 -0.151508
v -6.995196 2.732042 -0.103686
v -6.682862 2.232910 1.429488
v -6.673960 2.212566 1.400034
v -6.990745 2.721871 -0.118414
v -6.754557 2.087768 1.359144
v -7.043133 2.680320 -0.114679
v -7.031044 2.659471 -0.138858
v -6.778737 2.129465 1.407503
v -7.614942 1.410797 1.807373
v -6.371750 1.032289 2.862837
v -6.351397 1.001694 2.819748
v -7.604398 1.391895 1.777756
v -6.371750 1.032289 2.862837
v -4.561124 0.452439 3.879690
v -4.528016 0.418358 3.825224
v -6.351397 1.001694 2.819748
v -7.593854 1.372993 1.748138
v -6.340409 0.893011 2.717165
v -7.598235 1.319679 1.709930
v -6.331044 0.971098 2.776661
v -6.331044 0.971098 2.776661
v -4.513067 0.279435 3.703349
v -6.340409 0.893011 2.717165
v -4.516359 0.359380 3.797590
v -6.460423 0.819812 2.782325
v -7.678590 1.292359 1.820431
v -7.662001 1.260650 1.765312
v -6.490712 0.870573 2.861247
v -4.759349 0.354256 3.776088
v -6.460423 0.819812 2.782325
v -4.698646 0.283944 3.717259
v -6.490712 0.870573 2.861247
v -7.662001 1.260650 1.765312
v -8.338530 1.958347 0.447635
v -8.326519 1.939360 0.423633
v -7.678590 1.292359 1.820431
v -8.274026 1.978836 0.433904
v -7.593854 1.372993 1.748138
v -7.598235 1.319679 1.709930
v -8.278086 1.953989 0.412765
v -8.286409 2.003425 0.454734
v -7.614942 1.410797 1.807373
v -7.604398 1.391895 1.777756
v -8.280217 1.991131 0.444318
v -1.267435 2.784273 0.851634
v -2.991758 3.296465 0.783483
v -2.928818 3.438792 0.767150
v -1.181117 3.010896 0.807569
v -3.939199 3.250731 -1.123054
v -3.791571 3.281567 0.009257
v -3.792156 3.228821 0.002703
v -3.936389 3.229847 -1.126780
v -2.928818 3.438792 0.767150
v -3.211870 3.360417 1.378924
v -2.833953 3.495156 1.094703
v -3.464399 3.320658 1.105996
v -2.941694 2.901757 0.772507
v -3.197646 2.895714 1.093988
v -3.443489 3.017420 0.968078
v -2.834144 2.860640 1.135026
v -3.443489 3.017420 0.968078
v -3.038181 3.136592 0.796008
v -2.941694 2.901757 0.772507
v -3.439473 3.164007 0.955434
v -6.842789 0.231883 3.003185
v -4.698646 0.283944 3.717259
v -6.838861 0.149199 2.996564
v -4.759349 0.354256 3.776088
v -6.039489 3.064114 0.427783
v -5.690301 2.634732 1.396669
v -5.695297 2.565074 1.356927
v -6.047841 3.031846 0.404794
v -6.050880 3.083917 0.456460
v -5.694928 2.652524 1.427943
v -6.045185 3.074016 0.442121
v -5.699553 2.670316 1.459217
v -8.355468 0.666307 1.906804
v -6.842789 0.231883 3.003185
v -6.838861 0.149199 2.996564
v -8.352551 0.722659 1.917325
v -1.181117 3.010896 0.807569
v -2.928818 3.438792 0.767150
v -2.833953 3.495156 1.094703
v -0.980591 3.104023 1.127076
v -8.391870 0.607174 1.926630
v -6.838861 0.149199 2.996564
v -6.873682 0.058461 3.035157
v -8.355468 0.666307 1.906804
v -6.837873 0.233891 3.101671
v -8.354649 0.730026 1.984860
v -8.385077 0.711442 2.040087
v -6.867130 0.199069 3.185942
v -8.354649 0.730026 1.984860
v -6.837873 0.233891 3.101671
v -6.840331 0.232887 3.052428
v -8.353600 0.726343 1.951093
v -3.565730 2.965187 1.074227
v -4.283950 0.672880 3.611219
v -3.630448 3.118881 1.084728
v -4.261403 0.507741 3.557820
v -1.222817 2.198744 0.655728
v -2.834144 2.860640 1.135026
v -2.941694 2.901757 0.772507
v -1.020453 2.126149 1.195833
v -8.353600 0.726343 1.951093
v -9.139325 1.235435 1.131682
v -9.135275 1.239215 1.149391
v -8.354649 0.730026 1.984860
v -8.354649 0.730026 1.984860
v -9.135275 1.239215 1.149391
v -9.138946 1.225841 1.184239
v -8.385077 0.711442 2.040087
v -2.941694 2.901757 0.772507
v -1.379777 2.561392 0.713101
v -1.222817 2.198744 0.655728
v -3.038181 3.136592 0.796008
v -3.562517 3.245503 1.198868
v -4.086882 0.770478 3.810000
v -3.315263 3.203082 1.510062
v -4.306338 0.688078 3.776518
v -3.296663 2.766318 1.200850
v -4.076547 0.474698 3.588071
v -4.261403 0.507741 3.557820
v -3.565730 2.965187 1.074227
v -4.255919 0.681930 3.695013
v -3.562517 3.245503 1.198868
v -3.588402 3.144326 1.216509
v -4.306338 0.688078 3.776518
v -6.837873 0.233891 3.101671
v -4.716325 0.413817 3.807478
v -6.840331 0.232887 3.052428
v -4.689770 0.433315 3.870006
v -4.689770 0.433315 3.870006
v -6.837873 0.233891 3.101671
v -6.867130 0.199069 3.185942
v -4.652472 0.395455 3.994628
v -9.143092 1.163325 1.124093
v -8.355468 0.666307 1.906804
v -8.391870 0.607174 1.926630
v -9.137497 1.201258 1.107380
v -9.137497 1.201258 1.107380
v -8.352551 0.722659 1.917325
v -8.355468 0.666307 1.906804
v -9.143377 1.231654 1.113972
v -4.698646 0.283944 3.717259
v -6.873682 0.058461 3.035157
v -6.838861 0.149199 2.996564
v -4.660753 0.155088 3.772608
v 1.192216 4.820945 5.840384
v 1.216494 4.828295 5.767301
v 1.246673 4.774062 5.777241
v 1.290317 4.723719 5.834098
v 0.228025 4.648055 4.356545
v 0.269615 4.643308 4.326772
v 0.245442 4.749584 4.336804
v 0.183515 4.737461 4.371366
v 0.940873 4.657347 3.817716
v 0.975670 4.643311 4.022199
v 0.999555 4.749588 4.011501
v 0.947563 4.739710 3.797445
v 0.999555 4.749588 4.011501
v 1.136454 4.697705 4.222008
v 1.051035 4.727269 4.248750
v 1.067191 4.737465 3.990172
v 1.009530 4.421515 4.352708
v 1.019405 4.454878 4.127402
v 0.971823 4.453280 4.137099
v 1.070471 4.448568 4.350867
v 2.431633 2.572517 -4.250625
v 3.021554 1.964020 -5.026732
v 3.004323 1.959581 -5.031998
v 2.440677 2.587988 -4.240438
v 3.807564 1.899805 -3.602726
v 3.021554 1.964020 -5.026732
v 2.440677 2.587988 -4.240438
v 3.861290 1.398776 -4.303322
v 4.813241 1.362218 -2.419207
v 3.861290 1.398776 -4.303322
v 3.807564 1.899805 -3.602726
v 4.963052 0.751837 -2.849364
v 4.813241 1.362218 -2.419207
v 5.650039 0.640619 -0.697569
v 4.963052 0.751837 -2.849364
v 1.982788 3.036974 -3.220173
v 2.424183 2.596594 -4.188571
v 1.973563 3.020725 -3.230608
v 2.413960 2.583226 -4.184731
v 2.424183 2.596594 -4.188571
v 1.982788 3.036974 -3.220173
v 3.490651 2.496810 -2.842471
v 3.744913 1.949836 -3.531875
v 4.860148 1.830725 -1.914286
v 3.744913 1.949836 -3.531875
v 3.490651 2.496810 -2.842471
v 4.738262 1.419034 -2.291100
v 4.860148 1.830725 -1.914286
v 5.674551 0.615229 -0.515365
v 4.738262 1.419034 -2.291100
v 2.492296 3.240679 -2.447710
v 1.964117 3.057954 -3.175748
v 2.477879 3.228142 -2.459160
v 1.949201 3.047329 -3.173556
v 1.964117 3.057954 -3.175748
v 3.468755 2.775292 -1.998459
v 3.453308 2.538771 -2.753620
v 2.492296 3.240679 -2.447710
v 3.468755 2.775292 -1.998459
v 4.504212 2.171828 -1.242460
v 4.804133 1.893667 -1.781009
v 3.453308 2.538771 -2.753620
v 4.504212 2.171828 -1.242460
v 5.665800 0.657581 -0.405078
v 4.804133 1.893667 -1.781009
v 1.616826 3.340055 -2.183386
v 2.492683 3.249552 -2.393805
v 2.477967 3.239078 -2.390671
v 1.608456 3.361061 -2.177277
v 3.430687 2.831938 -1.926976
v 2.492683 3.249552 -2.393805
v 1.608456 3.361061 -2.177277
v 3.430687 2.831938 -1.926976
v 2.430397 3.372665 -1.348212
v 4.441941 2.260685 -1.128799
v 1.608456 3.361061 -2.177277
v 4.441941 2.260685 -1.128799
v 2.982642 3.273992 -0.449857
v 5.528934 0.838980 -0.283297
v 2.430397 3.372665 -1.348212
v 1.366336 3.366599 -1.719129
v 1.551426 3.342552 -2.157952
v 1.393352 3.284555 -1.723102
v 1.554865 3.363649 -2.156944
v 0.523774 2.759024 -0.652645
v 1.366336 3.366599 -1.719129
v 1.393352 3.284555 -1.723102
v 0.664218 2.549486 -0.829595
v 1.064612 2.797563 0.723863
v 2.400492 3.414039 -0.273084
v 0.676763 2.879647 0.411532
v 2.055583 3.383638 -0.833227
v 1.366336 3.366599 -1.719129
v 0.523774 2.759024 -0.652645
v 2.055583 3.383638 -0.833227
v 0.676763 2.879647 0.411532
v 2.310096 3.379135 -1.304934
v 1.366336 3.366599 -1.719129
v 2.055583 3.383638 -0.833227
v 1.554865 3.363649 -2.156944
v 2.836071 3.381658 -0.399809
v 2.055583 3.383638 -0.833227
v 2.400492 3.414039 -0.273084
v 2.310096 3.379135 -1.304934
v 2.308601 3.326392 -1.311374
v 2.792490 3.310160 -0.417310
v 2.118161 3.267438 -0.866779
v 2.461761 3.258131 -0.296865
v 2.118161 3.267438 -0.866779
v 1.158684 2.577411 0.560311
v 0.832108 2.520513 0.404986
v 2.461761 3.258131 -0.296865
v 0.664218 2.549486 -0.829595
v 2.118161 3.267438 -0.866779
v 0.832108 2.520513 0.404986
v 1.393352 3.284555 -1.723102
v 1.393352 3.284555 -1.723102
v 2.308601 3.326392 -1.311374
v 2.118161 3.267438 -0.866779
v 1.551426 3.342552 -2.157952
v 2.477967 3.239078 -2.390671
v 3.399582 2.813282 -1.927673
v 1.616826 3.340055 -2.183386
v 3.399582 2.813282 -1.927673
v 2.451322 3.320150 -1.363484
v 1.616826 3.340055 -2.183386
v 4.394510 2.233373 -1.129659
v 5.461197 0.825860 -0.376849
v 2.995841 3.275321 -0.492795
v 4.394510 2.233373 -1.129659
v 2.451322 3.320150 -1.363484
v 1.949201 3.047329 -3.173556
v 3.448753 2.741976 -2.018388
v 2.477879 3.228142 -2.459160
v 3.423475 2.517523 -2.749238
v 3.448753 2.741976 -2.018388
v 4.759383 1.861794 -1.774437
v 4.474842 2.121464 -1.273903
v 3.423475 2.517523 -2.749238
v 5.589090 0.636311 -0.378791
v 4.474842 2.121464 -1.273903
v 4.759383 1.861794 -1.774437
v 3.715565 1.928711 -3.525698
v 3.472200 2.464314 -2.863343
v 2.413960 2.583226 -4.184731
v 1.973563 3.020725 -3.230608
v 4.832470 1.781981 -1.945593
v 3.715565 1.928711 -3.525698
v 4.695440 1.384528 -2.277590
v 3.472200 2.464314 -2.863343
v 5.661298 0.542906 -0.523176
v 4.832470 1.781981 -1.945593
v 4.695440 1.384528 -2.277590
v 3.795009 1.863196 -3.616827
v 3.004323 1.959581 -5.031998
v 3.827931 1.392344 -4.304143
v 2.431633 2.572517 -4.250625
v 3.827931 1.392344 -4.304143
v 4.914136 0.747404 -2.853788
v 4.791611 1.310328 -2.444916
v 3.795009 1.863196 -3.616827
v 4.914136 0.747404 -2.853788
v 5.634427 0.583598 -0.753791
v 4.791611 1.310328 -2.444916
v 2.449723 2.603457 -4.230248
v 3.807564 1.899805 -3.602726
v 2.440677 2.587988 -4.240438
v 3.820119 1.936414 -3.588622
v 1.992014 3.053221 -3.209737
v 3.490651 2.496810 -2.842471
v 1.982788 3.036974 -3.220173
v 3.509103 2.529307 -2.821600
v 2.336534 3.552081 -0.256945
v 2.863876 3.453713 -0.384456
v 2.400492 3.414039 -0.273084
v 2.836071 3.381658 -0.399809
v 4.834870 1.414108 -2.393497
v 5.650039 0.640619 -0.697569
v 4.813241 1.362218 -2.419207
v 5.711384 0.659561 -0.666179
v 3.820119 1.936414 -3.588622
v 4.813241 1.362218 -2.419207
v 3.807564 1.899805 -3.602726
v 4.834870 1.414108 -2.393497
v 4.887826 1.879470 -1.882979
v 5.729128 0.654285 -0.540011
v 4.860148 1.830725 -1.914286
v 5.674551 0.615229 -0.515365
v 3.509103 2.529307 -2.821600
v 4.860148 1.830725 -1.914286
v 3.490651 2.496810 -2.842471
v 4.887826 1.879470 -1.882979
v 2.506714 3.253217 -2.436259
v 3.468755 2.775292 -1.998459
v 2.492296 3.240679 -2.447710
v 3.488757 2.808609 -1.978529
v 4.533578 2.222194 -1.211014
v 5.739939 0.680420 -0.424968
v 4.504212 2.171828 -1.242460
v 5.665800 0.657581 -0.405078
v 3.488757 2.808609 -1.978529
v 4.504212 2.171828 -1.242460
v 3.468755 2.775292 -1.998459
v 4.533578 2.222194 -1.211014
v 1.600086 3.382066 -2.171168
v 2.430397 3.372665 -1.348212
v 1.608456 3.361061 -2.177277
v 2.409471 3.425180 -1.332939
v 2.409471 3.425180 -1.332939
v 2.982642 3.273992 -0.449857
v 2.430397 3.372665 -1.348212
v 2.982826 3.382275 -0.428785
v 2.836071 3.381658 -0.399809
v 2.311591 3.431877 -1.298493
v 2.310096 3.379135 -1.304934
v 2.863876 3.453713 -0.384456
v 2.321893 3.223444 -1.305151
v 2.792490 3.310160 -0.417310
v 2.308601 3.326392 -1.311374
v 2.772619 3.155970 -0.407152
v 2.451322 3.320150 -1.363484
v 2.995841 3.275321 -0.492795
v 2.424698 3.222373 -1.341375
v 2.882859 3.101270 -0.457189
v 1.616826 3.340055 -2.183386
v 2.451322 3.320150 -1.363484
v 1.606177 3.300944 -2.174542
v 2.424698 3.222373 -1.341375
v 1.563084 3.301372 -2.158964
v 2.308601 3.326392 -1.311374
v 1.551426 3.342552 -2.157952
v 2.321893 3.223444 -1.305151
v 3.430687 2.831938 -1.926976
v 4.441941 2.260685 -1.128799
v 3.461792 2.850593 -1.926278
v 4.489373 2.287997 -1.127940
v 5.528934 0.838980 -0.283297
v 4.489373 2.287997 -1.127940
v 4.441941 2.260685 -1.128799
v 5.622146 0.846227 -0.337913
v 3.362902 2.743139 -1.941499
v 4.340912 2.126959 -1.151036
v 3.399582 2.813282 -1.927673
v 4.394510 2.233373 -1.129659
v 4.340912 2.126959 -1.151036
v 5.461197 0.825860 -0.376849
v 4.394510 2.233373 -1.129659
v 5.401669 0.661117 -0.327283
v 3.448753 2.741976 -2.018388
v 4.398108 2.052190 -1.250572
v 3.398016 2.695561 -2.004088
v 4.474842 2.121464 -1.273903
v 4.474842 2.121464 -1.273903
v 5.589090 0.636311 -0.378791
v 4.398108 2.052190 -1.250572
v 5.541206 0.493518 -0.423902
v 2.477879 3.228142 -2.459160
v 3.398016 2.695561 -2.004088
v 2.457791 3.200081 -2.450874
v 3.448753 2.741976 -2.018388
v 3.472200 2.464314 -2.863343
v 4.757830 1.716107 -1.921541
v 3.422439 2.420398 -2.847308
v 4.832470 1.781981 -1.945593
v 4.832470 1.781981 -1.945593
v 5.661298 0.542906 -0.523176
v 4.757830 1.716107 -1.921541
v 5.559094 0.469603 -0.527212
v 3.453308 2.538771 -2.753620
v 4.804133 1.893667 -1.781009
v 3.483140 2.560019 -2.758001
v 4.848881 1.925540 -1.787581
v 4.804133 1.893667 -1.781009
v 5.739939 0.680420 -0.424968
v 4.848881 1.925540 -1.787581
v 5.665800 0.657581 -0.405078
v 3.389402 2.453877 -2.772424
v 4.708274 1.766325 -1.809214
v 3.423475 2.517523 -2.749238
v 4.759383 1.861794 -1.774437
v 4.708274 1.766325 -1.809214
v 5.589090 0.636311 -0.378791
v 4.759383 1.861794 -1.774437
v 5.541206 0.493518 -0.423902
v 1.932163 3.015507 -3.185149
v 3.389402 2.453877 -2.772424
v 1.949201 3.047329 -3.173556
v 3.423475 2.517523 -2.749238
v 1.964117 3.057954 -3.175748
v 3.453308 2.538771 -2.753620
v 1.979033 3.068578 -3.177937
v 3.483140 2.560019 -2.758001
v 1.973563 3.020725 -3.230608
v 3.422439 2.420398 -2.847308
v 1.948682 2.998767 -3.222592
v 3.472200 2.464314 -2.863343
v 3.744913 1.949836 -3.531875
v 4.738262 1.419034 -2.291100
v 3.774260 1.970959 -3.538052
v 4.781083 1.453539 -2.304610
v 4.738262 1.419034 -2.291100
v 5.674551 0.615229 -0.515365
v 4.781083 1.453539 -2.304610
v 5.729128 0.654285 -0.540011
v 3.679711 1.875382 -3.539551
v 4.639542 1.306726 -2.300982
v 3.715565 1.928711 -3.525698
v 4.695440 1.384528 -2.277590
v 4.639542 1.306726 -2.300982
v 5.559094 0.469603 -0.527212
v 4.695440 1.384528 -2.277590
v 5.661298 0.542906 -0.523176
v 3.795009 1.863196 -3.616827
v 4.713316 1.253338 -2.426341
v 3.740408 1.827744 -3.607846
v 4.791611 1.310328 -2.444916
v 4.791611 1.310328 -2.444916
v 5.634427 0.583598 -0.753791
v 4.713316 1.253338 -2.426341
v 5.570683 0.503036 -0.704531
v 2.431633 2.572517 -4.250625
v 3.740408 1.827744 -3.607846
v 2.407821 2.551278 -4.242707
v 3.795009 1.863196 -3.616827
v 2.394023 2.558553 -4.193364
v 3.679711 1.875382 -3.539551
v 2.413960 2.583226 -4.184731
v 3.715565 1.928711 -3.525698
v 2.424183 2.596594 -4.188571
v 3.744913 1.949836 -3.531875
v 2.434407 2.609961 -4.192410
v 3.774260 1.970959 -3.538052
v 1.064612 2.797563 0.723863
v 2.336534 3.552081 -0.256945
v 2.400492 3.414039 -0.273084
v 0.956885 3.017714 0.735701
v 2.310096 3.379135 -1.304934
v 1.558304 3.384746 -2.155937
v 1.554865 3.363649 -2.156944
v 2.311591 3.431877 -1.298493
v 2.994576 3.502891 -0.059743
v 2.336534 3.552081 -0.256945
v 2.445929 3.610971 0.065499
v 2.863876 3.453713 -0.384456
v 2.387339 3.017282 -0.271504
v 2.726254 3.032702 -0.088586
v 2.503746 2.977798 0.086343
v 2.772619 3.155970 -0.407152
v 2.461761 3.258131 -0.296865
v 2.772619 3.155970 -0.407152
v 2.387339 3.017282 -0.271504
v 2.792490 3.310160 -0.417310
v 4.914136 0.747404 -2.853788
v 5.570683 0.503036 -0.704531
v 5.634427 0.583598 -0.753791
v 4.914324 0.664932 -2.863491
v 2.457295 3.206791 -2.403696
v 3.362902 2.743139 -1.941499
v 2.477967 3.239078 -2.390671
v 3.399582 2.813282 -1.927673
v 2.492683 3.249552 -2.393805
v 3.430687 2.831938 -1.926976
v 2.507400 3.260026 -2.396938
v 3.461792 2.850593 -1.926278
v 4.914136 0.747404 -2.853788
v 3.822206 1.336581 -4.316495
v 4.914324 0.664932 -2.863491
v 3.827931 1.392344 -4.304143
v 2.336534 3.552081 -0.256945
v 0.956885 3.017714 0.735701
v 2.445929 3.610971 0.065499
v 0.954081 3.105297 1.114450
v 4.914324 0.664932 -2.863491
v 3.847752 1.285938 -4.361191
v 4.961158 0.584415 -2.911019
v 3.822206 1.336581 -4.316495
v 5.011967 0.756271 -2.844940
v 3.951948 1.396230 -4.333451
v 3.894649 1.405208 -4.302503
v 5.099524 0.733400 -2.876262
v 3.861290 1.398776 -4.303322
v 4.963052 0.751837 -2.849364
v 3.894649 1.405208 -4.302503
v 5.011967 0.756271 -2.844940
v 5.461197 0.825860 -0.376849
v 2.882859 3.101270 -0.457189
v 2.995841 3.275321 -0.492795
v 5.401669 0.661117 -0.327283
v 1.046994 2.206072 0.581903
v 2.503746 2.977798 0.086343
v 1.031462 2.126755 1.191063
v 2.387339 3.017282 -0.271504
v 3.894649 1.405208 -4.302503
v 3.038786 1.968458 -5.021467
v 3.861290 1.398776 -4.303322
v 3.021554 1.964020 -5.026732
v 3.074702 1.958629 -5.025941
v 3.894649 1.405208 -4.302503
v 3.951948 1.396230 -4.333451
v 3.038786 1.968458 -5.021467
v 1.158684 2.577411 0.560311
v 2.387339 3.017282 -0.271504
v 1.046994 2.206072 0.581903
v 2.461761 3.258131 -0.296865
v 5.622146 0.846227 -0.337913
v 2.982826 3.382275 -0.428785
v 5.604909 0.937561 -0.147197
v 3.151982 3.344675 -0.119752
v 2.857314 2.901673 -0.153117
v 5.401669 0.661117 -0.327283
v 5.390889 0.637751 -0.179253
v 2.882859 3.101270 -0.457189
v 2.982826 3.382275 -0.428785
v 5.528934 0.838980 -0.283297
v 2.982642 3.273992 -0.449857
v 5.622146 0.846227 -0.337913
v 5.711384 0.659561 -0.666179
v 5.011967 0.756271 -2.844940
v 5.650039 0.640619 -0.697569
v 4.963052 0.751837 -2.849364
v 5.711384 0.659561 -0.666179
v 5.099524 0.733400 -2.876262
v 5.011967 0.756271 -2.844940
v 5.836554 0.626110 -0.630370
v 3.020082 1.893130 -5.042356
v 3.822206 1.336581 -4.316495
v 3.000143 1.928211 -5.031346
v 3.847752 1.285938 -4.361191
v 3.827931 1.392344 -4.304143
v 3.000143 1.928211 -5.031346
v 3.822206 1.336581 -4.316495
v 3.004323 1.959581 -5.031998
v 4.961158 0.584415 -2.911019
v 5.570683 0.503036 -0.704531
v 4.914324 0.664932 -2.863491
v 5.634457 0.374796 -0.685497
v 1.443552 4.820946 5.731964
v 1.360253 4.774063 5.728245
v 1.373732 4.828296 5.699473
v 1.371662 4.723719 5.799008
v 1.025867 4.648058 4.012378
v 0.999555 4.749588 4.011501
v 0.975670 4.643311 4.022199
v 1.067191 4.737465 3.990172
v 0.227654 5.377847 4.263707
v 0.336725 5.341797 4.443737
v 0.264256 5.495319 4.361831
v 0.291174 5.291026 4.285840
v 0.505802 5.316905 4.189340
v 0.357643 5.378325 4.199213
v 0.406074 5.489120 4.301239
v 0.571804 5.364219 4.339605
v 0.406074 5.489120 4.301239
v 0.336725 5.341797 4.443737
v 0.571804 5.364219 4.339605
v 0.264256 5.495319 4.361831
v 0.357643 5.378325 4.199213
v 0.505802 5.316905 4.189340
v 0.291174 5.291026 4.285840
v 0.227654 5.377847 4.263707
v 0.240317 5.748072 4.104877
v 0.222401 5.693966 4.029051
v 0.237193 5.754520 4.098267
v 0.234897 5.668173 4.055492
v 0.240317 5.748072 4.104877
v 0.200595 5.668414 4.071939
v 0.234897 5.668173 4.055492
v 0.231741 5.748132 4.108989
v 0.200595 5.668414 4.071939
v 0.228996 5.754043 4.101808
v 0.189615 5.692057 4.043214
v 0.231741 5.748132 4.108989
v 0.228996 5.754043 4.101808
v 0.231741 5.748132 4.108989
v 0.240317 5.748072 4.104877
v 0.237193 5.754520 4.098267
v 0.234897 5.668173 4.055492
v 0.200242 5.576827 4.117740
v 0.269334 5.574340 4.085980
v 0.200595 5.668414 4.071939
v 0.200595 5.668414 4.071939
v 0.172174 5.566696 4.046130
v 0.200242 5.576827 4.117740
v 0.189615 5.692057 4.043214
v 0.189615 5.692057 4.043214
v 0.236679 5.569366 4.015331
v 0.172174 5.566696 4.046130
v 0.222401 5.693966 4.029051
v 0.189615 5.692057 4.043214
v 0.228996 5.754043 4.101808
v 0.237193 5.754520 4.098267
v 0.222401 5.693966 4.029051
v 0.357643 5.378325 4.199213
v 0.236679 5.569366 4.015331
v 0.269334 5.574340 4.085980
v 0.406074 5.489120 4.301239
v 0.172174 5.566696 4.046130
v 0.357643 5.378325 4.199213
v 0.227654 5.377847 4.263707
v 0.236679 5.569366 4.015331
v 0.200242 5.576827 4.117740
v 0.227654 5.377847 4.263707
v 0.264256 5.495319 4.361831
v 0.172174 5.566696 4.046130
v 0.236679 5.569366 4.015331
v 0.222401 5.693966 4.029051
v 0.234897 5.668173 4.055492
v 0.269334 5.574340 4.085980
v 0.200242 5.576827 4.117740
v 0.406074 5.489120 4.301239
v 0.269334 5.574340 4.085980
v 0.264256 5.495319 4.361831
v -3.871210 0.087874 4.078689
v -3.971536 0.287297 3.988490
v -4.014350 0.315105 4.028226
v -3.877658 0.089399 4.047085
v -3.970789 -0.002028 4.122076
v -4.182843 0.032289 4.109027
v -4.001389 -0.021311 4.096325
v -4.191862 0.110756 4.130940
v -3.831580 -0.021941 4.055080
v -3.839285 -0.106733 4.027979
v -3.817990 -0.083704 4.005178
v -3.853873 -0.043627 4.076745
v -3.871210 0.087874 4.078689
v -3.831580 -0.021941 4.055080
v -3.877658 0.089399 4.047085
v -3.817990 -0.083704 4.005178
v -4.001389 -0.021311 4.096325
v -3.839285 -0.106733 4.027979
v -3.970789 -0.002028 4.122076
v -3.824696 -0.169838 3.979212
v -3.970789 -0.002028 4.122076
v -3.853873 -0.043627 4.076745
v -3.940190 0.017256 4.147825
v -3.839285 -0.106733 4.027979
v -3.871210 0.087874 4.078689
v -3.853873 -0.043627 4.076745
v -3.831580 -0.021941 4.055080
v -3.940190 0.017256 4.147825
v -3.877658 0.089399 4.047085
v -3.817990 -0.083704 4.005178
v -3.884106 0.090922 4.015481
v -3.804399 -0.145466 3.955275
v -3.932704 -0.064708 3.997665
v -3.918932 0.077299 3.947178
v -3.879647 -0.035331 3.966341
v -4.031122 -0.032867 4.037655
v -3.804399 -0.145466 3.955275
v -3.839285 -0.106733 4.027979
v -3.824696 -0.169838 3.979212
v -3.817990 -0.083704 4.005178
v -3.879647 -0.035331 3.966341
v -3.824696 -0.169838 3.979212
v -3.932704 -0.064708 3.997665
v -3.804399 -0.145466 3.955275
v -3.928724 0.259488 3.948753
v -3.918932 0.077299 3.947178
v -3.955138 0.208499 3.830567
v -3.884106 0.090922 4.015481
v -3.940190 0.017256 4.147825
v -4.191862 0.110756 4.130940
v -3.970789 -0.002028 4.122076
v -4.206340 0.188771 4.152769
v -4.031122 -0.032867 4.037655
v -4.182843 0.032289 4.109027
v -4.214618 -0.009996 4.004616
v -4.001389 -0.021311 4.096325
v -3.877658 0.089399 4.047085
v -3.928724 0.259488 3.948753
v -3.971536 0.287297 3.988490
v -3.884106 0.090922 4.015481
v -4.031122 -0.032867 4.037655
v -3.932704 -0.064708 3.997665
v -4.001389 -0.021311 4.096325
v -3.824696 -0.169838 3.979212
v -3.884106 0.090922 4.015481
v -3.879647 -0.035331 3.966341
v -3.918932 0.077299 3.947178
v -3.804399 -0.145466 3.955275
v -0.480406 0.196821 -1.951482
v -0.491541 0.014778 -1.861891
v -0.458745 0.169091 -2.032219
v -0.497342 0.032650 -1.806310
v -0.578786 0.217547 -1.871992
v -0.556954 0.038236 -1.735217
v -0.522687 0.058816 -1.786445
v -0.518052 0.240861 -1.931412
v -0.611236 0.027787 -1.772911
v -0.641499 0.121125 -1.942829
v -0.613410 -0.013541 -1.793781
v -0.647360 0.162985 -1.887906
v -0.480406 0.196821 -1.951482
v -0.522687 0.058816 -1.786445
v -0.497342 0.032650 -1.806310
v -0.518052 0.240861 -1.931412
v -0.611236 0.027787 -1.772911
v -0.550416 -0.009773 -1.723800
v -0.556954 0.038236 -1.735217
v -0.597640 0.064632 -1.780187
v -0.497342 0.032650 -1.806310
v -0.540863 -0.082285 -1.770731
v -0.491541 0.014778 -1.861891
v -0.550416 -0.009773 -1.723800
v -0.497342 0.032650 -1.806310
v -0.556954 0.038236 -1.735217
v -0.550416 -0.009773 -1.723800
v -0.522687 0.058816 -1.786445
v -0.550416 -0.009773 -1.723800
v -0.613410 -0.013541 -1.793781
v -0.540863 -0.082285 -1.770731
v -0.611236 0.027787 -1.772911
v -0.597640 0.064632 -1.780187
v -0.578786 0.217547 -1.871992
v -0.617539 0.199333 -1.879755
v -0.556954 0.038236 -1.735217
v -0.647360 0.162985 -1.887906
v -0.611236 0.027787 -1.772911
v -0.597640 0.064632 -1.780187
v -0.617539 0.199333 -1.879755
v -0.547653 0.111965 -1.928756
v -0.613410 -0.013541 -1.793781
v -0.641499 0.121125 -1.942829
v -0.540863 -0.082285 -1.770731
v -3.918932 0.077299 3.947178
v -4.214618 -0.009996 4.004616
v -3.955138 0.208499 3.830567
v -4.031122 -0.032867 4.037655
v -4.206340 0.188771 4.152769
v -3.940190 0.017256 4.147825
v -3.871210 0.087874 4.078689
v -4.014350 0.315105 4.028226
v -0.846855 0.101416 -1.837460
v -0.742670 0.187935 -1.889529
v -0.847737 0.212522 -1.886000
v -0.764331 0.071179 -1.830332
v -0.900006 0.072055 -1.979096
v -0.844979 -0.084315 -1.824748
v -0.840957 0.013240 -1.806468
v -0.887134 0.143009 -1.933582
v -0.722570 0.085143 -1.951133
v -0.775097 0.018833 -1.818191
v -0.800869 -0.041688 -1.833948
v -0.704723 0.132280 -1.916059
v -0.800869 -0.041688 -1.833948
v -0.900006 0.072055 -1.979096
v -0.722570 0.085143 -1.951133
v -0.844979 -0.084315 -1.824748
v -0.846855 0.101416 -1.837460
v -0.840957 0.013240 -1.806468
v -0.775097 0.018833 -1.818191
v -0.764331 0.071179 -1.830332
v -0.840957 0.013240 -1.806468
v -0.844979 -0.084315 -1.824748
v -0.800869 -0.041688 -1.833948
v -0.775097 0.018833 -1.818191
v -1.179695 0.157747 -1.957128
v -1.105842 0.013758 -1.826707
v -1.118491 0.085472 -1.858827
v -1.132264 0.204905 -1.922534
v -0.963536 0.075235 -1.984221
v -1.055696 0.023993 -1.823790
v -1.056331 -0.073731 -1.841797
v -0.950664 0.146190 -1.938708
v -1.132264 0.204905 -1.922534
v -1.118491 0.085472 -1.858827
v -1.040499 0.111114 -1.853081
v -1.010785 0.220688 -1.899152
v -1.141620 0.104381 -1.986022
v -1.090231 -0.046381 -1.835742
v -1.105842 0.013758 -1.826707
v -1.179695 0.157747 -1.957128
v -1.090231 -0.046381 -1.835742
v -1.055696 0.023993 -1.823790
v -1.105842 0.013758 -1.826707
v -1.056331 -0.073731 -1.841797
v -1.118491 0.085472 -1.858827
v -1.105842 0.013758 -1.826707
v -1.055696 0.023993 -1.823790
v -1.040499 0.111114 -1.853081
v -0.742670 0.187935 -1.889529
v -0.764331 0.071179 -1.830332
v -0.704723 0.132280 -1.916059
v -0.775097 0.018833 -1.818191
v -0.887134 0.143009 -1.933582
v -0.840957 0.013240 -1.806468
v -0.846855 0.101416 -1.837460
v -0.847737 0.212522 -1.886000
v -1.090231 -0.046381 -1.835742
v -0.963536 0.075235 -1.984221
v -1.056331 -0.073731 -1.841797
v -1.141620 0.104381 -1.986022
v -1.010785 0.220688 -1.899152
v -1.040499 0.111114 -1.853081
v -0.950664 0.146190 -1.938708
v -1.055696 0.023993 -1.823790
v -0.458745 0.169091 -2.032219
v -0.491541 0.014778 -1.861891
v -0.547653 0.111965 -1.928756
v -0.540863 -0.082285 -1.770731
v 0.958586 5.377849 3.948401
v 1.014693 5.341800 4.151279
v 0.931097 5.291027 4.009792
v 1.004843 5.495321 4.042360
v 0.713621 5.316906 4.099691
v 0.863450 5.489122 4.103938
v 0.822472 5.378327 3.998697
v 0.777632 5.364220 4.250816
v 1.014693 5.341800 4.151279
v 0.863450 5.489122 4.103938
v 0.777632 5.364220 4.250816
v 1.004843 5.495321 4.042360
v 0.931097 5.291027 4.009792
v 0.713621 5.316906 4.099691
v 0.822472 5.378327 3.998697
v 0.958586 5.377849 3.948401
v 0.791501 5.693967 3.783555
v 0.834362 5.748073 3.848621
v 0.831697 5.754521 3.841812
v 0.802159 5.668173 3.810788
v 0.837661 5.668415 3.797123
v 0.834362 5.748073 3.848621
v 0.802159 5.668173 3.810788
v 0.843237 5.748133 3.845204
v 0.843237 5.748133 3.845204
v 0.837661 5.668415 3.797123
v 0.839897 5.754045 3.838280
v 0.824301 5.692059 3.769426
v 0.839897 5.754045 3.838280
v 0.834362 5.748073 3.848621
v 0.843237 5.748133 3.845204
v 0.831697 5.754521 3.841812
v 0.802159 5.668173 3.810788
v 0.871219 5.576827 3.828295
v 0.837661 5.668415 3.797123
v 0.800704 5.574340 3.856758
v 0.838392 5.566696 3.758739
v 0.837661 5.668415 3.797123
v 0.871219 5.576827 3.828295
v 0.824301 5.692059 3.769426
v 0.771724 5.569365 3.784525
v 0.824301 5.692059 3.769426
v 0.838392 5.566696 3.758739
v 0.791501 5.693967 3.783555
v 0.824301 5.692059 3.769426
v 0.831697 5.754521 3.841812
v 0.839897 5.754045 3.838280
v 0.791501 5.693967 3.783555
v 0.771724 5.569365 3.784525
v 0.822472 5.378327 3.998697
v 0.800704 5.574340 3.856758
v 0.863450 5.489122 4.103938
v 0.838392 5.566696 3.758739
v 0.822472 5.378327 3.998697
v 0.771724 5.569365 3.784525
v 0.958586 5.377849 3.948401
v 0.871219 5.576827 3.828295
v 0.958586 5.377849 3.948401
v 0.838392 5.566696 3.758739
v 1.004843 5.495321 4.042360
v 0.771724 5.569365 3.784525
v 0.800704 5.574340 3.856758
v 0.802159 5.668173 3.810788
v 0.791501 5.693967 3.783555
v 0.863450 5.489122 4.103938
v 1.004843 5.495321 4.042360
v 0.871219 5.576827 3.828295
v 0.800704 5.574340 3.856758
v 5.753676 0.468504 0.031454
v 5.818433 0.277272 0.162632
v 5.802540 0.495142 -0.001532
v 5.789466 0.277556 0.148367
v 5.949050 0.288094 -0.144021
v 5.886845 0.183530 0.082550
v 5.926740 0.210141 -0.137029
v 5.869939 0.161941 0.047631
v 5.787145 0.169063 0.201354
v 5.736312 0.106707 0.205520
v 5.764080 0.083248 0.192015
v 5.814046 0.146861 0.186521
v 5.789466 0.277556 0.148367
v 5.787145 0.169063 0.201354
v 5.818433 0.277272 0.162632
v 5.736312 0.106707 0.205520
v 5.714113 0.019635 0.197509
v 5.869939 0.161941 0.047631
v 5.764080 0.083248 0.192015
v 5.886845 0.183530 0.082550
v 5.764080 0.083248 0.192015
v 5.886845 0.183530 0.082550
v 5.814046 0.146861 0.186521
v 5.903752 0.205119 0.117469
v 5.814046 0.146861 0.186521
v 5.818433 0.277272 0.162632
v 5.787145 0.169063 0.201354
v 5.903752 0.205119 0.117469
v 5.760498 0.277841 0.134103
v 5.736312 0.106707 0.205520
v 5.789466 0.277556 0.148367
v 5.685480 0.044351 0.209687
v 5.703408 0.260472 0.084073
v 5.820853 0.147177 0.004823
v 5.757753 0.119428 0.091700
v 5.713629 0.150649 0.133380
v 5.685480 0.044351 0.209687
v 5.764080 0.083248 0.192015
v 5.736312 0.106707 0.205520
v 5.714113 0.019635 0.197509
v 5.713629 0.150649 0.133380
v 5.714113 0.019635 0.197509
v 5.685480 0.044351 0.209687
v 5.757753 0.119428 0.091700
v 5.704813 0.441866 0.064439
v 5.597872 0.386222 0.012160
v 5.703408 0.260472 0.084073
v 5.760498 0.277841 0.134103
v 5.972637 0.365800 -0.158877
v 5.903752 0.205119 0.117469
v 5.949050 0.288094 -0.144021
v 5.886845 0.183530 0.082550
v 5.926740 0.210141 -0.137029
v 5.820853 0.147177 0.004823
v 5.834337 0.164629 -0.195233
v 5.869939 0.161941 0.047631
v 5.704813 0.441866 0.064439
v 5.789466 0.277556 0.148367
v 5.753676 0.468504 0.031454
v 5.760498 0.277841 0.134103
v 5.820853 0.147177 0.004823
v 5.869939 0.161941 0.047631
v 5.757753 0.119428 0.091700
v 5.714113 0.019635 0.197509
v 5.685480 0.044351 0.209687
v 5.760498 0.277841 0.134103
v 5.713629 0.150649 0.133380
v 5.703408 0.260472 0.084073
v 0.480403 0.175316 0.183183
v 0.458742 0.112601 0.138865
v 0.491538 0.053227 0.315568
v 0.497339 0.095036 0.348443
v 0.556951 0.131405 0.393435
v 0.578783 0.229745 0.225318
v 0.522684 0.127399 0.351074
v 0.518049 0.223985 0.179549
v 0.611232 0.099606 0.354366
v 0.641496 0.110453 0.214244
v 0.647357 0.170402 0.224894
v 0.613407 0.051514 0.352025
v 0.480403 0.175316 0.183183
v 0.522684 0.127399 0.351074
v 0.518049 0.223985 0.179549
v 0.497339 0.095036 0.348443
v 0.611232 0.099606 0.354366
v 0.556951 0.131405 0.393435
v 0.550413 0.094503 0.424941
v 0.597636 0.132261 0.342892
v 0.497339 0.095036 0.348443
v 0.491538 0.053227 0.315568
v 0.540860 0.005805 0.414954
v 0.550413 0.094503 0.424941
v 0.556951 0.131405 0.393435
v 0.497339 0.095036 0.348443
v 0.550413 0.094503 0.424941
v 0.522684 0.127399 0.351074
v 0.550413 0.094503 0.424941
v 0.540860 0.005805 0.414954
v 0.613407 0.051514 0.352025
v 0.611232 0.099606 0.354366
v 0.597636 0.132261 0.342892
v 0.578783 0.229745 0.225318
v 0.556951 0.131405 0.393435
v 0.617536 0.208945 0.223983
v 0.611232 0.099606 0.354366
v 0.647357 0.170402 0.224894
v 0.597636 0.132261 0.342892
v 0.617536 0.208945 0.223983
v 0.547650 0.110282 0.232861
v 0.641496 0.110453 0.214244
v 0.613407 0.051514 0.352025
v 0.540860 0.005805 0.414954
v 5.703408 0.260472 0.084073
v 5.834337 0.164629 -0.195233
v 5.820853 0.147177 0.004823
v 5.597872 0.386222 0.012160
v 5.972637 0.365800 -0.158877
v 5.818433 0.277272 0.162632
v 5.903752 0.205119 0.117469
v 5.802540 0.495142 -0.001532
v 0.846852 0.160036 0.355453
v 0.742667 0.206829 0.265971
v 0.764328 0.137923 0.377273
v 0.847734 0.229663 0.256192
v 0.900003 0.061268 0.249776
v 0.840954 0.100861 0.427798
v 0.844975 0.008040 0.462946
v 0.887131 0.145543 0.251726
v 0.775093 0.099538 0.414877
v 0.722566 0.086995 0.266846
v 0.800865 0.039655 0.432910
v 0.704720 0.145498 0.272272
v 0.800865 0.039655 0.432910
v 0.900003 0.061268 0.249776
v 0.844975 0.008040 0.462946
v 0.722566 0.086995 0.266846
v 0.846852 0.160036 0.355453
v 0.775093 0.099538 0.414877
v 0.840954 0.100861 0.427798
v 0.764328 0.137923 0.377273
v 0.844975 0.008040 0.462946
v 0.840954 0.100861 0.427798
v 0.800865 0.039655 0.432910
v 0.775093 0.099538 0.414877
v 1.105838 0.090772 0.410246
v 1.179692 0.145878 0.223950
v 1.118488 0.135302 0.345502
v 1.132261 0.204149 0.228956
v 1.055693 0.101031 0.407411
v 0.963533 0.061317 0.243744
v 1.056327 0.008207 0.442880
v 0.950661 0.145592 0.245694
v 1.132261 0.204149 0.228956
v 1.040496 0.160190 0.337068
v 1.118488 0.135302 0.345502
v 1.010782 0.229794 0.240712
v 1.141617 0.085270 0.227042
v 1.105838 0.090772 0.410246
v 1.090227 0.034714 0.433820
v 1.179692 0.145878 0.223950
v 1.090227 0.034714 0.433820
v 1.055693 0.101031 0.407411
v 1.056327 0.008207 0.442880
v 1.105838 0.090772 0.410246
v 1.118488 0.135302 0.345502
v 1.055693 0.101031 0.407411
v 1.105838 0.090772 0.410246
v 1.040496 0.160190 0.337068
v 0.764328 0.137923 0.377273
v 0.704720 0.145498 0.272272
v 0.775093 0.099538 0.414877
v 0.742667 0.206829 0.265971
v 0.887131 0.145543 0.251726
v 0.846852 0.160036 0.355453
v 0.840954 0.100861 0.427798
v 0.847734 0.229663 0.256192
v 0.963533 0.061317 0.243744
v 1.090227 0.034714 0.433820
v 1.056327 0.008207 0.442880
v 1.141617 0.085270 0.227042
v 1.040496 0.160190 0.337068
v 0.950661 0.145592 0.245694
v 1.055693 0.101031 0.407411
v 1.010782 0.229794 0.240712
v 0.491538 0.053227 0.315568
v 0.547650 0.110282 0.232861
v 0.540860 0.005805 0.414954
v 0.458742 0.112601 0.138865
vn 0.6688 0.7225 -0.1753
vn 0.6796 0.5391 -0.4976
vn -0.3966 0.1620 0.9036
vn -0.2598 0.7516 0.6063
vn -0.0477 0.7853 0.6173
vn -0.6561 0.4125 0.6319
vn -0.4350 0.8837 0.1729
vn -0.1225 0.8922 0.4348
vn -0.7865 0.6035 0.1314
vn -0.4519 0.8015 -0.3916
vn -0.2037 0.9666 0.1553
vn 0.4445 0.8848 0.1400
vn 0.6487 0.7488 -0.1356
vn 0.7596 0.5246 -0.3845
vn -0.2610 0.7729 0.5783
vn -0.2363 0.8383 0.4914
vn -0.1392 0.8516 0.5054
vn -0.7312 0.5369 0.4208
vn -0.4970 0.8618 -0.1012
vn -0.1666 0.9355 0.3115
vn -0.7764 0.6301 -0.0115
vn -0.3004 0.7636 -0.5716
vn -0.2463 0.9656 0.0838
vn -0.7194 0.6864 0.1064
vn -0.2629 0.9130 -0.3120
vn -0.2298 0.9110 0.3425
vn 0.5122 0.8173 -0.2638
vn 0.5479 0.8133 -0.1956
vn -0.1924 0.9806 -0.0389
vn -0.7903 0.5850 -0.1823
vn -0.2217 0.6536 -0.7237
vn -0.2766 0.9609 -0.0140
vn -0.1506 0.5989 -0.7865
vn -0.7148 0.5889 -0.3772
vn 0.0942 0.9714 -0.2181
vn 0.0841 0.9271 0.3653
vn -0.1735 0.9306 -0.3223
vn -0.3006 0.8219 0.4838
vn -0.3560 0.8105 0.4651
vn -0.3745 0.8978 -0.2316
vn -0.4539 0.1447 -0.8792
vn 0.4406 0.4912 -0.7514
vn 0.2372 0.5791 -0.7800
vn 0.5153 0.6774 -0.5250
vn -0.1518 0.9849 0.0837
vn -0.4343 0.7798 -0.4509
vn -0.3923 -0.1527 -0.9071
vn -0.2244 -0.0739 -0.9717
vn -0.9626 0.2495 -0.1062
vn -0.8888 0.4073 -0.2098
vn -0.3399 0.7924 -0.5066
vn -0.7185 0.5078 -0.4752
vn -0.4202 0.9069 0.0312
vn -0.7954 0.5940 0.1202
vn 0.5190 0.5835 -0.6247
vn 0.1870 0.4369 -0.8798
vn 0.6109 0.6169 -0.4963
vn -0.4521 -0.0486 -0.8907
vn -0.4266 0.6423 -0.6368
vn -0.1999 0.9744 0.1032
vn -0.2674 -0.3637 -0.8923
vn -0.8030 0.4052 -0.4370
vn 0.2113 0.3944 -0.8943
vn -0.7792 0.6226 -0.0721
vn -0.8560 0.1049 0.5063
vn -0.8561 0.1048 0.5061
vn -0.7336 -0.5744 -0.3632
vn -0.2106 0.9691 -0.1285
vn -0.2105 0.9691 -0.1285
vn -0.2569 0.7670 0.5879
vn -0.2570 0.7670 0.5879
vn 0.7108 -0.2145 -0.6699
vn 0.8995 0.4330 0.0583
vn 0.8995 0.4331 0.0583
vn 0.6698 0.2459 -0.7007
vn -0.1137 -0.9303 -0.3487
vn -0.9075 0.3717 0.1954
vn -0.9075 0.3719 0.1955
vn 0.3839 0.8478 0.3659
vn 0.3839 0.8478 0.3658
vn -0.0389 -0.4833 -0.8746
vn -0.9057 -0.3943 0.1555
vn -0.0918 -0.3901 -0.9162
vn -0.8983 -0.4328 -0.0760
vn 0.6701 0.6900 -0.2736
vn 0.6702 0.6898 -0.2738
vn 0.8995 0.4331 0.0584
vn 0.6292 0.2791 -0.7255
vn 0.6291 0.2789 -0.7255
vn -0.8562 0.1046 0.5059
vn 0.7790 0.5844 -0.2273
vn 0.7789 0.5848 -0.2268
vn -0.9075 0.3718 0.1955
vn -0.9178 0.2091 0.3376
vn -0.9177 0.2093 0.3376
vn -0.2688 0.7815 0.5630
vn -0.2689 0.7815 0.5630
vn -0.1240 0.8734 0.4710
vn -0.1240 0.8733 0.4711
vn 0.9239 0.0326 -0.3813
vn -0.9193 0.3812 0.0974
vn -0.9194 0.3811 0.0973
vn -0.9193 0.3813 0.0975
vn -0.9397 0.3148 0.1339
vn -0.9398 0.3146 0.1336
vn -0.9397 0.3147 0.1337
vn -0.9396 0.3148 0.1340
vn -0.3986 0.5444 -0.7380
vn -0.3987 0.5444 -0.7381
vn -0.3987 0.5443 -0.7381
vn -0.5297 0.6151 -0.5840
vn -0.5297 0.6147 -0.5844
vn -0.0819 0.8051 -0.5875
vn -0.0819 0.8052 -0.5874
vn -0.0819 0.8052 -0.5873
vn -0.4847 0.1073 -0.8680
vn -0.4847 0.1073 -0.8681
vn -0.4848 0.1073 -0.8680
vn -0.4745 0.1062 -0.8738
vn -0.4745 0.1063 -0.8738
vn -0.4613 -0.1042 -0.8811
vn -0.0813 0.8052 -0.5874
vn -0.0813 0.8053 -0.5872
vn -0.0000 0.5800 -0.8146
vn 0.0001 0.5803 -0.8144
vn -0.0000 0.5802 -0.8145
vn -0.5294 0.6150 -0.5843
vn -0.5294 0.6149 -0.5846
vn -0.5068 0.5107 -0.6945
vn -0.5070 0.5103 -0.6947
vn -0.5069 0.5103 -0.6947
vn -0.5069 0.5104 -0.6946
vn -0.3542 0.5538 -0.7536
vn -0.3542 0.5537 -0.7536
vn -0.3483 0.6411 -0.6839
vn -0.3483 0.6411 -0.6838
vn -0.3483 0.6410 -0.6839
vn -0.9612 -0.1524 -0.2301
vn -0.9611 -0.1525 -0.2301
vn -0.9611 -0.1526 -0.2302
vn -0.9611 -0.1524 -0.2302
vn -0.9400 0.3128 0.1361
vn -0.9402 0.3126 0.1356
vn -0.9401 0.3127 0.1357
vn -0.9400 0.3129 0.1362
vn -0.9222 -0.0603 -0.3821
vn -0.9221 -0.0605 -0.3822
vn -0.9221 -0.0604 -0.3821
vn -0.9222 -0.0602 -0.3820
vn -0.9098 0.4070 0.0809
vn -0.9098 0.4072 0.0809
vn -0.9097 0.4072 0.0810
vn -0.9099 0.4070 0.0809
vn 0.1348 0.7806 0.6103
vn -0.1176 0.9639 0.2391
vn -0.1176 0.9638 0.2391
vn -0.1176 0.9639 0.2390
vn 0.7870 0.5181 0.3350
vn 0.7870 0.5181 0.3349
vn 0.7869 0.5182 0.3350
vn 0.5186 -0.2420 0.8201
vn 0.5186 -0.2419 0.8201
vn 0.5186 -0.2420 0.8200
vn -0.5541 0.5603 0.6157
vn 0.2827 -0.9432 0.1746
vn 0.2826 -0.9432 0.1746
vn -0.0211 0.7578 0.6522
vn 0.0302 0.8126 0.5821
vn 0.0537 0.7713 0.6342
vn 0.0536 0.7713 0.6342
vn -0.9281 -0.0183 0.3719
vn -0.9282 -0.0178 0.3717
vn -0.1637 0.9789 -0.1221
vn -0.1636 0.9789 -0.1221
vn 0.9638 0.0723 -0.2567
vn 0.9639 0.0718 -0.2565
vn 0.9638 0.0722 -0.2567
vn -0.4134 0.0911 -0.9060
vn -0.4160 0.1007 -0.9038
vn -0.4165 0.1027 -0.9033
vn -0.4132 0.0902 -0.9062
vn 0.1801 0.7792 0.6004
vn 0.2953 0.9008 -0.3183
vn 0.2976 0.9003 -0.3177
vn 0.2905 0.9022 -0.3188
vn 0.2895 0.9029 -0.3178
vn -0.9471 0.2412 0.2115
vn -0.9779 0.1978 0.0676
vn -0.9788 0.1926 0.0694
vn -0.9771 0.2010 0.0696
vn -0.9797 0.1900 0.0639
vn -0.8341 0.5512 0.0187
vn -0.8368 0.5470 0.0231
vn -0.8304 0.5566 0.0249
vn -0.8383 0.5449 0.0185
vn -0.7789 -0.4537 0.4330
vn -0.7722 -0.4526 0.4460
vn -0.7805 -0.4489 0.4351
vn -0.7712 -0.4605 0.4395
vn -0.4257 -0.8940 -0.1398
vn -0.4212 -0.8967 -0.1360
vn -0.4206 -0.8973 -0.1342
vn -0.4267 -0.8931 -0.1422
vn -0.7928 -0.5210 0.3164
vn -0.7886 -0.5255 0.3193
vn -0.7943 -0.5191 0.3155
vn -0.7988 -0.5139 0.3128
vn -0.9443 -0.2654 0.1946
vn -0.9366 -0.2835 0.2057
vn -0.9469 -0.2547 0.1965
vn -0.9344 -0.2889 0.2082
vn -0.8962 -0.2699 0.3522
vn -0.9030 -0.2688 0.3351
vn -0.8967 -0.2764 0.3456
vn -0.9047 -0.2642 0.3343
vn -0.2673 -0.9099 0.3173
vn -0.3063 -0.9132 0.2688
vn -0.3175 -0.9135 0.2542
vn -0.2496 -0.9056 0.3429
vn -0.8239 -0.3912 0.4101
vn -0.8361 -0.3789 0.3966
vn -0.8186 -0.3970 0.4151
vn -0.8017 -0.4126 0.4325
vn -0.8802 0.2693 0.3908
vn -0.8800 0.2706 0.3903
vn -0.8787 0.2648 0.3971
vn -0.8807 0.2815 0.3808
vn -0.2524 0.9421 -0.2207
vn -0.2516 0.9411 -0.2258
vn -0.2536 0.9429 -0.2160
vn -0.2546 0.9439 -0.2101
vn -0.9207 0.3295 0.2092
vn -0.9208 0.3269 0.2129
vn -0.9202 0.3254 0.2175
vn -0.9222 0.3315 0.1991
vn -0.7634 -0.6031 0.2313
vn -0.7631 -0.6035 0.2314
vn -0.7611 -0.6056 0.2322
vn -0.7653 -0.6010 0.2304
vn -0.4711 -0.8776 -0.0886
vn -0.4710 -0.8776 -0.0887
vn -0.8207 -0.3468 0.4540
vn -0.8181 -0.3447 0.4604
vn -0.8191 -0.3405 0.4616
vn -0.8190 -0.3496 0.4550
vn 0.0506 0.9374 0.3447
vn 0.0507 0.9373 0.3447
vn -0.7851 -0.0070 0.6194
vn -0.7850 -0.0069 0.6194
vn -0.0070 -0.9998 0.0196
vn -0.6577 -0.3318 0.6763
vn -0.6577 -0.3318 0.6762
vn -0.5664 0.5637 0.6011
vn -0.5665 0.5637 0.6011
vn -0.1697 0.5175 0.8387
vn -0.1697 0.5174 0.8387
vn -0.6664 -0.2666 0.6963
vn -0.6663 -0.2667 0.6964
vn -0.6663 -0.2666 0.6963
vn -0.8137 0.2376 0.5305
vn -0.8137 0.2377 0.5305
vn -0.5365 0.0987 0.8381
vn -0.5365 0.0986 0.8381
vn -0.4927 0.4722 0.7310
vn -0.4928 0.4722 0.7309
vn -0.1463 0.8003 0.5815
vn -0.1464 0.8002 0.5816
vn -0.1463 0.8002 0.5815
vn -0.5419 0.2290 0.8087
vn -0.4312 0.6770 0.5965
vn -0.4312 0.6769 0.5966
vn -0.4312 0.6769 0.5965
vn -0.8541 0.2758 0.4409
vn -0.8542 0.2759 0.4408
vn -0.8541 0.2759 0.4409
vn -0.8021 -0.2004 0.5626
vn -0.5060 -0.8435 -0.1802
vn -0.9234 -0.2289 0.3080
vn -0.9234 -0.2289 0.3081
vn -0.7471 -0.6636 -0.0394
vn -0.8197 0.3050 0.4848
vn -0.8197 0.3050 0.4849
vn -0.1997 0.9799 -0.0013
vn -0.1996 0.9799 -0.0013
vn -0.7682 0.2602 0.5850
vn -0.7681 0.2603 0.5850
vn 0.2181 0.8126 0.5404
vn -0.7518 -0.6579 0.0432
vn -0.7518 -0.6579 0.0433
vn -0.7518 -0.6580 0.0432
vn -0.8896 -0.2595 0.3760
vn -0.8895 -0.2595 0.3760
vn -0.5711 -0.8126 -0.1163
vn -0.7817 0.5037 0.3678
vn -0.1122 0.9850 0.1308
vn -0.1123 0.9850 0.1308
vn -0.1123 0.9850 0.1307
vn -0.8305 0.3589 0.4260
vn -0.5546 -0.8221 -0.1286
vn -0.8887 -0.2798 0.3632
vn -0.8887 -0.2797 0.3633
vn -0.7436 -0.6680 0.0304
vn -0.7436 -0.6679 0.0304
vn -0.8103 0.3971 0.4309
vn -0.8103 0.3972 0.4309
vn -0.1186 0.9839 0.1336
vn -0.1185 0.9839 0.1336
vn -0.1187 0.9839 0.1336
vn -0.7849 0.4438 0.4323
vn -0.7849 0.4439 0.4323
vn -0.8187 -0.5357 0.2067
vn -0.8136 -0.5419 0.2106
vn -0.8113 -0.5447 0.2126
vn -0.8209 -0.5342 0.2019
vn -0.4477 -0.8861 -0.1198
vn -0.4465 -0.8868 -0.1192
vn -0.4450 -0.8877 -0.1183
vn -0.4495 -0.8850 -0.1209
vn -0.8950 -0.3081 0.3224
vn -0.8933 -0.3128 0.3228
vn -0.8911 -0.3172 0.3245
vn -0.8968 -0.3052 0.3205
vn 0.5326 0.5062 0.6784
vn 0.5170 0.5078 0.6891
vn 0.5143 0.5082 0.6909
vn 0.5351 0.5057 0.6767
vn -0.9361 0.2505 0.2469
vn -0.9360 0.2491 0.2489
vn -0.9361 0.2508 0.2465
vn -0.9364 0.2517 0.2445
vn 0.3477 -0.9241 0.1587
vn 0.3474 -0.9242 0.1588
vn 0.3479 -0.9240 0.1587
vn 0.3472 -0.9242 0.1589
vn -0.9200 0.0061 0.3918
vn -0.9233 0.0038 0.3841
vn -0.9204 0.0079 0.3909
vn -0.9225 0.0015 0.3861
vn -0.8109 -0.4860 0.3259
vn -0.8096 -0.4919 0.3204
vn -0.7965 -0.5024 0.3364
vn -0.7977 -0.4935 0.3465
vn -0.3885 -0.9113 -0.1366
vn -0.3601 -0.9263 -0.1111
vn -0.3442 -0.9342 -0.0935
vn -0.4081 -0.8992 -0.1579
vn -0.8919 -0.3707 0.2592
vn -0.8905 -0.3690 0.2662
vn -0.8922 -0.3648 0.2665
vn -0.8894 -0.3639 0.2768
vn -0.8044 -0.3217 0.4994
vn -0.7897 -0.3608 0.4962
vn -0.7895 -0.3084 0.5306
vn -0.7920 -0.3666 0.4882
vn -0.9512 0.3085 0.0111
vn -0.9472 0.3204 0.0103
vn -0.9445 0.3284 0.0080
vn -0.9540 0.2996 0.0118
vn -0.9455 0.3089 -0.1026
vn -0.9543 0.2888 -0.0774
vn -0.9558 0.2849 -0.0726
vn -0.9439 0.3123 -0.1069
vn -0.7682 0.6382 -0.0513
vn -0.8001 0.5986 -0.0384
vn -0.7650 0.6419 -0.0531
vn -0.8054 0.5917 -0.0357
vn -0.7362 0.6506 -0.1864
vn -0.7363 0.6505 -0.1863
vn -0.7363 0.6506 -0.1862
vn -0.7361 0.6510 -0.1853
vn -0.4821 0.3074 0.8204
vn -0.4820 0.3074 0.8205
vn -0.8080 0.3831 0.4476
vn -0.8323 0.3275 0.4472
vn -0.8339 0.3232 0.4473
vn -0.8066 0.3862 0.4474
vn -0.9287 0.3348 -0.1596
vn -0.9357 0.3197 -0.1492
vn -0.9375 0.3157 -0.1462
vn -0.9271 0.3381 -0.1619
vn -0.9602 0.2633 0.0936
vn -0.9667 0.2282 0.1160
vn -0.9676 0.2211 0.1217
vn -0.9583 0.2720 0.0875
vn -0.9404 0.3317 0.0743
vn -0.9387 0.3383 0.0662
vn -0.9396 0.3349 0.0704
vn -0.9413 0.3284 0.0781
vn -0.5960 0.1870 0.7809
vn -0.6175 0.1195 0.7775
vn -0.6181 0.1173 0.7773
vn -0.5957 0.1883 0.7808
vn -0.8043 0.0775 0.5891
vn -0.8043 0.0776 0.5891
vn -0.6849 0.3129 0.6581
vn -0.6848 0.3129 0.6581
vn -0.6849 0.3130 0.6581
vn -0.6848 0.3128 0.6581
vn -0.0556 -0.0089 0.9984
vn -0.0555 -0.0089 0.9984
vn -0.0556 -0.0090 0.9984
vn -0.4394 -0.0242 0.8980
vn -0.4156 0.0824 0.9058
vn -0.7093 0.2865 0.6441
vn -0.7253 0.2456 0.6432
vn -0.7259 0.2433 0.6433
vn -0.7087 0.2880 0.6440
vn -0.8935 0.4223 0.1530
vn -0.9072 0.3928 0.1509
vn -0.9087 0.3894 0.1506
vn -0.8922 0.4249 0.1531
vn -0.8116 0.5714 0.1217
vn -0.8130 0.5696 0.1210
vn -0.8133 0.5692 0.1207
vn -0.8113 0.5718 0.1220
vn -0.3178 -0.2610 0.9115
vn -0.3188 -0.2543 0.9131
vn -0.3188 -0.2542 0.9131
vn -0.3175 -0.2611 0.9116
vn -0.5971 0.5130 0.6167
vn -0.5873 0.5300 0.6117
vn -0.5812 0.5408 0.6081
vn -0.6015 0.5048 0.6192
vn -0.7535 0.0338 0.6566
vn -0.7534 0.0338 0.6567
vn -0.7534 0.0339 0.6567
vn 0.8698 0.1416 0.4726
vn 0.8778 0.1277 0.4618
vn 0.8779 0.1275 0.4617
vn 0.8697 0.1417 0.4727
vn -0.8909 0.3821 0.2457
vn -0.8909 0.3820 0.2456
vn -0.4404 0.4778 0.7601
vn -0.4405 0.4777 0.7601
vn -0.6337 -0.1447 0.7599
vn -0.6337 -0.1445 0.7600
vn 0.0392 0.5485 0.8352
vn 0.0357 0.5265 0.8494
vn 0.0358 0.5278 0.8486
vn 0.0402 0.5491 0.8348
vn 0.8083 0.1809 0.5602
vn 0.7972 0.1918 0.5725
vn 0.7962 0.1926 0.5735
vn 0.8093 0.1803 0.5591
vn -0.2557 -0.2668 0.9292
vn -0.2560 -0.2534 0.9329
vn -0.2567 -0.2609 0.9306
vn -0.2509 -0.2658 0.9308
vn 0.7129 0.0919 0.6952
vn 0.7191 0.0742 0.6910
vn 0.7215 0.0673 0.6892
vn 0.7104 0.0988 0.6969
vn -0.2143 0.4167 0.8834
vn -0.0207 -0.0219 0.9995
vn 0.0227 -0.1171 0.9929
vn -0.2496 0.4967 0.8312
vn 0.6702 0.6898 -0.2739
vn 0.7314 0.6132 -0.2983
vn 0.7314 0.6133 -0.2982
vn -0.8909 0.3819 0.2457
vn -0.8909 0.3820 0.2457
vn 0.7298 0.2141 -0.6493
vn 0.7298 0.2140 -0.6494
vn 0.2360 -0.8744 -0.4240
vn 0.2045 -0.8841 -0.4201
vn 0.2015 -0.8837 -0.4225
vn 0.2390 -0.8733 -0.4245
vn 0.0245 -0.9215 -0.3875
vn 0.0165 -0.9212 -0.3887
vn 0.0257 -0.9215 -0.3876
vn 0.0148 -0.9213 -0.3887
vn -0.9671 -0.2009 0.1559
vn -0.9705 -0.2299 0.0727
vn -0.9689 -0.2352 0.0774
vn -0.9720 -0.2026 0.1192
vn -0.1456 0.8509 0.5048
vn -0.1714 0.8413 0.5126
vn -0.1753 0.8412 0.5114
vn -0.1409 0.8482 0.5105
vn 0.7866 0.5808 0.2094
vn 0.7848 0.5827 0.2112
vn 0.7850 0.5825 0.2110
vn 0.7868 0.5807 0.2093
vn -0.9123 0.2582 0.3178
vn -0.9119 0.2927 0.2878
vn -0.9123 0.2921 0.2871
vn -0.9112 0.2769 0.3049
vn 0.0486 0.8802 0.4721
vn 0.0973 0.8850 0.4554
vn 0.0923 0.8845 0.4573
vn 0.0447 0.8797 0.4734
vn 0.9688 0.2475 -0.0107
vn 0.9693 0.2454 -0.0161
vn 0.9690 0.2469 -0.0092
vn 0.9689 0.2468 -0.0204
vn 0.6013 0.7959 0.0704
vn 0.6026 0.7953 0.0661
vn 0.6007 0.7961 0.0734
vn 0.6032 0.7952 0.0609
vn 0.0960 0.8301 0.5493
vn 0.0950 0.8300 0.5496
vn 0.0970 0.8301 0.5491
vn 0.0938 0.8300 0.5499
vn -0.0031 -0.8496 -0.5274
vn -0.0070 -0.8479 -0.5302
vn 0.0048 -0.8532 -0.5216
vn -0.0105 -0.8462 -0.5327
vn 0.2554 -0.9511 -0.1739
vn 0.0445 -0.9963 -0.0735
vn -0.4874 0.8600 0.1510
vn -0.1699 0.9853 0.0182
vn -0.5019 0.8505 0.1572
vn -0.1448 0.9894 0.0081
vn -0.1505 0.9886 -0.0072
vn -0.1506 0.9886 -0.0071
vn -0.8812 -0.4710 -0.0403
vn -0.8811 -0.4712 -0.0406
vn -0.9187 -0.3504 -0.1825
vn -0.9187 -0.3502 -0.1825
vn -0.3888 0.7115 0.5853
vn -0.3889 0.7115 0.5853
vn -0.1813 0.5762 0.7969
vn -0.1637 0.5861 0.7935
vn -0.1821 0.5763 0.7967
vn -0.1623 0.5865 0.7935
vn 0.3270 -0.7184 -0.6140
vn 0.0857 -0.5881 -0.8042
vn 0.0875 -0.5861 -0.8055
vn 0.0870 -0.5850 -0.8063
vn 0.0850 -0.5883 -0.8041
vn 0.3409 -0.7852 -0.5170
vn 0.3410 -0.7852 -0.5170
vn -0.3993 0.7871 0.4701
vn -0.3992 0.7872 0.4701
vn -0.8911 -0.0924 -0.4442
vn -0.8911 -0.0925 -0.4442
vn -0.7861 0.0885 0.6117
vn -0.7859 0.0889 0.6120
vn 0.2534 -0.8116 -0.5263
vn 0.0875 -0.5649 -0.8205
vn 0.0256 -0.6063 -0.7948
vn 0.0284 -0.6042 -0.7964
vn 0.0893 -0.5628 -0.8218
vn -0.3039 0.8062 0.5077
vn -0.0983 0.5761 0.8115
vn -0.2118 0.4869 0.8474
vn -0.2153 0.4844 0.8479
vn -0.0939 0.5791 0.8099
vn -0.3783 0.8548 0.3553
vn 0.7298 0.2140 -0.6493
vn -0.0144 -0.5652 -0.8248
vn -0.2194 0.8080 0.5468
vn -0.1467 0.7246 0.6734
vn -0.1243 0.7347 0.6669
vn -0.1277 0.7374 0.6632
vn -0.1470 0.7233 0.6747
vn 0.1938 -0.7943 -0.5758
vn -0.0073 -0.8709 -0.4914
vn 0.0683 -0.7976 -0.5993
vn 0.0661 -0.7983 -0.5987
vn -0.0136 -0.8701 -0.4927
vn 0.2286 -0.8201 -0.5245
vn 0.2287 -0.8201 -0.5246
vn -0.9177 0.2092 0.3376
vn 0.7314 0.6133 -0.2983
vn 0.0651 -0.5617 0.8248
vn 0.2468 -0.6389 0.7286
vn -0.2887 -0.3367 0.8962
vn 0.6434 -0.6921 0.3273
vn 0.9009 -0.4183 0.1157
vn 0.9010 -0.4183 0.1153
vn 0.9008 -0.4184 0.1163
vn -0.4739 0.7669 0.4328
vn -0.4469 0.8259 0.3438
vn -0.4868 0.7319 0.4768
vn -0.4226 0.8638 0.2743
vn -0.0597 0.8542 0.5165
vn -0.0348 0.7231 0.6899
vn -0.0018 0.5114 0.8594
vn -0.0802 0.9364 0.3417
vn 0.1083 0.5583 0.8225
vn 0.1075 0.5641 0.8187
vn 0.1124 0.5275 0.8421
vn 0.1031 0.5950 0.7971
vn 0.0113 -0.9399 0.3414
vn -0.0291 -0.9545 0.2969
vn -0.1036 -0.9750 0.1967
vn 0.0884 -0.9002 0.4264
vn 0.4664 -0.6856 -0.5590
vn 0.4693 -0.7039 -0.5332
vn 0.4741 -0.7447 -0.4697
vn 0.4583 -0.6410 -0.6157
vn -0.0872 -0.6720 -0.7354
vn -0.1062 -0.7509 -0.6518
vn -0.1247 -0.8219 -0.5558
vn -0.0715 -0.6060 -0.7923
vn 0.0216 0.4514 0.8921
vn 0.1975 0.0390 0.9795
vn 0.2272 -0.0422 0.9729
vn -0.0127 0.5178 0.8554
vn 0.7230 0.1032 0.6831
vn 0.7310 0.0814 0.6775
vn 0.7340 0.0733 0.6752
vn 0.7200 0.1107 0.6851
vn 0.0364 -0.9955 -0.0878
vn 0.0365 -0.9955 -0.0879
vn -0.2355 -0.2504 0.9391
vn -0.2425 -0.2447 0.9388
vn -0.2441 -0.2549 0.9356
vn -0.2310 -0.2471 0.9410
vn 0.8129 0.2180 0.5400
vn 0.8113 0.2195 0.5418
vn 0.8112 0.2196 0.5420
vn 0.8131 0.2179 0.5398
vn -0.2332 0.8412 0.4878
vn -0.2333 0.8412 0.4878
vn -0.2849 -0.8498 0.4434
vn -0.3242 -0.8882 0.3254
vn -0.3339 -0.8988 0.2839
vn -0.2741 -0.8323 0.4819
vn 0.9888 -0.0521 -0.1399
vn 0.9888 -0.0522 -0.1399
vn -0.1186 0.4281 0.8959
vn -0.1248 0.4369 0.8908
vn -0.1208 0.4300 0.8947
vn -0.1131 0.4248 0.8982
vn 0.1188 0.4978 0.8591
vn 0.1153 0.4861 0.8663
vn 0.1241 0.5148 0.8483
vn 0.1062 0.4592 0.8820
vn 0.1084 0.4451 0.8889
vn 0.1104 0.4429 0.8897
vn 0.1113 0.4428 0.8897
vn 0.1071 0.4452 0.8890
vn 0.3850 -0.5227 -0.7606
vn 0.3790 -0.5187 -0.7663
vn 0.3849 -0.5195 -0.7629
vn 0.3771 -0.5216 -0.7654
vn 0.1480 -0.7037 -0.6949
vn 0.1442 -0.7037 -0.6957
vn 0.1451 -0.7004 -0.6988
vn 0.1463 -0.7029 -0.6961
vn -0.0520 -0.8665 -0.4965
vn -0.0696 -0.8681 -0.4916
vn -0.1017 -0.8308 -0.5472
vn 0.0144 -0.8865 -0.4625
vn -0.3203 0.6186 0.7175
vn -0.3202 0.6206 0.7157
vn -0.3222 0.6174 0.7177
vn -0.3227 0.6170 0.7177
vn -0.3024 0.7124 0.6332
vn -0.3010 0.7131 0.6331
vn -0.3064 0.7106 0.6334
vn -0.3087 0.7076 0.6356
vn -0.0891 0.9180 0.3864
vn -0.1266 0.9231 0.3631
vn -0.1006 0.9213 0.3757
vn -0.0580 0.9060 0.4193
vn 0.0260 -0.5766 -0.8166
vn 0.0281 -0.5759 -0.8170
vn 0.0416 -0.5731 -0.8185
vn 0.0130 -0.5810 -0.8138
vn 0.0516 -0.5514 -0.8326
vn 0.0500 -0.5518 -0.8325
vn 0.0934 -0.5544 -0.8270
vn 0.0130 -0.5535 -0.8327
vn 0.0151 -0.4998 -0.8660
vn 0.0100 -0.4945 -0.8691
vn 0.0114 -0.4958 -0.8683
vn 0.0059 -0.5105 -0.8599
vn 0.3263 -0.8615 -0.3890
vn 0.3264 -0.8615 -0.3890
vn -0.9924 -0.0201 0.1214
vn -0.9924 -0.0201 0.1213
vn -0.9924 -0.0200 0.1214
vn 0.8460 0.4312 0.3135
vn 0.1972 -0.8812 -0.4297
vn 0.1972 -0.8812 -0.4296
vn 0.8416 -0.4772 -0.2529
vn 0.8416 -0.4773 -0.2530
vn -0.9885 0.1334 0.0716
vn 0.1815 0.8283 0.5301
vn 0.8778 0.2234 0.4238
vn 0.8777 0.2235 0.4238
vn -0.1424 -0.8962 -0.4203
vn -0.8467 -0.4811 -0.2271
vn -0.1557 0.8289 0.5372
vn -0.1556 0.8289 0.5373
vn -0.1557 0.8290 0.5372
vn 0.9633 -0.2451 0.1096
vn -0.9160 0.2866 0.2806
vn -0.9161 0.2866 0.2805
vn -0.9161 0.2866 0.2806
vn -0.6193 -0.5760 0.5335
vn -0.6277 -0.5683 0.5320
vn -0.6264 -0.5703 0.5314
vn -0.6236 -0.5648 0.5404
vn -0.5899 0.0723 -0.8042
vn -0.5400 0.0497 -0.8402
vn -0.4944 -0.0595 -0.8672
vn -0.5642 0.0846 -0.8213
vn -0.9823 0.1706 -0.0775
vn -0.9804 0.1788 -0.0827
vn -0.9783 0.1875 -0.0878
vn -0.9843 0.1614 -0.0707
vn 0.3311 -0.8979 0.2900
vn 0.3193 -0.9021 0.2905
vn 0.3356 -0.8965 0.2894
vn 0.3148 -0.9032 0.2919
vn 0.1082 -0.4027 -0.9089
vn 0.0841 -0.4076 -0.9093
vn 0.0607 -0.4082 -0.9109
vn 0.1245 -0.4107 -0.9032
vn -0.9941 0.0503 0.0961
vn -0.9941 0.0529 0.0949
vn -0.9940 0.0546 0.0943
vn -0.9941 0.0488 0.0973
vn 0.4961 -0.6420 -0.5846
vn 0.5245 -0.6014 -0.6026
vn 0.6245 -0.4260 -0.6546
vn 0.3858 -0.7637 -0.5176
vn 0.7697 -0.5661 -0.2952
vn 0.7747 -0.5673 -0.2792
vn 0.7737 -0.5799 -0.2551
vn 0.7595 -0.5629 -0.3261
vn -0.1632 0.8366 0.5230
vn -0.1672 0.8382 0.5191
vn -0.1733 0.8406 0.5132
vn -0.1573 0.8341 0.5287
vn -0.9827 0.1847 0.0123
vn -0.9820 0.1889 0.0061
vn -0.9809 0.1946 -0.0035
vn -0.9833 0.1810 0.0199
vn 0.4427 -0.1687 -0.8806
vn 0.4211 -0.1573 -0.8933
vn 0.4312 -0.1626 -0.8875
vn 0.4516 -0.1734 -0.8752
vn 0.2833 0.1193 0.9516
vn 0.2718 0.1255 0.9541
vn 0.2743 0.1188 0.9543
vn 0.2833 0.1227 0.9511
vn -0.9667 0.0842 -0.2417
vn -0.9668 0.0840 -0.2414
vn -0.9669 0.0845 -0.2409
vn -0.9664 0.0854 -0.2423
vn -0.3389 -0.1291 -0.9319
vn -0.3371 -0.1291 -0.9326
vn -0.3387 -0.1308 -0.9317
vn -0.3370 -0.1271 -0.9329
vn -0.3910 0.1590 0.9066
vn -0.3862 0.1543 0.9094
vn -0.3773 0.1455 0.9146
vn -0.3992 0.1665 0.9016
vn 0.9709 0.0585 0.2323
vn 0.9694 0.0571 0.2388
vn 0.9715 0.0556 0.2305
vn 0.9692 0.0544 0.2401
vn 0.9675 -0.0221 -0.2518
vn 0.9669 -0.0213 -0.2543
vn 0.9679 -0.0230 -0.2503
vn 0.9665 -0.0212 -0.2558
vn 0.3944 0.5715 -0.7196
vn 0.3972 0.5714 -0.7182
vn 0.3978 0.5714 -0.7179
vn 0.3939 0.5716 -0.7198
vn 0.3163 -0.6631 0.6784
vn 0.3114 -0.6625 0.6813
vn 0.3086 -0.6622 0.6829
vn 0.3188 -0.6634 0.6769
vn -0.9988 -0.0328 0.0362
vn -0.9988 -0.0331 0.0369
vn -0.9988 -0.0330 0.0367
vn -0.9988 -0.0327 0.0361
vn 0.9776 -0.1414 0.1560
vn 0.9781 -0.1403 0.1539
vn 0.9782 -0.1401 0.1532
vn 0.9775 -0.1416 0.1566
vn 0.9570 0.1856 -0.2230
vn 0.9579 0.1844 -0.2202
vn 0.9581 0.1841 -0.2196
vn 0.9568 0.1860 -0.2234
vn 0.2117 -0.8381 -0.5028
vn 0.1932 -0.8429 -0.5021
vn 0.1873 -0.8444 -0.5019
vn 0.2153 -0.8371 -0.5029
vn -0.3686 0.5783 -0.7278
vn -0.3660 0.5784 -0.7290
vn -0.3664 0.5784 -0.7289
vn -0.3690 0.5782 -0.7276
vn -0.1567 -0.8237 -0.5449
vn -0.1477 -0.8237 -0.5474
vn -0.1447 -0.8238 -0.5480
vn -0.1594 -0.8237 -0.5442
vn -0.9404 0.3242 -0.1024
vn -0.9385 0.3317 -0.0962
vn -0.9384 0.3321 -0.0955
vn -0.9405 0.3236 -0.1036
vn -0.3546 -0.6502 0.6719
vn -0.3566 -0.6505 0.6706
vn -0.3559 -0.6504 0.6710
vn -0.3537 -0.6502 0.6724
vn -0.4169 0.6254 -0.6596
vn -0.3905 0.6410 -0.6608
vn -0.3850 0.6444 -0.6607
vn -0.4265 0.6198 -0.6587
vn 0.9624 -0.2694 -0.0355
vn 0.9675 -0.2471 -0.0531
vn 0.9684 -0.2413 -0.0627
vn 0.9611 -0.2745 -0.0290
vn 0.3425 -0.9171 0.2039
vn 0.3283 -0.9204 0.2123
vn 0.3211 -0.9217 0.2176
vn 0.3512 -0.9152 0.1975
vn -0.9850 -0.1453 -0.0933
vn -0.9859 -0.1214 -0.1149
vn -0.9861 -0.1263 -0.1079
vn -0.9848 -0.1493 -0.0888
vn -0.9779 0.1337 -0.1607
vn -0.9777 0.1343 -0.1616
vn -0.9777 0.1341 -0.1615
vn -0.9779 0.1336 -0.1606
vn -0.8965 -0.2241 -0.3821
vn -0.8951 -0.2211 -0.3872
vn -0.8949 -0.2226 -0.3869
vn -0.8975 -0.2221 -0.3810
vn 0.1897 0.7968 0.5737
vn 0.1805 0.7945 0.5798
vn 0.1857 0.7958 0.5763
vn 0.1954 0.7981 0.5699
vn 0.8519 0.4776 -0.2147
vn 0.8519 0.4778 -0.2144
vn 0.8515 0.4834 -0.2031
vn 0.5111 -0.8562 -0.0755
vn 0.5347 -0.8446 -0.0269
vn 0.3705 -0.8965 -0.2429
vn 0.6044 -0.7894 0.1074
vn 0.0340 -0.9459 -0.3228
vn 0.1771 -0.8932 -0.4134
vn 0.0003 -0.9613 -0.2756
vn -0.0647 -0.9707 -0.2314
vn -0.8772 0.3828 0.2897
vn -0.8857 0.3754 0.2730
vn -0.8213 0.4065 0.4003
vn -0.9195 0.3386 0.1996
vn -0.3513 -0.8874 -0.2984
vn -0.4028 -0.8745 -0.2702
vn -0.3077 -0.8932 -0.3277
vn -0.4482 -0.8609 -0.2409
vn 0.2995 -0.7283 0.6164
vn 0.2358 -0.7460 0.6228
vn 0.3063 -0.7377 0.6016
vn 0.2226 -0.7400 0.6347
vn -0.8569 0.5102 -0.0735
vn -0.8709 0.4885 -0.0533
vn -0.8205 0.5616 -0.1067
vn -0.8968 0.4423 -0.0118
vn -0.7780 0.0972 -0.6207
vn -0.7874 0.0486 -0.6145
vn -0.7880 0.0792 -0.6106
vn -0.8098 -0.0413 -0.5853
vn -0.6802 -0.1500 0.7175
vn -0.7053 -0.0612 0.7062
vn -0.7219 -0.0191 0.6918
vn -0.6429 -0.1824 0.7439
vn -0.3904 0.5274 0.7546
vn -0.3904 0.5275 0.7546
vn 0.0339 0.5437 0.8386
vn 0.0262 0.5104 0.8595
vn 0.0263 0.5123 0.8584
vn 0.0349 0.5446 0.8380
vn -0.6336 -0.1447 0.7600
vn -0.6336 -0.1448 0.7600
vn 0.1934 0.9469 0.2570
vn 0.1937 0.9512 0.2401
vn 0.1938 0.9508 0.2418
vn 0.1942 0.9464 0.2582
vn -0.5365 -0.7782 0.3264
vn -0.2358 -0.3433 0.9091
vn -0.2345 -0.3277 0.9152
vn -0.2346 -0.3293 0.9146
vn -0.2361 -0.3444 0.9087
vn -0.0438 -0.9168 -0.3969
vn -0.2077 -0.8839 -0.4191
vn -0.2078 -0.8839 -0.4191
vn -0.7096 -0.6876 0.1536
vn -0.7097 -0.6876 0.1536
vn -0.7096 -0.6876 0.1537
vn 0.2004 -0.4079 -0.8907
vn 0.2003 -0.4080 -0.8908
vn 0.8129 0.2946 -0.5023
vn 0.8130 0.2944 -0.5024
vn 0.7789 0.5846 -0.2271
vn 0.7788 0.5848 -0.2269
vn -0.7862 0.0882 0.6116
vn -0.7861 0.0884 0.6118
vn 0.9510 -0.3049 0.0516
vn 0.9510 -0.3048 0.0516
vn 0.2383 0.6262 0.7424
vn 0.2527 0.6203 0.7426
vn 0.2531 0.6201 0.7426
vn 0.2379 0.6263 0.7424
vn 0.4057 -0.7220 -0.5604
vn 0.4732 -0.7114 -0.5196
vn 0.4705 -0.7119 -0.5213
vn 0.4039 -0.7223 -0.5615
vn 0.8695 0.1415 0.4733
vn 0.8706 0.1396 0.4718
vn 0.8706 0.1395 0.4718
vn 0.8695 0.1416 0.4733
vn -0.3574 -0.8167 0.4531
vn -0.3218 -0.7619 0.5621
vn -0.3146 -0.7519 0.5793
vn -0.3549 -0.8243 0.4411
vn 0.1621 -0.9169 -0.3648
vn 0.1617 -0.9176 -0.3632
vn 0.1617 -0.9176 -0.3631
vn 0.1621 -0.9168 -0.3649
vn -0.7532 0.0334 0.6569
vn -0.7532 0.0333 0.6570
vn -0.7531 0.0333 0.6570
vn -0.4472 0.5385 0.7142
vn -0.5734 0.5185 0.6344
vn -0.5646 0.5309 0.6320
vn -0.5591 0.5387 0.6303
vn -0.5773 0.5126 0.6356
vn -0.5512 -0.7045 0.4470
vn -0.5501 -0.7047 0.4481
vn -0.5558 -0.7041 0.4419
vn -0.5455 -0.7054 0.4526
vn -0.5660 -0.1764 -0.8053
vn -0.5569 -0.1870 -0.8092
vn -0.5369 -0.2117 -0.8166
vn -0.5876 -0.1473 -0.7957
vn -0.6285 -0.3217 0.7082
vn -0.6298 -0.3198 0.7078
vn -0.6219 -0.3310 0.7097
vn -0.6378 -0.3083 0.7058
vn -0.1209 -0.8874 0.4448
vn -0.1238 -0.8839 0.4509
vn -0.1203 -0.8875 0.4448
vn -0.1239 -0.8838 0.4511
vn -0.3402 0.4234 0.8396
vn -0.3398 0.4281 0.8374
vn -0.3398 0.4280 0.8375
vn -0.3405 0.4232 0.8396
vn -0.3224 -0.2500 0.9130
vn -0.3224 -0.2528 0.9122
vn -0.3218 -0.2499 0.9132
vn -0.5714 -0.5996 0.5603
vn -0.5714 -0.5996 0.5604
vn -0.0694 -0.8375 0.5421
vn -0.0694 -0.8375 0.5420
vn 0.4373 0.8868 -0.1493
vn -0.0112 0.9988 -0.0483
vn -0.0113 0.9988 -0.0482
vn 0.4925 0.6576 0.5701
vn 0.4971 0.6543 0.5698
vn 0.4990 0.6538 0.5688
vn 0.4906 0.6577 0.5716
vn -0.4934 -0.7840 -0.3768
vn -0.7244 -0.6877 -0.0486
vn -0.7243 -0.6877 -0.0486
vn -0.9152 -0.2430 0.3214
vn -0.4429 -0.2959 0.8463
vn 0.2013 -0.5075 0.8378
vn 0.2013 -0.5076 0.8378
vn -0.8885 -0.2412 0.3903
vn -0.8884 -0.2416 0.3903
vn -0.8878 -0.2436 0.3906
vn -0.8891 -0.2395 0.3900
vn -0.4118 -0.8800 -0.2368
vn -0.4117 -0.8800 -0.2368
vn 0.4329 0.6282 -0.6465
vn 0.4578 0.6126 -0.6443
vn 0.4511 0.6166 -0.6452
vn 0.4296 0.6305 -0.6465
vn -0.9784 0.0506 -0.2003
vn -0.9751 0.0597 -0.2136
vn -0.9761 0.0572 -0.2096
vn -0.9791 0.0487 -0.1975
vn -0.3889 -0.9098 -0.1452
vn -0.2924 -0.9490 -0.1183
vn -0.3256 -0.9373 -0.1245
vn -0.4029 -0.9026 -0.1517
vn -0.3163 -0.9469 -0.0570
vn -0.3242 -0.9445 -0.0528
vn -0.3258 -0.9440 -0.0519
vn -0.3144 -0.9476 -0.0574
vn -0.8210 0.5362 0.1962
vn -0.8055 0.5512 0.2175
vn -0.7934 0.5661 0.2238
vn -0.8279 0.5270 0.1919
vn -0.2607 -0.9614 -0.0876
vn -0.2941 -0.9539 -0.0595
vn -0.2986 -0.9528 -0.0554
vn -0.2545 -0.9629 -0.0903
vn -0.2462 -0.9586 -0.1431
vn -0.2690 -0.9563 -0.1144
vn -0.2707 -0.9561 -0.1121
vn -0.2428 -0.9590 -0.1461
vn -0.2110 -0.9583 -0.1926
vn -0.2451 -0.9590 -0.1422
vn -0.2463 -0.9591 -0.1393
vn -0.2079 -0.9585 -0.1953
vn -0.8942 0.4219 0.1494
vn -0.9079 0.3929 0.1461
vn -0.9095 0.3894 0.1457
vn -0.8930 0.4245 0.1496
vn -0.7125 0.2875 0.6401
vn -0.7291 0.2469 0.6383
vn -0.7298 0.2446 0.6384
vn -0.7118 0.2890 0.6401
vn -0.1553 -0.9416 -0.2987
vn -0.1938 -0.9581 -0.2112
vn -0.1941 -0.9582 -0.2101
vn -0.1536 -0.9409 -0.3020
vn -0.7677 -0.0779 0.6361
vn -0.7574 -0.0979 0.6455
vn -0.7515 -0.1084 0.6508
vn -0.7729 -0.0684 0.6309
vn -0.4422 -0.0235 0.8966
vn -0.4163 0.0827 0.9055
vn -0.1849 -0.2481 0.9509
vn 0.0863 0.7028 0.7061
vn 0.0864 0.7028 0.7061
vn -0.0514 0.9392 0.3395
vn 0.0293 0.9433 0.3305
vn 0.0294 0.9433 0.3306
vn 0.0293 0.9433 0.3306
vn -0.7789 -0.2099 0.5910
vn -0.7626 -0.2361 0.6022
vn -0.7593 -0.2420 0.6040
vn -0.7817 -0.2049 0.5890
vn -0.8442 -0.1710 0.5080
vn -0.8377 -0.1883 0.5126
vn -0.8333 -0.1995 0.5155
vn -0.8477 -0.1614 0.5053
vn -0.4289 -0.9019 -0.0508
vn -0.4630 -0.8863 -0.0061
vn -0.4503 -0.8926 -0.0228
vn -0.5082 -0.8596 0.0523
vn -0.5075 -0.8594 -0.0620
vn -0.5075 -0.8594 -0.0619
vn -0.8086 0.2277 0.5424
vn -0.5966 0.1871 0.7804
vn -0.6190 0.1200 0.7762
vn -0.6196 0.1178 0.7760
vn -0.5962 0.1885 0.7804
vn -0.5606 -0.8257 -0.0625
vn -0.5605 -0.8258 -0.0625
vn -0.8640 0.4933 -0.1009
vn -0.8630 0.4940 -0.1059
vn -0.8657 0.4890 -0.1071
vn -0.8592 0.5021 -0.0988
vn -0.9594 0.2820 -0.0097
vn -0.9646 0.2638 0.0052
vn -0.9655 0.2602 0.0081
vn -0.9582 0.2857 -0.0128
vn -0.1277 -0.5155 0.8473
vn -0.1083 -0.5342 0.8384
vn -0.0843 -0.5575 0.8259
vn -0.1536 -0.4915 0.8572
vn -0.7650 -0.6297 0.1354
vn -0.7650 -0.6297 0.1353
vn -0.1782 -0.5236 0.8331
vn -0.1621 -0.5373 0.8277
vn -0.1425 -0.5536 0.8205
vn -0.1957 -0.5087 0.8384
vn -0.9367 0.3104 -0.1618
vn -0.9446 0.2916 -0.1510
vn -0.9471 0.2852 -0.1471
vn -0.9344 0.3157 -0.1650
vn -0.5283 -0.7376 0.4206
vn -0.5268 -0.7377 0.4222
vn -0.5372 -0.7365 0.4110
vn -0.5190 -0.7387 0.4300
vn -0.6088 0.6989 0.3755
vn -0.5767 0.7029 0.4164
vn -0.5798 0.7023 0.4130
vn -0.5372 0.7102 0.4551
vn -0.4687 -0.6608 0.5862
vn -0.4495 -0.7351 0.5075
vn -0.8091 0.3834 0.4454
vn -0.8341 0.3281 0.4434
vn -0.8359 0.3238 0.4433
vn -0.8076 0.3865 0.4454
vn -0.4778 0.5323 0.6988
vn -0.4778 0.5323 0.6989
vn -0.4778 0.5324 0.6988
vn -0.6452 -0.5440 0.5365
vn -0.6273 -0.5979 0.4989
vn -0.6278 -0.5952 0.5015
vn -0.6459 -0.5423 0.5373
vn -0.6787 0.2922 -0.6738
vn -0.7272 0.1438 -0.6712
vn -0.7143 0.1896 -0.6737
vn -0.6655 0.3246 -0.6721
vn -0.9048 -0.2384 0.3529
vn -0.9059 -0.2339 0.3530
vn -0.9066 -0.2311 0.3532
vn -0.9042 -0.2405 0.3528
vn -0.7386 0.6572 -0.1502
vn -0.7045 0.6896 -0.1676
vn -0.7498 0.6454 -0.1456
vn -0.6921 0.7010 -0.1720
vn -0.8623 -0.4498 -0.2327
vn -0.8798 -0.3985 -0.2593
vn -0.8752 -0.4149 -0.2486
vn -0.8564 -0.4673 -0.2197
vn -0.7588 -0.4749 0.4456
vn -0.7472 -0.5060 0.4309
vn -0.7596 -0.4730 0.4464
vn -0.7466 -0.5086 0.4289
vn -0.7460 0.6557 -0.1164
vn -0.8074 0.5815 -0.1003
vn -0.7415 0.6606 -0.1178
vn -0.8142 0.5722 -0.0984
vn -0.8551 -0.3922 0.3391
vn -0.8401 -0.4272 0.3341
vn -0.8564 -0.3889 0.3396
vn -0.8383 -0.4325 0.3320
vn -0.9542 0.2840 -0.0938
vn -0.9616 0.2648 -0.0725
vn -0.9631 0.2606 -0.0676
vn -0.9527 0.2877 -0.0982
vn -0.0959 -0.3548 0.9300
vn -0.0781 -0.3697 0.9259
vn -0.0599 -0.3845 0.9212
vn -0.1120 -0.3414 0.9332
vn -0.9453 0.3169 0.0769
vn -0.9395 0.3341 0.0758
vn -0.9361 0.3442 0.0730
vn -0.9489 0.3059 0.0773
vn -0.5568 0.8271 -0.0766
vn -0.5481 0.8305 -0.0994
vn -0.5405 0.8300 -0.1376
vn -0.6021 0.7977 0.0349
vn -0.4815 -0.8681 -0.1205
vn -0.4821 -0.8677 -0.1210
vn -0.4764 -0.8717 -0.1146
vn -0.4891 -0.8629 -0.1274
vn -0.4261 -0.6372 0.6422
vn -0.4453 -0.6340 0.6322
vn -0.4380 -0.6367 0.6346
vn -0.4143 -0.6374 0.6497
vn -0.9384 -0.3263 0.1137
vn -0.9380 -0.3273 0.1143
vn -0.9385 -0.3261 0.1137
vn -0.9379 -0.3277 0.1141
vn -0.9537 -0.2818 -0.1054
vn -0.9704 -0.2260 -0.0846
vn -0.9763 -0.2050 -0.0697
vn -0.9504 -0.2907 -0.1108
vn -0.3656 -0.9073 0.2078
vn -0.3958 -0.8990 0.1873
vn -0.3847 -0.9021 0.1956
vn -0.3566 -0.9093 0.2145
vn 0.9633 0.1050 -0.2470
vn 0.9616 0.1086 -0.2522
vn 0.9608 0.1096 -0.2547
vn 0.9638 0.1039 -0.2456
vn -0.7832 0.5291 -0.3265
vn -0.7940 0.5151 -0.3229
vn -0.7938 0.5139 -0.3252
vn -0.7830 0.5301 -0.3253
vn -0.3986 -0.8990 -0.1816
vn -0.4232 -0.8910 -0.1641
vn -0.4498 -0.8809 -0.1471
vn -0.3719 -0.9066 -0.1995
vn -0.5363 0.8358 0.1177
vn -0.5018 0.6261 0.5968
vn 0.3907 0.6206 -0.6799
vn -0.1048 0.9489 0.2976
vn 0.1414 0.9499 0.2789
vn 0.6999 0.3421 -0.6270
vn -0.1330 0.9857 -0.1038
vn 0.1968 0.9640 0.1789
vn 0.8341 0.4940 -0.2455
vn -0.0595 0.9114 -0.4072
vn 0.2341 0.9703 0.0612
vn -0.4502 0.8823 0.1376
vn -0.5914 0.8062 -0.0188
vn -0.5614 0.7337 0.3828
vn 0.6152 0.1221 -0.7789
vn -0.0551 0.9875 0.1477
vn 0.1863 0.9622 0.1987
vn 0.8070 0.3711 -0.4594
vn -0.1736 0.9543 -0.2435
vn 0.2329 0.9664 0.1086
vn 0.8425 0.5131 -0.1641
vn 0.0316 0.7688 -0.6387
vn 0.2533 0.9664 0.0443
vn 0.7204 0.6851 0.1077
vn 0.2658 0.9128 -0.3100
vn 0.2307 0.9107 0.3427
vn -0.5073 0.8183 -0.2704
vn -0.5414 0.8189 -0.1906
vn 0.2272 0.9736 -0.0225
vn 0.7845 0.5934 -0.1799
vn 0.1310 0.7024 -0.6996
vn 0.2795 0.9600 -0.0150
vn 0.1524 0.5976 -0.7872
vn 0.7764 0.5569 -0.2951
vn -0.0448 0.9749 -0.2179
vn -0.1263 0.9218 0.3664
vn 0.2225 0.9229 -0.3144
vn 0.3462 0.7921 0.5028
vn 0.3899 0.7840 0.4830
vn 0.3351 0.9012 -0.2748
vn -0.3187 0.1346 -0.9383
vn -0.7998 0.4623 -0.3828
vn -0.4847 0.5629 -0.6695
vn -0.7323 0.6808 0.0142
vn 0.1650 0.9849 -0.0530
vn 0.0279 0.7906 -0.6118
vn -0.1765 -0.1615 -0.9710
vn -0.0924 -0.1027 -0.9904
vn 0.5841 0.2369 -0.7764
vn 0.5940 0.4230 -0.6842
vn 0.0665 0.7904 -0.6090
vn 0.4926 0.4843 -0.7231
vn 0.3207 0.9077 -0.2706
vn 0.6499 0.5994 -0.4672
vn -0.7987 0.5944 -0.0939
vn -0.7109 0.3780 -0.5930
vn -0.7671 0.5566 -0.3191
vn -0.2525 -0.0683 -0.9652
vn 0.0011 0.6434 -0.7655
vn 0.2183 0.9750 0.0426
vn -0.1818 -0.4380 -0.8804
vn 0.4192 0.4178 -0.8061
vn -0.3278 0.2548 -0.9097
vn 0.6651 0.7020 -0.2547
vn 0.5842 0.1768 -0.7921
vn 0.5843 0.1769 -0.7920
vn -0.2964 -0.4732 -0.8296
vn -0.2963 -0.4732 -0.8296
vn -0.0146 0.9772 -0.2120
vn 0.5971 0.7902 -0.1379
vn -0.9580 -0.2733 0.0867
vn -0.0812 0.3886 0.9178
vn -0.7659 0.1856 0.6156
vn -0.7658 0.1857 0.6157
vn -0.1339 -0.9291 -0.3449
vn 0.3109 0.4208 -0.8522
vn 0.2848 0.7995 0.5289
vn 0.2847 0.7995 0.5289
vn -0.8587 -0.4865 -0.1613
vn -0.8586 -0.4865 -0.1613
vn 0.7341 -0.3336 -0.5914
vn -0.8781 -0.4402 -0.1876
vn 0.0180 -0.3607 -0.9325
vn 0.0180 -0.3608 -0.9325
vn -0.3483 0.6320 0.6923
vn -0.3485 0.6320 0.6922
vn -0.7611 0.1147 0.6384
vn -0.7612 0.1146 0.6384
vn 0.5842 0.1769 -0.7921
vn -0.2877 0.4609 0.8395
vn -0.2876 0.4610 0.8395
vn 0.3109 0.4207 -0.8522
vn 0.3740 0.3476 -0.8598
vn 0.5733 0.8056 -0.1495
vn 0.4425 0.8964 0.0250
vn 0.4425 0.8964 0.0251
vn -0.5086 -0.0217 0.8608
vn -0.5085 -0.0217 0.8608
vn 0.0873 0.5330 -0.8416
vn 0.0874 0.5330 -0.8416
vn 0.0873 0.5329 -0.8416
vn 0.1298 0.4736 -0.8712
vn 0.1298 0.4735 -0.8712
vn 0.1297 0.4736 -0.8711
vn -0.7380 0.5720 -0.3581
vn -0.5409 0.6495 -0.5344
vn -0.5406 0.6498 -0.5343
vn -0.5920 0.7959 -0.1269
vn -0.5923 0.7956 -0.1271
vn -0.5922 0.7957 -0.1271
vn -0.5922 0.7957 -0.1270
vn -0.3412 0.1176 -0.9326
vn -0.3412 0.1177 -0.9326
vn -0.3523 0.1157 -0.9287
vn -0.3523 0.1158 -0.9287
vn -0.3542 -0.0952 -0.9303
vn -0.3543 -0.0952 -0.9303
vn -0.5925 0.7956 -0.1265
vn -0.5921 0.7959 -0.1265
vn -0.8224 0.5620 -0.0887
vn -0.8222 0.5622 -0.0887
vn -0.5410 0.6498 -0.5340
vn -0.5410 0.6497 -0.5341
vn -0.6511 0.5426 -0.5307
vn -0.6510 0.5430 -0.5304
vn -0.6512 0.5425 -0.5307
vn -0.6511 0.5427 -0.5306
vn -0.7562 0.5744 -0.3136
vn -0.7562 0.5743 -0.3136
vn -0.7562 0.5743 -0.3137
vn -0.7562 0.5744 -0.3135
vn -0.6901 0.6622 -0.2918
vn -0.6901 0.6623 -0.2919
vn -0.6902 0.6622 -0.2917
vn -0.1936 -0.0105 -0.9810
vn -0.1937 -0.0104 -0.9810
vn -0.1935 -0.0105 -0.9810
vn -0.1934 -0.0103 -0.9811
vn 0.1322 0.4721 -0.8716
vn 0.1319 0.4719 -0.8718
vn 0.1318 0.4717 -0.8718
vn 0.1322 0.4722 -0.8715
vn -0.3535 0.0617 -0.9334
vn -0.3536 0.0616 -0.9333
vn -0.3534 0.0617 -0.9335
vn 0.0687 0.5555 -0.8287
vn 0.0684 0.5553 -0.8288
vn 0.0689 0.5557 -0.8285
vn 0.0682 0.5552 -0.8289
vn 0.3514 0.7806 0.5169
vn 0.2546 0.9639 0.0785
vn 0.2546 0.9639 0.0786
vn -0.2964 0.5181 0.8023
vn -0.2963 0.5182 0.8023
vn 0.2407 -0.2419 0.9400
vn 0.2406 -0.2419 0.9400
vn 0.2406 -0.2420 0.9400
vn 0.8281 0.5603 0.0195
vn -0.0669 -0.9432 0.3254
vn -0.0670 -0.9432 0.3254
vn 0.4889 0.7578 0.4321
vn 0.4889 0.7578 0.4322
vn 0.4027 0.8126 0.4214
vn 0.4245 0.7713 0.4743
vn 0.4245 0.7713 0.4742
vn 0.9073 -0.0178 -0.4201
vn 0.9074 -0.0183 -0.4199
vn 0.0234 0.9789 -0.2028
vn 0.0235 0.9789 -0.2029
vn -0.8481 0.0723 0.5249
vn -0.8481 0.0722 0.5249
vn -0.3720 0.1007 -0.9228
vn -0.3756 0.0902 -0.9224
vn -0.3753 0.0911 -0.9224
vn -0.3713 0.1028 -0.9228
vn 0.3132 0.7792 0.5430
vn 0.3131 0.7792 0.5430
vn -0.4342 0.9008 -0.0036
vn -0.4299 0.9029 -0.0075
vn -0.4313 0.9022 -0.0075
vn -0.4353 0.9003 -0.0015
vn 0.8038 0.2412 -0.5438
vn 0.7380 0.1742 -0.6519
vn 0.7402 0.1622 -0.6525
vn 0.7326 0.1884 -0.6541
vn 0.7438 0.1491 -0.6516
vn 0.6132 0.5417 -0.5750
vn 0.6161 0.5362 -0.5770
vn 0.6069 0.5475 -0.5761
vn 0.6217 0.5285 -0.5781
vn 0.8510 -0.4542 -0.2637
vn 0.8432 -0.4563 -0.2843
vn 0.8417 -0.4525 -0.2947
vn 0.8489 -0.4605 -0.2593
vn 0.1807 -0.8922 -0.4139
vn 0.1812 -0.8887 -0.4213
vn 0.1815 -0.8934 -0.4110
vn 0.1804 -0.8870 -0.4252
vn 0.7652 -0.5143 -0.3872
vn 0.7647 -0.5173 -0.3841
vn 0.7663 -0.5073 -0.3943
vn 0.7639 -0.5234 -0.3774
vn 0.7785 -0.3005 -0.5510
vn 0.7742 -0.2743 -0.5705
vn 0.7769 -0.2599 -0.5735
vn 0.7790 -0.3084 -0.5460
vn 0.8715 -0.2895 -0.3958
vn 0.8612 -0.2888 -0.4182
vn 0.8516 -0.2834 -0.4410
vn 0.8711 -0.2963 -0.3916
vn 0.3758 -0.9259 -0.0383
vn 0.3842 -0.9231 0.0153
vn 0.3739 -0.9264 -0.0459
vn 0.3853 -0.9223 0.0291
vn 0.8501 -0.4378 -0.2927
vn 0.8495 -0.4257 -0.3118
vn 0.8554 -0.4342 -0.2824
vn 0.8459 -0.4317 -0.3131
vn 0.8878 0.2706 -0.3723
vn 0.8883 0.2693 -0.3721
vn 0.8919 0.2648 -0.3667
vn 0.8814 0.2815 -0.3793
vn 0.0127 0.9421 -0.3351
vn 0.0169 0.9429 -0.3327
vn 0.0084 0.9411 -0.3379
vn 0.0219 0.9439 -0.3294
vn 0.7867 0.3269 -0.5237
vn 0.7840 0.3295 -0.5262
vn 0.7897 0.3254 -0.5201
vn 0.7776 0.3315 -0.5342
vn 0.6919 -0.6036 -0.3962
vn 0.6922 -0.6029 -0.3968
vn 0.6912 -0.6057 -0.3942
vn 0.6928 -0.6010 -0.3986
vn 0.2588 -0.8776 -0.4034
vn 0.2587 -0.8776 -0.4035
vn 0.8963 -0.3446 -0.2791
vn 0.8934 -0.3468 -0.2855
vn 0.8979 -0.3405 -0.2791
vn 0.8930 -0.3496 -0.2835
vn 0.2160 0.9373 0.2734
vn 0.9893 -0.0070 -0.1460
vn 0.9893 -0.0069 -0.1460
vn 0.0191 -0.9998 0.0084
vn 0.0191 -0.9998 0.0083
vn 0.9432 -0.3318 -0.0144
vn 0.8260 0.5637 0.0005
vn 0.8259 0.5637 0.0005
vn 0.8259 0.5638 0.0005
vn 0.7265 0.5176 0.4521
vn 0.7265 0.5175 0.4521
vn 0.9638 -0.2666 -0.0068
vn 0.9442 0.2377 -0.2279
vn 0.9443 0.2377 -0.2278
vn 0.9778 0.0987 0.1849
vn 0.9778 0.0986 0.1849
vn 0.8698 0.4722 0.1432
vn 0.5235 0.8002 0.2927
vn 0.5234 0.8002 0.2927
vn 0.9601 0.2290 0.1608
vn 0.7298 0.6770 0.0957
vn 0.7298 0.6769 0.0958
vn 0.9068 0.2758 -0.3187
vn 0.9068 0.2759 -0.3188
vn 0.9068 0.2758 -0.3188
vn 0.9596 -0.2004 -0.1974
vn 0.2161 -0.8435 -0.4917
vn 0.2162 -0.8435 -0.4917
vn 0.8578 -0.2289 -0.4602
vn 0.8577 -0.2290 -0.4604
vn 0.8578 -0.2289 -0.4603
vn 0.4840 -0.6636 -0.5705
vn 0.9152 0.3050 -0.2636
vn 0.9152 0.3050 -0.2635
vn 0.9151 0.3050 -0.2636
vn 0.1361 0.9799 -0.1461
vn 0.9526 0.2602 -0.1573
vn 0.9526 0.2602 -0.1574
vn 0.9526 0.2603 -0.1573
vn 0.2434 0.8122 0.5301
vn 0.2434 0.8126 0.5295
vn 0.5473 -0.6580 -0.5173
vn 0.5473 -0.6579 -0.5172
vn 0.5473 -0.6580 -0.5172
vn 0.8839 -0.2595 -0.3890
vn 0.3073 -0.8126 -0.4953
vn 0.8039 0.5037 -0.3162
vn 0.1722 0.9850 0.0080
vn 0.1721 0.9850 0.0081
vn 0.8798 0.3589 -0.3118
vn 0.2870 -0.8221 -0.4917
vn 0.8741 -0.2797 -0.3972
vn 0.8741 -0.2797 -0.3971
vn 0.5324 -0.6679 -0.5200
vn 0.5324 -0.6680 -0.5200
vn 0.8695 0.3972 -0.2937
vn 0.8695 0.3971 -0.2937
vn 0.1786 0.9839 0.0054
vn 0.8531 0.4439 -0.2743
vn 0.8531 0.4438 -0.2743
vn 0.7115 -0.5419 -0.4473
vn 0.7122 -0.5357 -0.4537
vn 0.7113 -0.5447 -0.4442
vn 0.7102 -0.5342 -0.4586
vn 0.2190 -0.8869 -0.4068
vn 0.2195 -0.8861 -0.4083
vn 0.2185 -0.8879 -0.4047
vn 0.2201 -0.8847 -0.4110
vn 0.8478 -0.3127 -0.4283
vn 0.8487 -0.3081 -0.4298
vn 0.8475 -0.3172 -0.4255
vn 0.8485 -0.3052 -0.4324
vn 0.1280 0.5062 0.8529
vn 0.1496 0.5082 0.8482
vn 0.1465 0.5078 0.8489
vn 0.1250 0.5057 0.8536
vn 0.8217 0.2508 -0.5118
vn 0.8220 0.2505 -0.5115
vn 0.8204 0.2517 -0.5133
vn 0.8233 0.2491 -0.5100
vn -0.1232 -0.9241 0.3618
vn -0.1228 -0.9242 0.3617
vn -0.1227 -0.9242 0.3616
vn -0.1233 -0.9240 0.3619
vn 0.9159 0.0079 -0.4012
vn 0.9164 0.0060 -0.4003
vn 0.9139 0.0015 -0.4060
vn 0.9129 0.0038 -0.4081
vn 0.7736 -0.5091 -0.3773
vn 0.7753 -0.4933 -0.3944
vn 0.7830 -0.4892 -0.3842
vn 0.7695 -0.5126 -0.3809
vn 0.1533 -0.9191 -0.3629
vn 0.1535 -0.9031 -0.4012
vn 0.1558 -0.9272 -0.3407
vn 0.1510 -0.8913 -0.4275
vn 0.7889 -0.3808 -0.4823
vn 0.7918 -0.3738 -0.4831
vn 0.7960 -0.3764 -0.4740
vn 0.7861 -0.3791 -0.4882
vn 0.9028 -0.3608 -0.2340
vn 0.9153 -0.3217 -0.2424
vn 0.9278 -0.3084 -0.2102
vn 0.8986 -0.3666 -0.2410
vn 0.9342 0.3103 -0.1758
vn 0.9384 0.2979 -0.1754
vn 0.9307 0.3204 -0.1767
vn 0.9417 0.2885 -0.1730
vn 0.7993 0.2832 -0.5300
vn 0.8187 0.2638 -0.5101
vn 0.7948 0.2875 -0.5345
vn 0.8225 0.2597 -0.5059
vn 0.7718 0.6090 -0.1830
vn 0.8193 0.5448 -0.1789
vn 0.7777 0.6036 -0.1754
vn 0.8225 0.5400 -0.1788
vn 0.7566 0.6285 -0.1805
vn 0.7397 0.6460 -0.1887
vn 0.7530 0.6325 -0.1813
vn 0.7356 0.6499 -0.1910
vn 0.0427 0.9741 -0.2220
vn 0.0427 0.9741 -0.2221
vn 0.7284 0.5692 -0.3814
vn 0.7523 0.5179 -0.4071
vn 0.7278 0.5718 -0.3785
vn 0.7536 0.5152 -0.4083
vn 0.8232 0.3032 -0.4800
vn 0.8339 0.2877 -0.4709
vn 0.8194 0.3083 -0.4832
vn 0.8371 0.2831 -0.4681
vn 0.8285 0.2693 -0.4910
vn 0.8487 0.2320 -0.4753
vn 0.8227 0.2783 -0.4957
vn 0.8555 0.2204 -0.4686
vn 0.6940 0.3207 -0.6445
vn 0.6869 0.3273 -0.6489
vn 0.6788 0.3347 -0.6536
vn 0.7015 0.3135 -0.6399
vn 0.5371 0.7063 -0.4611
vn 0.5570 0.6541 -0.5118
vn 0.5373 0.7076 -0.4590
vn 0.5579 0.6528 -0.5124
vn 0.9805 0.0775 -0.1808
vn 0.9805 0.0776 -0.1808
vn 0.9487 0.3129 -0.0465
vn 0.9486 0.3129 -0.0465
vn 0.9486 0.3130 -0.0466
vn 0.7644 -0.0089 0.6447
vn 0.7643 -0.0089 0.6448
vn 0.7644 -0.0090 0.6447
vn 0.3383 0.8330 -0.4378
vn 0.3608 0.7622 -0.5374
vn 0.6117 0.6433 -0.4604
vn 0.6263 0.6063 -0.4900
vn 0.6115 0.6450 -0.4583
vn 0.6270 0.6049 -0.4908
vn 0.8475 0.4706 -0.2456
vn 0.8581 0.4472 -0.2522
vn 0.8466 0.4726 -0.2447
vn 0.8589 0.4454 -0.2527
vn 0.8132 0.5686 0.1238
vn 0.8142 0.5673 0.1232
vn 0.8130 0.5689 0.1239
vn 0.8144 0.5671 0.1231
vn 0.9385 -0.1266 -0.3213
vn 0.9368 -0.1383 -0.3215
vn 0.9385 -0.1265 -0.3213
vn 0.9369 -0.1384 -0.3210
vn 0.5431 0.5119 0.6656
vn 0.5363 0.5242 0.6615
vn 0.5474 0.5035 0.6684
vn 0.5332 0.5300 0.6594
vn 0.6695 0.2078 -0.7131
vn 0.6695 0.2079 -0.7131
vn 0.6695 0.2078 -0.7132
vn 0.2126 0.1753 0.9613
vn 0.2350 0.2005 0.9511
vn 0.2124 0.1749 0.9614
vn 0.2352 0.2007 0.9510
vn 0.7473 0.4421 -0.4961
vn 0.7282 0.6013 -0.3290
vn 0.7282 0.6012 -0.3290
vn 0.7844 0.0209 -0.6199
vn 0.3791 0.5428 0.7495
vn 0.3706 0.5582 0.7424
vn 0.3703 0.5590 0.7419
vn 0.3798 0.5424 0.7494
vn 0.3489 0.2485 0.9036
vn 0.3225 0.2290 0.9184
vn 0.3512 0.2501 0.9023
vn 0.3199 0.2279 0.9196
vn 0.9688 -0.1779 -0.1724
vn 0.9385 -0.2751 -0.2089
vn 0.9689 -0.1788 -0.1708
vn 0.9365 -0.2837 -0.2060
vn 0.5365 0.1118 0.8364
vn 0.5413 0.1303 0.8307
vn 0.5347 0.1051 0.8385
vn 0.5429 0.1364 0.8286
vn 0.5199 0.2045 0.8294
vn 0.5009 0.5198 0.6921
vn 0.5173 0.1487 0.8428
vn 0.4939 0.5596 0.6656
vn -0.3485 0.6319 0.6923
vn -0.3658 0.4600 0.8090
vn -0.3657 0.4601 0.8090
vn 0.7473 0.4420 -0.4961
vn -0.9798 0.1536 0.1282
vn -0.2895 -0.9552 0.0618
vn -0.2314 -0.9686 0.0904
vn -0.2372 -0.9678 0.0846
vn -0.2960 -0.9534 0.0579
vn -0.0234 -0.9907 0.1339
vn -0.0250 -0.9906 0.1345
vn -0.0206 -0.9909 0.1333
vn -0.0185 -0.9910 0.1326
vn 0.9682 -0.1523 0.1987
vn 0.9748 -0.1870 0.1214
vn 0.9731 -0.1642 0.1615
vn 0.9671 -0.1547 0.2020
vn 0.1650 0.9853 0.0447
vn 0.1647 0.9858 0.0310
vn 0.1670 0.9853 0.0361
vn 0.1628 0.9861 0.0325
vn -0.7862 0.6069 -0.1161
vn -0.7831 0.6112 -0.1150
vn -0.7859 0.6074 -0.1159
vn -0.7828 0.6116 -0.1150
vn 0.9071 0.4142 0.0747
vn 0.9119 0.3916 0.1232
vn 0.9086 0.4062 0.0973
vn 0.9103 0.3942 0.1261
vn -0.0546 0.9976 -0.0428
vn -0.0303 0.9990 -0.0334
vn -0.0515 0.9978 -0.0419
vn -0.0282 0.9991 -0.0326
vn -0.9720 0.1969 -0.1280
vn -0.9686 0.2054 -0.1399
vn -0.9708 0.1974 -0.1362
vn -0.9686 0.2053 -0.1401
vn -0.6219 0.7158 -0.3175
vn -0.6266 0.7006 -0.3414
vn -0.6240 0.7073 -0.3323
vn -0.6278 0.6958 -0.3488
vn -0.1205 0.9888 0.0884
vn -0.1234 0.9885 0.0880
vn -0.1263 0.9882 0.0871
vn -0.1181 0.9890 0.0888
vn -0.0246 -0.9994 -0.0235
vn -0.0139 -0.9994 -0.0327
vn 0.0073 -0.9987 -0.0512
vn -0.0335 -0.9993 -0.0156
vn -0.0313 -0.9978 -0.0593
vn -0.4103 -0.9077 0.0883
vn 0.4150 0.8815 -0.2254
vn 0.4343 0.8698 -0.2343
vn 0.0794 0.9945 -0.0679
vn 0.0501 0.9973 -0.0539
vn 0.0362 0.9956 -0.0863
vn 0.0361 0.9956 -0.0863
vn 0.0204 -0.3221 -0.9465
vn 0.0203 -0.3221 -0.9465
vn -0.1233 -0.2223 -0.9672
vn -0.1233 -0.2223 -0.9671
vn 0.6141 0.7422 -0.2682
vn 0.6142 0.7422 -0.2682
vn 0.7907 0.6118 -0.0222
vn 0.8042 0.5907 -0.0665
vn 0.7911 0.6112 -0.0250
vn 0.8039 0.5908 -0.0682
vn -0.6336 -0.7466 0.2027
vn -0.7912 -0.6090 -0.0554
vn -0.7950 -0.6045 -0.0498
vn -0.7908 -0.6094 -0.0567
vn -0.7965 -0.6026 -0.0509
vn -0.5377 -0.8120 0.2271
vn -0.5377 -0.8119 0.2271
vn 0.4995 0.8158 -0.2914
vn 0.4995 0.8159 -0.2913
vn -0.3114 -0.0571 -0.9486
vn -0.3114 -0.0572 -0.9486
vn 0.6213 0.2640 -0.7377
vn 0.6211 0.2635 -0.7382
vn -0.5347 -0.8339 0.1369
vn -0.8315 -0.5555 -0.0048
vn -0.7863 -0.6103 -0.0965
vn -0.7840 -0.6127 -0.0998
vn -0.8336 -0.5523 -0.0024
vn 0.5211 0.8323 -0.1892
vn 0.8818 0.4394 -0.1716
vn 0.8093 0.5868 0.0265
vn 0.8824 0.4358 -0.1770
vn 0.8066 0.5902 0.0321
vn 0.3758 0.8852 -0.2741
vn -0.8006 -0.5831 -0.1379
vn 0.5253 0.8477 -0.0743
vn 0.7008 0.7125 -0.0340
vn 0.6535 0.7569 -0.0063
vn 0.6969 0.7161 -0.0392
vn 0.6544 0.7561 -0.0058
vn -0.5535 -0.8314 0.0494
vn -0.4714 -0.8689 -0.1513
vn -0.5726 -0.8159 -0.0797
vn -0.4689 -0.8713 -0.1448
vn -0.5724 -0.8163 -0.0781
vn -0.5030 -0.8603 0.0830
vn -0.5031 -0.8603 0.0830
vn 0.3739 0.3475 -0.8599
vn -0.3657 0.4601 0.8091
vn -0.3658 0.4601 0.8090
vn 0.2517 -0.5436 0.8007
vn 0.3881 -0.4495 0.8046
vn 0.5128 -0.3439 0.7866
vn 0.1313 -0.6117 0.7802
vn -0.0477 -0.4390 0.8972
vn -0.0468 -0.4391 0.8972
vn -0.0375 -0.4401 0.8972
vn -0.0564 -0.4381 0.8972
vn 0.5774 0.7704 -0.2704
vn 0.4974 0.8198 -0.2838
vn 0.4222 0.8580 -0.2927
vn 0.6253 0.7354 -0.2611
vn 0.2870 0.9111 0.2958
vn 0.3596 0.8481 0.3892
vn 0.2418 0.9407 0.2378
vn 0.4047 0.7972 0.4480
vn 0.7508 0.5837 0.3093
vn 0.7485 0.5873 0.3079
vn 0.7316 0.6133 0.2978
vn 0.7663 0.5579 0.3187
vn 0.1857 -0.9523 0.2420
vn 0.1944 -0.9574 0.2135
vn 0.1396 -0.9006 0.4116
vn 0.2380 -0.9712 0.0126
vn -0.6199 -0.7218 0.3076
vn -0.6290 -0.7157 0.3035
vn -0.5892 -0.7416 0.3208
vn -0.6568 -0.6959 0.2904
vn -0.6184 -0.6827 -0.3893
vn -0.6988 -0.5887 -0.4064
vn -0.5467 -0.7503 -0.3718
vn -0.7351 -0.5383 -0.4122
vn 0.4382 0.2310 0.8687
vn 0.4233 0.5230 0.7398
vn 0.4370 0.1851 0.8802
vn 0.4190 0.5556 0.7182
vn 0.5229 0.1196 0.8440
vn 0.5298 0.1447 0.8357
vn 0.5203 0.1107 0.8468
vn 0.5322 0.1530 0.8327
vn -0.0324 -0.9975 -0.0622
vn -0.0323 -0.9975 -0.0623
vn 0.9746 -0.1689 -0.1469
vn 0.9549 -0.2434 -0.1703
vn 0.9736 -0.1746 -0.1470
vn 0.9545 -0.2471 -0.1669
vn 0.3122 0.2744 0.9095
vn 0.3159 0.2770 0.9074
vn 0.3117 0.2743 0.9097
vn 0.3163 0.2772 0.9073
vn 0.4658 0.8807 -0.0866
vn 0.4658 0.8806 -0.0866
vn 0.4329 -0.8279 -0.3566
vn 0.5716 -0.7679 -0.2892
vn 0.3898 -0.8420 -0.3730
vn 0.6087 -0.7456 -0.2712
vn -0.3844 -0.0041 0.9232
vn 0.8556 0.5165 -0.0343
vn 0.8976 0.4408 -0.0047
vn 0.8761 0.4817 -0.0213
vn 0.9078 0.4194 0.0076
vn 0.8182 0.5007 0.2826
vn 0.8034 0.5222 0.2861
vn 0.7858 0.5461 0.2903
vn 0.8463 0.4576 0.2727
vn 0.8253 0.4701 0.3129
vn 0.8250 0.4728 0.3096
vn 0.8246 0.4709 0.3135
vn 0.8260 0.4718 0.3085
vn -0.8236 -0.5247 0.2151
vn -0.8308 -0.5185 0.2021
vn -0.8289 -0.5226 0.1996
vn -0.8266 -0.5199 0.2155
vn -0.6929 -0.7209 0.0134
vn -0.6928 -0.7211 0.0085
vn -0.6936 -0.7204 0.0063
vn -0.6977 -0.7163 0.0149
vn -0.4160 -0.8862 -0.2039
vn -0.3994 -0.8890 -0.2238
vn -0.3872 -0.9143 -0.1186
vn -0.4733 -0.8421 -0.2587
vn 0.7536 0.6237 -0.2076
vn 0.7545 0.6215 -0.2109
vn 0.7505 0.6267 -0.2096
vn 0.7548 0.6210 -0.2111
vn 0.6545 0.7277 -0.2051
vn 0.6563 0.7234 -0.2143
vn 0.6537 0.7294 -0.2013
vn 0.6604 0.7182 -0.2193
vn 0.3184 0.9444 0.0817
vn 0.3080 0.9486 0.0723
vn 0.3025 0.9518 0.0512
vn 0.3485 0.9316 0.1031
vn -0.7952 -0.5912 -0.1345
vn -0.7920 -0.5933 -0.1439
vn -0.8023 -0.5868 -0.1098
vn -0.7820 -0.6004 -0.1676
vn -0.8220 -0.5641 -0.0783
vn -0.8243 -0.5631 -0.0597
vn -0.8230 -0.5679 0.0118
vn -0.8136 -0.5648 -0.1379
vn -0.8425 -0.5325 -0.0817
vn -0.8412 -0.5348 -0.0795
vn -0.8408 -0.5316 -0.1023
vn -0.8322 -0.5503 -0.0675
vn -0.4042 -0.8881 0.2187
vn 0.9924 0.0460 0.1141
vn 0.9924 0.0459 0.1141
vn -0.8460 0.5314 0.0434
vn -0.1972 -0.9761 0.0916
vn -0.8416 -0.5391 0.0323
vn -0.8416 -0.5392 0.0323
vn 0.9885 0.1512 -0.0083
vn -0.1815 0.9832 0.0217
vn -0.8778 0.4113 0.2457
vn -0.8777 0.4113 0.2457
vn 0.1424 -0.9840 0.1074
vn 0.8467 -0.5291 0.0564
vn 0.1557 0.9874 0.0275
vn 0.1556 0.9874 0.0275
vn -0.9633 -0.1522 0.2211
vn 0.9160 0.3908 0.0905
vn 0.9161 0.3907 0.0905
vn 0.5877 0.3099 0.7474
vn 0.6034 0.3208 0.7301
vn 0.5827 0.2991 0.7557
vn 0.6203 0.3315 0.7109
vn 0.5491 -0.6302 -0.5490
vn 0.5706 -0.5944 -0.5666
vn 0.6765 -0.4652 -0.5709
vn 0.5050 -0.6628 -0.5529
vn 0.9850 -0.0106 -0.1724
vn 0.9854 -0.0106 -0.1700
vn 0.9844 -0.0117 -0.1755
vn 0.9858 -0.0114 -0.1674
vn -0.3590 -0.0483 0.9321
vn -0.3347 -0.0525 0.9409
vn -0.3808 -0.0436 0.9236
vn -0.4030 -0.0408 0.9143
vn -0.2864 -0.8484 -0.4453
vn -0.2521 -0.8584 -0.4467
vn -0.2807 -0.8527 -0.4406
vn -0.2561 -0.8521 -0.4565
vn 0.9938 0.1106 -0.0102
vn 0.9938 0.1105 -0.0085
vn 0.9938 0.1109 -0.0122
vn 0.9939 0.1101 -0.0069
vn -0.6757 -0.7365 -0.0307
vn -0.6745 -0.7379 -0.0242
vn -0.6283 -0.7594 0.1689
vn -0.7036 -0.6912 -0.1649
vn -0.7947 -0.4926 0.3548
vn -0.7965 -0.4924 0.3509
vn -0.7805 -0.5291 0.3329
vn -0.8220 -0.4287 0.3750
vn 0.1402 0.9895 0.0351
vn 0.1285 0.9906 0.0471
vn 0.1573 0.9874 0.0175
vn 0.1110 0.9916 0.0656
vn 0.9859 0.1046 -0.1302
vn 0.9876 0.1133 -0.1085
vn 0.9845 0.0951 -0.1474
vn 0.9887 0.1217 -0.0875
vn -0.4314 -0.8477 -0.3087
vn -0.3691 -0.8562 -0.3615
vn -0.3954 -0.8534 -0.3397
vn -0.3338 -0.8584 -0.3895
vn -0.2404 0.7826 0.5742
vn -0.2668 0.7723 0.5765
vn -0.2430 0.7779 0.5795
vn -0.2586 0.7827 0.5662
vn 0.9619 -0.1629 -0.2196
vn 0.9604 -0.1657 -0.2238
vn 0.9638 -0.1620 -0.2119
vn 0.9589 -0.1701 -0.2273
vn 0.3242 -0.8718 -0.3674
vn 0.3310 -0.8701 -0.3653
vn 0.3333 -0.8729 -0.3563
vn 0.3231 -0.8690 -0.3749
vn 0.3353 0.7723 0.5396
vn 0.3594 0.7748 0.5201
vn 0.3199 0.7711 0.5505
vn 0.3792 0.7765 0.5033
vn -0.9709 0.2107 0.1139
vn -0.9660 0.2233 0.1299
vn -0.9641 0.2330 0.1277
vn -0.9717 0.2118 0.1042
vn -0.9655 -0.2163 -0.1451
vn -0.9633 -0.2209 -0.1523
vn -0.9619 -0.2230 -0.1581
vn -0.9671 -0.2122 -0.1405
vn -0.4028 -0.4278 -0.8092
vn -0.3989 -0.4294 -0.8102
vn -0.4036 -0.4276 -0.8089
vn -0.3981 -0.4298 -0.8105
vn -0.2969 0.3691 0.8807
vn -0.3040 0.3653 0.8799
vn -0.2939 0.3707 0.8810
vn -0.3074 0.3634 0.8794
vn 0.9988 0.0203 0.0439
vn 0.9988 0.0203 0.0440
vn 0.9988 0.0204 0.0441
vn -0.9785 0.0864 0.1874
vn -0.9784 0.0867 0.1879
vn -0.9783 0.0868 0.1880
vn -0.9590 -0.1275 -0.2532
vn -0.9583 -0.1290 -0.2551
vn -0.9591 -0.1277 -0.2526
vn -0.9582 -0.1292 -0.2554
vn -0.2596 -0.9656 0.0169
vn -0.2309 -0.9727 0.0229
vn -0.2683 -0.9632 0.0155
vn -0.2248 -0.9741 0.0240
vn 0.3694 -0.4347 -0.8213
vn 0.3706 -0.4344 -0.8210
vn 0.3707 -0.4346 -0.8208
vn 0.3692 -0.4348 -0.8214
vn 0.1841 -0.9824 -0.0305
vn 0.1659 -0.9855 -0.0360
vn 0.1918 -0.9810 -0.0293
vn 0.1593 -0.9865 -0.0376
vn 0.9473 0.1958 -0.2535
vn 0.9433 0.2188 -0.2495
vn 0.9473 0.1939 -0.2549
vn 0.9431 0.2221 -0.2474
vn 0.3508 0.3603 0.8644
vn 0.3445 0.3639 0.8654
vn 0.3417 0.3654 0.8659
vn 0.3539 0.3585 0.8639
vn 0.4367 -0.3866 -0.8123
vn 0.4576 -0.3897 -0.7992
vn 0.4272 -0.3840 -0.8186
vn 0.4635 -0.3914 -0.7950
vn -0.9692 -0.1386 0.2035
vn -0.9629 -0.1286 0.2374
vn -0.9702 -0.1473 0.1923
vn -0.9613 -0.1233 0.2464
vn -0.3479 -0.1378 0.9273
vn -0.3299 -0.1296 0.9351
vn -0.3586 -0.1443 0.9223
vn -0.3210 -0.1243 0.9389
vn 0.9853 -0.1376 0.1015
vn 0.9867 -0.1458 0.0726
vn 0.9864 -0.1518 0.0635
vn 0.9850 -0.1342 0.1083
vn 0.9785 -0.0929 -0.1843
vn 0.9780 -0.0941 -0.1862
vn 0.9784 -0.0929 -0.1847
vn 0.9779 -0.0943 -0.1865
vn 0.8896 -0.4033 -0.2144
vn 0.8943 -0.3842 -0.2294
vn 0.8890 -0.4022 -0.2189
vn 0.8935 -0.3867 -0.2284
vn -0.1804 0.9802 0.0817
vn -0.1547 0.9830 0.0994
vn -0.1660 0.9819 0.0917
vn -0.1388 0.9842 0.1101
vn -0.8524 0.2937 -0.4326
vn -0.8523 0.2561 -0.4561
vn -0.4770 -0.7899 0.3853
vn -0.2995 -0.9088 0.2903
vn -0.0683 -0.9838 0.1658
vn -0.7152 -0.5206 0.4663
vn -0.4352 -0.8985 -0.0564
vn -0.4983 -0.8534 -0.1531
vn -0.3334 -0.9414 0.0503
vn -0.5731 -0.7901 -0.2175
vn 0.8852 0.4603 0.0673
vn 0.8970 0.4400 0.0426
vn 0.9143 0.3996 -0.0665
vn 0.8381 0.5252 0.1475
vn -0.1953 -0.8255 -0.5295
vn -0.2187 -0.8150 -0.5366
vn -0.3178 -0.7663 -0.5583
vn -0.1151 -0.8539 -0.5075
vn 0.1129 -0.7334 0.6703
vn 0.2853 -0.7106 0.6432
vn 0.1122 -0.7362 0.6674
vn -0.0413 -0.7403 0.6710
vn 0.9336 0.2837 -0.2187
vn 0.9383 0.2779 -0.2059
vn 0.9006 0.3184 -0.2957
vn 0.9597 0.2382 -0.1490
vn 0.7413 -0.1810 -0.6462
vn 0.7768 -0.0216 -0.6294
vn 0.8042 -0.0336 -0.5934
vn 0.7067 -0.1362 -0.6943
vn 0.7276 0.1329 0.6730
vn 0.7238 0.1689 0.6690
vn 0.7220 0.0079 0.6919
vn 0.7204 0.3104 0.6202
vn 0.7173 0.6416 -0.2718
vn 0.7173 0.6415 -0.2718
vn 0.3748 0.5504 0.7460
vn 0.3734 0.5536 0.7444
vn 0.3734 0.5538 0.7442
vn 0.3752 0.5504 0.7458
vn 0.7844 0.0208 -0.6199
vn 0.7844 0.0207 -0.6199
vn -0.0885 0.9421 0.3234
vn -0.1045 0.9486 0.2986
vn -0.0895 0.9428 0.3212
vn -0.1049 0.9491 0.2969
vn 0.4029 -0.6519 -0.6424
vn 0.4028 -0.6520 -0.6424
vn 0.6672 -0.3418 0.6618
vn 0.6689 -0.3243 0.6689
vn 0.6674 -0.3402 0.6625
vn 0.6689 -0.3232 0.6695
vn -0.3181 -0.9254 -0.2058
vn -0.3181 -0.9255 -0.2058
vn -0.3390 -0.8679 -0.3630
vn 0.2273 -0.5480 -0.8050
vn 0.2273 -0.5481 -0.8050
vn -0.8984 -0.4361 0.0526
vn -0.5528 0.1605 0.8177
vn -0.5528 0.1606 0.8177
vn 0.6209 0.2631 -0.7384
vn 0.6210 0.2635 -0.7382
vn -0.1860 -0.2529 0.9495
vn -0.1860 -0.2529 0.9494
vn 0.6429 0.6502 0.4049
vn 0.6433 0.6509 0.4031
vn 0.6428 0.6502 0.4050
vn 0.6434 0.6509 0.4030
vn -0.6104 -0.6984 0.3736
vn -0.6378 -0.7173 0.2806
vn -0.6115 -0.6992 0.3703
vn -0.6384 -0.7176 0.2782
vn 0.2331 0.1969 0.9523
vn 0.2361 0.2004 0.9508
vn 0.2362 0.2004 0.9508
vn 0.6445 -0.6407 0.4174
vn 0.6287 -0.7125 0.3116
vn 0.6484 -0.6320 0.4243
vn 0.6265 -0.7206 0.2969
vn -0.2894 -0.9572 -0.0020
vn -0.2920 -0.9564 -0.0013
vn -0.2893 -0.9572 -0.0021
vn -0.2921 -0.9564 -0.0013
vn 0.6699 0.2075 -0.7129
vn 0.6775 0.6586 -0.3275
vn 0.6775 0.6586 -0.3276
vn 0.5371 0.5190 0.6650
vn 0.5316 0.5266 0.6634
vn 0.5408 0.5136 0.6661
vn 0.5290 0.5303 0.6625
vn 0.5489 -0.7120 0.4379
vn 0.5481 -0.7120 0.4388
vn 0.5455 -0.7123 0.4417
vn 0.5519 -0.7115 0.4350
vn 0.4622 -0.1737 -0.8696
vn 0.4652 -0.1711 -0.8685
vn 0.4876 -0.1486 -0.8603
vn 0.4355 -0.1996 -0.8778
vn 0.6102 -0.3299 0.7203
vn 0.6159 -0.3227 0.7187
vn 0.6099 -0.3304 0.7204
vn 0.6027 -0.3394 0.7222
vn 0.5259 -0.8136 -0.2479
vn 0.5187 -0.8190 -0.2453
vn 0.5257 -0.8138 -0.2478
vn 0.5187 -0.8193 -0.2444
vn 0.8114 0.5344 -0.2368
vn 0.8069 0.5419 -0.2350
vn 0.8068 0.5421 -0.2349
vn 0.8114 0.5342 -0.2372
vn 0.9376 -0.1245 -0.3247
vn 0.9379 -0.1241 -0.3241
vn 0.9376 -0.1246 -0.3247
vn 0.9382 -0.1242 -0.3231
vn 0.7997 -0.5996 -0.0311
vn 0.4419 -0.8375 0.3215
vn -0.4087 0.8868 0.2157
vn -0.4087 0.8868 0.2156
vn -0.0275 0.9988 -0.0413
vn -0.0274 0.9988 -0.0413
vn 0.0767 0.6576 0.7494
vn 0.0713 0.6537 0.7533
vn 0.0733 0.6545 0.7525
vn 0.0791 0.6577 0.7491
vn 0.0645 -0.7840 -0.6175
vn 0.0645 -0.7840 -0.6174
vn 0.4617 -0.6877 -0.5602
vn 0.8618 -0.2430 -0.4452
vn 0.8619 -0.2429 -0.4451
vn 0.8619 -0.2430 -0.4452
vn 0.9196 -0.2959 0.2586
vn 0.4713 -0.5075 0.7214
vn 0.4712 -0.5076 0.7213
vn 0.4713 -0.5075 0.7213
vn 0.8936 -0.2415 -0.3784
vn 0.8936 -0.2412 -0.3785
vn 0.8933 -0.2436 -0.3777
vn 0.8938 -0.2395 -0.3791
vn 0.1103 -0.8800 -0.4620
vn -0.4597 -0.3922 -0.7968
vn -0.4592 -0.3932 -0.7966
vn -0.4587 -0.3922 -0.7973
vn -0.4606 -0.3927 -0.7960
vn 0.9786 -0.1676 -0.1194
vn 0.9756 -0.1757 -0.1319
vn 0.9742 -0.1794 -0.1369
vn 0.9795 -0.1651 -0.1158
vn 0.1042 -0.9718 -0.2117
vn 0.1989 -0.9452 -0.2588
vn 0.2356 -0.9329 -0.2725
vn 0.0852 -0.9761 -0.1999
vn 0.3203 -0.9248 -0.2053
vn 0.3032 -0.9304 -0.2058
vn 0.3249 -0.9231 -0.2056
vn 0.2999 -0.9315 -0.2059
vn 0.8520 0.4974 0.1634
vn 0.8220 0.5344 0.1970
vn 0.8646 0.4772 0.1576
vn 0.8117 0.5479 0.2022
vn 0.2838 -0.8827 -0.3746
vn 0.2364 -0.9017 -0.3621
vn 0.2918 -0.8786 -0.3781
vn 0.2301 -0.9039 -0.3605
vn 0.2159 -0.8266 -0.5198
vn 0.1848 -0.8437 -0.5039
vn 0.2195 -0.8241 -0.5222
vn 0.1825 -0.8449 -0.5028
vn 0.1943 -0.7571 -0.6237
vn 0.1529 -0.7906 -0.5929
vn 0.1965 -0.7544 -0.6264
vn 0.1507 -0.7919 -0.5918
vn 0.8492 0.4698 -0.2411
vn 0.8592 0.4474 -0.2482
vn 0.8485 0.4716 -0.2402
vn 0.8600 0.4456 -0.2487
vn 0.6127 0.6430 -0.4595
vn 0.6264 0.6063 -0.4899
vn 0.6126 0.6447 -0.4573
vn 0.6271 0.6049 -0.4907
vn 0.1052 -0.6613 -0.7427
vn 0.0638 -0.7226 -0.6883
vn 0.1067 -0.6586 -0.7449
vn 0.0633 -0.7231 -0.6878
vn 0.9685 -0.0661 0.2400
vn 0.9635 -0.0851 0.2540
vn 0.9713 -0.0554 0.2315
vn 0.9605 -0.0947 0.2618
vn 0.3415 0.8323 -0.4367
vn 0.3616 0.7621 -0.5370
vn 0.8186 -0.2481 0.5180
vn 0.4543 0.7028 0.5474
vn 0.4544 0.7028 0.5473
vn 0.2822 0.9392 0.1956
vn 0.2203 0.9433 0.2482
vn 0.9746 -0.2085 0.0815
vn 0.9714 -0.2203 0.0890
vn 0.9754 -0.2057 0.0795
vn 0.9705 -0.2231 0.0915
vn 0.9571 -0.1571 0.2435
vn 0.9527 -0.1727 0.2501
vn 0.9604 -0.1448 0.2382
vn 0.9495 -0.1832 0.2546
vn 0.5012 -0.8593 -0.1019
vn 0.5186 -0.8506 -0.0863
vn 0.4677 -0.8743 -0.1300
vn 0.5388 -0.8398 -0.0663
vn 0.3032 -0.8594 -0.4117
vn 0.9495 0.2277 -0.2160
vn 0.5413 0.7050 -0.4582
vn 0.5600 0.6534 -0.5094
vn 0.5415 0.7062 -0.4562
vn 0.5609 0.6521 -0.5100
vn -0.1077 -0.2504 -0.9621
vn -0.1077 -0.2505 -0.9621
vn 0.5169 0.4878 -0.7035
vn 0.5156 0.4819 -0.7085
vn 0.5140 0.4998 -0.6971
vn 0.5174 0.4752 -0.7116
vn 0.7719 0.3029 -0.5589
vn 0.7851 0.2860 -0.5494
vn 0.7692 0.3062 -0.5608
vn 0.7877 0.2826 -0.5474
vn 0.5483 -0.5124 0.6610
vn 0.5543 -0.5071 0.6601
vn 0.5399 -0.5185 0.6631
vn 0.5628 -0.4999 0.6583
vn 0.6234 -0.6297 -0.4636
vn 0.6234 -0.6297 -0.4635
vn 0.3792 -0.5201 0.7653
vn 0.3960 -0.5072 0.7655
vn 0.3602 -0.5339 0.7650
vn 0.4172 -0.4904 0.7651
vn 0.8106 0.3179 -0.4917
vn 0.8226 0.2995 -0.4833
vn 0.8054 0.3255 -0.4954
vn 0.8269 0.2928 -0.4800
vn 0.5515 -0.7400 0.3851
vn 0.5426 -0.7408 0.3960
vn 0.5527 -0.7399 0.3835
vn 0.5600 -0.7389 0.3749
vn 0.5771 0.7229 0.3800
vn 0.5608 0.7227 0.4040
vn 0.5778 0.7228 0.3792
vn 0.5978 0.7195 0.3535
vn 0.3696 0.1717 -0.9132
vn 0.3549 0.0672 -0.9325
vn 0.7340 0.5669 -0.3740
vn 0.7565 0.5171 -0.4004
vn 0.7336 0.5694 -0.3711
vn 0.7577 0.5144 -0.4016
vn -0.1151 0.9931 -0.0217
vn 0.5863 0.0215 -0.8098
vn 0.5743 -0.0491 -0.8171
vn 0.5857 0.0180 -0.8103
vn 0.5739 -0.0513 -0.8173
vn 0.6688 0.2699 -0.6928
vn 0.6488 0.3123 -0.6939
vn 0.6328 0.3442 -0.6937
vn 0.6798 0.2444 -0.6914
vn 0.9623 -0.2088 0.1740
vn 0.9614 -0.2131 0.1742
vn 0.9629 -0.2064 0.1740
vn 0.9607 -0.2162 0.1742
vn 0.8063 0.5659 -0.1719
vn 0.7661 0.6121 -0.1961
vn 0.7958 0.5790 -0.1773
vn 0.7525 0.6267 -0.2024
vn 0.8837 -0.4327 -0.1782
vn 0.9025 -0.3846 -0.1936
vn 0.9062 -0.3738 -0.1977
vn 0.8779 -0.4462 -0.1737
vn 0.6628 -0.0883 -0.7436
vn 0.6547 -0.1352 -0.7437
vn 0.6623 -0.0921 -0.7436
vn 0.6542 -0.1377 -0.7437
vn 0.7738 0.5958 -0.2150
vn 0.8574 0.4688 -0.2123
vn 0.7837 0.5850 -0.2088
vn 0.8616 0.4608 -0.2131
vn 0.8081 -0.1859 -0.5589
vn 0.7955 -0.2470 -0.5533
vn 0.8069 -0.1927 -0.5584
vn 0.7943 -0.2519 -0.5528
vn 0.7858 0.2965 -0.5427
vn 0.8039 0.2777 -0.5260
vn 0.7813 0.3009 -0.5468
vn 0.8077 0.2737 -0.5222
vn 0.4486 -0.3553 0.8201
vn 0.4665 -0.3415 0.8159
vn 0.4321 -0.3673 0.8237
vn 0.4849 -0.3272 0.8111
vn 0.9257 0.3663 -0.0942
vn 0.9317 0.3508 -0.0942
vn 0.9210 0.3778 -0.0949
vn 0.9361 0.3397 -0.0915
vn 0.5992 0.7701 -0.2187
vn 0.6016 0.7694 -0.2148
vn 0.5386 0.7907 -0.2909
vn 0.6267 0.7605 -0.1701
vn 0.4944 -0.8588 -0.1339
vn 0.4956 -0.8580 -0.1349
vn 0.5009 -0.8541 -0.1403
vn 0.4880 -0.8635 -0.1278
vn 0.5128 -0.6413 0.5708
vn 0.5056 -0.6435 0.5747
vn 0.5225 -0.6414 0.5618
vn 0.5329 -0.6415 0.5518
vn 0.9098 -0.2707 -0.3145
vn 0.9028 -0.2988 -0.3092
vn 0.9088 -0.2750 -0.3138
vn 0.9020 -0.3020 -0.3086
vn 0.9372 -0.1920 -0.2912
vn 0.9464 -0.1626 -0.2791
vn 0.9327 -0.2033 -0.2980
vn 0.9487 -0.1599 -0.2728
vn 0.4043 -0.1492 0.9024
vn 0.3663 -0.1294 0.9215
vn 0.3907 -0.1411 0.9096
vn 0.3552 -0.1227 0.9267
vn -0.9613 -0.1989 -0.1909
vn -0.9649 -0.1911 -0.1801
vn -0.9594 -0.2031 -0.1955
vn -0.9660 -0.1888 -0.1767
vn 0.8509 0.4745 -0.2253
vn 0.8618 0.4549 -0.2246
vn 0.8503 0.4763 -0.2239
vn 0.8627 0.4530 -0.2248
vn 0.5092 -0.8382 -0.1956
vn 0.4903 -0.8459 -0.2101
vn 0.5264 -0.8304 -0.1826
vn 0.4711 -0.8537 -0.2220
vn 0.5293 0.8147 0.2369
vn 0.5295 0.8390 0.1255
vn 0.5261 0.8299 0.1856
vn 0.4997 0.8558 0.1334
vn 0.6344 0.5448 0.5484
vn 0.6414 0.5664 0.5174
vn 0.6391 0.5595 0.5277
vn 0.6463 0.5822 0.4933
vn -0.1243 -0.9831 0.1341
vn -0.1244 -0.9831 0.1341
vn -0.1245 -0.9830 0.1353
vn -0.1238 -0.9834 0.1330
vn 0.4802 -0.8330 -0.2748
vn 0.4803 -0.8326 -0.2759
vn 0.4815 -0.8225 -0.3026
vn 0.4787 -0.8410 -0.2522
vn 0.4955 0.8334 0.2447
vn 0.4899 0.8314 0.2622
vn 0.4942 0.8330 0.2488
vn 0.4993 0.8346 0.2326
vn 0.7217 0.6514 -0.2342
vn 0.7240 0.6525 -0.2239
vn 0.7253 0.6478 -0.2329
vn 0.7202 0.6558 -0.2265
vn 0.6159 -0.7569 -0.2184
vn 0.6159 -0.7570 -0.2184
vn -0.0887 -0.9960 -0.0116
vn -0.0886 -0.9960 -0.0116
vn 0.3524 0.9132 0.2046
vn 0.6805 0.7302 0.0615
vn 0.0137 -0.9999 0.0097
vn 0.0136 -0.9999 0.0097
vn 0.1840 -0.9703 -0.1571
vn 0.1841 -0.9703 -0.1572
vn 0.1839 -0.9702 -0.1580
vn 0.8421 0.5317 -0.0901
vn 0.8421 0.5318 -0.0900
vn 0.4905 0.8519 0.1837
vn 0.4904 0.8519 0.1838
vn 0.3812 -0.9096 -0.1651
vn -0.0678 -0.9972 -0.0307
vn -0.0677 -0.9972 -0.0307
vn 0.4533 0.8709 0.1902
vn 0.4533 0.8708 0.1902
vn 0.4532 0.8709 0.1902
vn 0.7597 0.6494 -0.0346
vn 0.7597 0.6493 -0.0346
vn -0.0371 -0.9975 -0.0607
vn 0.1358 -0.9847 -0.1089
vn 0.1359 -0.9847 -0.1089
vn 0.6661 0.5423 0.5120
vn 0.6654 0.5414 0.5139
vn 0.6653 0.5414 0.5141
vn 0.6644 0.5401 0.5166
vn 0.8679 0.4600 0.1878
vn 0.8673 0.4610 0.1880
vn 0.8788 0.4406 0.1830
vn 0.8552 0.4813 0.1925
vn 0.5675 -0.7503 -0.3391
vn 0.5679 -0.7489 -0.3416
vn 0.5678 -0.7642 -0.3059
vn 0.5721 -0.7336 -0.3667
vn -0.0635 -0.9875 0.1444
vn -0.0655 -0.9868 0.1479
vn -0.0689 -0.9857 0.1539
vn -0.0608 -0.9883 0.1398
vn 0.6587 0.4261 0.6201
vn 0.6597 0.4248 0.6199
vn 0.6495 0.4374 0.6219
vn 0.6692 0.4131 0.6177
vn 0.4845 0.4474 0.7517
vn 0.4834 0.4320 0.7614
vn 0.4841 0.4398 0.7565
vn 0.4800 0.4149 0.7730
vn 0.3370 0.9250 0.1757
vn 0.3371 0.9249 0.1757
vn 0.8534 0.4858 -0.1889
vn 0.8533 0.4858 -0.1894
vn 0.8529 0.4858 -0.1914
vn 0.8539 0.4859 -0.1862
vn 0.5066 0.8292 0.2362
vn 0.5035 0.8290 0.2433
vn 0.5054 0.8291 0.2390
vn 0.5082 0.8293 0.2324
vn 0.2661 0.9587 0.1001
vn 0.2660 0.9587 0.1002
vn -0.0727 -0.9972 -0.0152
vn 0.4375 -0.8349 -0.3339
vn 0.4374 -0.8350 -0.3339
vn -0.1362 -0.9872 -0.0824
vn -0.1362 -0.9873 -0.0823
vn -0.1362 -0.9872 -0.0825
vn -0.1363 -0.9872 -0.0824
vn -0.2858 -0.9180 -0.2748
vn -0.2859 -0.9180 -0.2748
vn -0.2858 -0.9181 -0.2748
vn -0.2625 0.8365 0.4810
vn -0.1543 0.7650 0.6253
vn -0.1548 0.8052 0.5724
vn -0.2459 0.8558 0.4550
vn -0.0863 0.5104 0.8556
vn -0.1099 0.5272 0.8426
vn -0.0922 0.5147 0.8524
vn -0.0671 0.4965 0.8654
vn 0.1841 -0.9829 -0.0047
vn 0.1832 -0.9831 -0.0049
vn 0.1849 -0.9827 -0.0049
vn 0.1824 -0.9832 -0.0054
vn -0.5271 -0.8269 0.1960
vn -0.5259 -0.8274 0.1970
vn -0.5129 -0.8329 0.2081
vn -0.5422 -0.8202 0.1822
vn -0.1621 0.8334 0.5283
vn -0.1582 0.8330 0.5302
vn -0.1455 0.8314 0.5363
vn -0.1735 0.8346 0.5228
vn -0.6656 0.6514 0.3642
vn -0.6672 0.6478 0.3678
vn -0.6597 0.6525 0.3730
vn -0.6590 0.6558 0.3684
vn -0.5815 -0.7569 0.2981
vn -0.5815 -0.7570 0.2981
vn -0.5815 -0.7569 0.2982
vn 0.0524 -0.9960 -0.0725
vn -0.0930 0.9132 0.3967
vn -0.4222 0.7302 0.5372
vn -0.4223 0.7302 0.5372
vn -0.0023 -0.9999 0.0165
vn -0.0023 -0.9999 0.0166
vn -0.2406 -0.9703 0.0260
vn -0.2406 -0.9703 0.0261
vn -0.6434 0.5317 0.5507
vn -0.6434 0.5318 0.5507
vn -0.6434 0.5318 0.5508
vn -0.2028 0.8519 0.4829
vn -0.2029 0.8519 0.4828
vn -0.2029 0.8519 0.4829
vn -0.3817 -0.9096 0.1640
vn 0.0242 -0.9972 -0.0704
vn 0.0242 -0.9972 -0.0703
vn -0.1727 0.8709 0.4602
vn -0.1726 0.8709 0.4602
vn -0.1727 0.8708 0.4602
vn -0.5465 0.6494 0.5289
vn -0.5465 0.6493 0.5289
vn -0.0186 -0.9975 -0.0687
vn -0.0187 -0.9975 -0.0686
vn -0.1724 -0.9847 0.0241
vn -0.0827 0.5414 0.8367
vn -0.0846 0.5423 0.8359
vn -0.0826 0.5414 0.8367
vn -0.0802 0.5401 0.8377
vn -0.4584 0.4610 0.7598
vn -0.4590 0.4599 0.7602
vn -0.4699 0.4406 0.7649
vn -0.4469 0.4813 0.7541
vn -0.6361 -0.7503 0.1800
vn -0.6382 -0.7489 0.1787
vn -0.6594 -0.7336 0.1645
vn -0.6121 -0.7643 0.2031
vn 0.1487 -0.9875 0.0529
vn 0.1525 -0.9868 0.0538
vn 0.1434 -0.9883 0.0517
vn 0.1593 -0.9857 0.0554
vn -0.0613 0.4221 0.9045
vn -0.0631 0.4195 0.9055
vn -0.0858 0.3871 0.9181
vn -0.0401 0.4519 0.8912
vn 0.2585 0.3377 0.9051
vn 0.2000 0.4594 0.8654
vn 0.2246 0.4106 0.8837
vn 0.3039 0.2271 0.9253
vn -0.1035 0.9249 0.3657
vn -0.1035 0.9249 0.3658
vn -0.1035 0.9250 0.3657
vn -0.7230 0.4858 0.4912
vn -0.7245 0.4858 0.4890
vn -0.7234 0.4858 0.4907
vn -0.7215 0.4859 0.4934
vn -0.1758 0.8292 0.5306
vn -0.1730 0.8291 0.5316
vn -0.1686 0.8290 0.5332
vn -0.1797 0.8293 0.5291
vn -0.1097 0.9587 0.2623
vn -0.1098 0.9587 0.2623
vn -0.1097 0.9587 0.2622
vn 0.0388 -0.9972 -0.0633
vn 0.0389 -0.9972 -0.0633
vn 0.0388 -0.9972 -0.0632
vn -0.5431 -0.8350 0.0890
vn -0.5430 -0.8350 0.0890
vn 0.0335 -0.9872 -0.1557
vn 0.0336 -0.9872 -0.1557
vn 0.0335 -0.9872 -0.1556
vn 0.0336 -0.9872 -0.1556
vn -0.0037 -0.9180 -0.3965
vn -0.0038 -0.9181 -0.3964
vn -0.6295 0.2215 0.7447
vn -0.6295 0.2215 0.7448
vn -0.6295 0.2216 0.7447
vn -0.3425 0.3749 0.8615
vn 0.9737 0.2216 0.0532
vn 0.9737 0.2216 0.0531
vn 0.9737 0.2215 0.0532
vn 0.8616 0.3749 0.3421
vn 0.8616 0.3750 0.3421
vn -0.8398 0.1406 0.5244
vn -0.3300 0.9424 -0.0539
vn 0.9129 0.2518 -0.3213
vn -0.4673 -0.7707 -0.4331
vn 0.3448 -0.7933 0.5018
vn 0.8284 -0.2927 -0.4775
vn 0.8023 -0.3115 -0.5091
vn -0.4627 -0.7961 -0.3901
vn 0.7634 -0.2926 -0.5758
vn -0.8052 -0.3320 0.4914
vn -0.7267 -0.3420 0.5958
vn 0.7020 -0.6932 0.1635
vn 0.7095 -0.3759 -0.5961
vn -0.8004 -0.2778 0.5313
vn 0.6139 0.2630 0.7443
vn 0.8976 0.2938 -0.3287
vn -0.8308 0.1607 0.5328
vn -0.2363 0.9655 -0.1092
vn 0.5872 0.3587 0.7256
vn -0.8250 0.0419 0.5636
vn 0.5428 -0.7931 0.2764
vn 0.6200 0.2598 0.7404
vn 0.4771 -0.7598 0.4417
vn -0.5056 -0.8006 -0.3217
vn 0.8897 0.2833 -0.3580
vn -0.7686 -0.2644 0.5825
vn -0.4311 0.8985 -0.0828
vn -0.5239 -0.7335 -0.4330
vn 0.9577 0.1406 -0.2510
vn 0.1872 0.9424 -0.2770
vn -0.8602 0.2518 0.4435
vn 0.0056 -0.7707 -0.6371
vn 0.1285 -0.7933 0.5951
vn -0.9158 -0.2927 0.2749
vn -0.9209 -0.3115 0.2342
vn 0.0337 -0.7961 -0.6043
vn -0.9427 -0.2926 0.1602
vn 0.9100 -0.3320 -0.2484
vn 0.9320 -0.3420 -0.1197
vn -0.3628 -0.6932 0.6228
vn -0.9205 -0.3759 0.1070
vn 0.9357 -0.2778 -0.2176
vn 0.1201 0.2630 0.9573
vn -0.8550 0.2938 0.4274
vn 0.9577 0.1607 -0.2387
vn 0.0828 0.9655 -0.2468
vn 0.1249 0.3587 0.9250
vn 0.9761 0.0419 -0.2133
vn -0.1714 -0.7931 0.5845
vn 0.1131 0.2598 0.9590
vn -0.0061 -0.7598 0.6502
vn 0.1129 -0.8006 -0.5885
vn -0.8710 0.2833 0.4015
vn 0.9512 -0.2644 -0.1594
vn 0.2356 0.8985 -0.3704
vn 0.0446 -0.7335 -0.6782
vn 0.7629 0.2788 -0.5833
vn 0.7831 0.2350 -0.5758
vn 0.7925 0.2150 -0.5707
vn 0.7524 0.2978 -0.5875
vn 0.1605 -0.9572 -0.2407
vn 0.1443 -0.9600 -0.2400
vn 0.1726 -0.9552 -0.2403
vn 0.1349 -0.9614 -0.2397
vn 0.2593 0.9617 -0.0885
vn 0.2625 0.9619 -0.0760
vn 0.2624 0.9607 -0.0909
vn 0.2571 0.9636 -0.0729
vn -0.7480 0.6325 -0.2011
vn -0.7157 0.6844 -0.1394
vn -0.7474 0.6327 -0.2029
vn -0.7202 0.6807 -0.1338
vn -0.3326 0.7528 0.5681
vn -0.3478 0.6881 0.6369
vn -0.2920 0.7502 0.5933
vn -0.3815 0.6816 0.6244
vn -0.4339 0.4855 0.7589
vn -0.4199 0.5326 0.7349
vn -0.4381 0.4954 0.7501
vn -0.4105 0.5343 0.7389
vn -0.3380 0.3858 0.8584
vn -0.5758 0.5215 -0.6297
vn -0.5734 0.4828 -0.6619
vn -0.5709 0.4837 -0.6634
vn -0.5754 0.5210 -0.6304
vn -0.3428 0.8238 0.4515
vn -0.3734 0.8281 0.4182
vn -0.3925 0.7869 0.4762
vn -0.4148 0.7931 0.4460
vn -0.5030 0.5428 0.6725
vn -0.4612 0.6377 0.6169
vn -0.5131 0.5352 0.6711
vn -0.4403 0.6379 0.6319
vn -0.4110 0.2341 0.8811
vn 0.0030 0.8573 -0.5148
vn 0.1317 0.7068 -0.6951
vn 0.1432 0.7097 -0.6898
vn 0.0159 0.8607 -0.5088
vn -0.4393 0.8042 0.4004
vn -0.4768 0.7628 0.4367
vn -0.3986 0.8284 0.3935
vn -0.5376 0.7066 0.4601
vn -0.3253 0.7767 0.5393
vn -0.2807 0.7879 0.5481
vn -0.2712 0.7947 0.5431
vn -0.3334 0.7680 0.5468
vn -0.0434 0.6213 0.7824
vn -0.4891 0.5582 -0.6702
vn -0.6019 0.2428 -0.7608
vn -0.5113 0.5514 -0.6592
vn -0.5963 0.2434 -0.7649
vn 0.1811 0.9259 0.3315
vn -0.2251 0.9734 0.0416
vn 0.0150 0.9094 0.4158
vn 0.0949 0.8585 0.5040
vn -0.3100 0.9469 -0.0854
vn -0.3289 0.8694 0.3686
vn 0.0441 0.7592 0.6493
vn 0.1248 0.7163 0.6865
vn -0.4449 0.8475 0.2894
vn 0.2015 0.1667 -0.9652
vn 0.1615 0.3980 -0.9030
vn 0.1581 0.4035 -0.9012
vn 0.2053 0.1403 -0.9686
vn 0.1807 0.5117 -0.8400
vn 0.1845 0.4039 -0.8960
vn 0.1679 0.5054 -0.8464
vn 0.1834 0.4003 -0.8979
vn 0.2124 0.9697 0.1210
vn 0.2017 0.9764 0.0767
vn 0.2534 0.9534 0.1639
vn 0.1986 0.9776 0.0700
vn 0.1667 0.9851 -0.0417
vn 0.1603 0.9844 -0.0732
vn 0.1660 0.9842 -0.0613
vn 0.1728 0.9845 -0.0305
vn -0.0667 0.9977 0.0093
vn -0.0673 0.9977 0.0091
vn -0.0678 0.9977 0.0089
vn -0.0663 0.9978 0.0094
vn -0.0842 0.9964 -0.0051
vn -0.0779 0.9970 -0.0030
vn -0.0718 0.9974 -0.0016
vn -0.0933 0.9956 -0.0077
vn -0.0646 -0.9979 0.0106
vn -0.0618 -0.9980 0.0111
vn -0.0629 -0.9980 0.0109
vn -0.0663 -0.9977 0.0103
vn -0.2871 -0.9566 -0.0496
vn -0.2920 -0.9564 -0.0011
vn -0.3057 -0.9500 -0.0632
vn -0.2935 -0.9559 0.0072
vn -0.2464 -0.9678 -0.0511
vn -0.2365 -0.9714 -0.0215
vn -0.2308 -0.9730 -0.0047
vn -0.2516 -0.9653 -0.0707
vn -0.0456 -0.9987 -0.0245
vn -0.0512 -0.9983 -0.0266
vn -0.0427 -0.9988 -0.0235
vn -0.0536 -0.9982 -0.0275
vn -0.1912 -0.9211 -0.3393
vn -0.0314 -0.9086 -0.4166
vn 0.2519 -0.9648 0.0759
vn 0.2179 -0.9732 -0.0732
vn -0.1033 -0.8500 -0.5166
vn 0.3580 -0.8679 -0.3442
vn -0.0967 -0.7520 -0.6521
vn 0.4358 -0.8612 -0.2614
vn -0.1661 -0.7100 -0.6843
vn 0.4838 -0.7524 -0.4471
vn 0.5475 -0.6960 -0.4645
vn 0.4388 -0.7991 -0.4109
vn 0.3995 -0.8225 -0.4048
vn 0.3245 -0.7703 -0.5489
vn 0.2747 -0.7835 -0.5574
vn 0.3315 -0.7615 -0.5570
vn 0.2660 -0.7908 -0.5513
vn 0.0356 -0.6192 -0.7844
vn 0.3881 -0.7833 -0.4856
vn 0.4130 -0.7889 -0.4551
vn 0.3686 -0.8258 -0.4267
vn 0.3413 -0.8203 -0.4590
vn 0.5055 -0.5178 -0.6902
vn 0.4631 -0.6275 -0.6260
vn 0.4409 -0.6281 -0.6412
vn 0.5239 -0.5059 -0.6853
vn 0.4282 -0.2005 -0.8812
vn 0.3191 -0.7536 -0.5746
vn 0.3370 -0.6873 -0.6435
vn 0.3702 -0.6797 -0.6332
vn 0.2818 -0.7496 -0.5989
vn 0.4158 -0.5318 -0.7378
vn 0.4287 -0.4821 -0.7640
vn 0.4350 -0.4901 -0.7553
vn 0.4051 -0.5346 -0.7417
vn 0.3413 -0.3793 -0.8600
vn -0.8910 0.0522 0.4510
vn -0.8910 0.0523 0.4510
vn -0.9215 0.2855 0.2634
vn -0.9215 0.2854 0.2634
vn -0.5070 0.3678 -0.7796
vn -0.5472 0.1777 -0.8179
vn -0.5455 0.1910 -0.8160
vn -0.5023 0.3968 -0.7683
vn -0.5070 -0.6064 0.6125
vn -0.5224 -0.4146 0.7451
vn -0.5206 -0.4129 0.7473
vn -0.5092 -0.6072 0.6099
vn -0.6779 -0.1227 0.7249
vn -0.7420 -0.5154 0.4287
vn -0.7404 -0.5071 0.4412
vn -0.7388 -0.5089 0.4419
vn -0.7501 -0.5088 0.4223
vn -0.8449 0.0859 0.5280
vn -0.9159 0.1579 0.3690
vn -0.9159 0.1580 0.3690
vn -0.9375 -0.3132 0.1514
vn -0.9314 -0.3480 0.1072
vn -0.9316 -0.3469 0.1086
vn -0.9380 -0.3119 0.1514
vn -0.8575 0.0516 0.5119
vn -0.8575 0.0515 0.5119
vn -0.9224 0.3800 0.0692
vn -0.8856 0.3814 0.2651
vn -0.9224 0.2820 0.2638
vn 0.9571 0.0049 -0.2897
vn 0.9564 0.0744 -0.2823
vn 0.9571 0.0018 -0.2897
vn 0.9555 0.0772 -0.2847
vn 0.9377 0.0016 -0.3474
vn 0.9375 -0.0670 -0.3414
vn 0.9375 -0.0719 -0.3404
vn 0.9374 0.0086 -0.3480
vn -0.8883 -0.3906 0.2417
vn -0.8871 -0.3934 0.2415
vn -0.9195 -0.3909 0.0413
vn 0.9907 -0.0408 -0.1295
vn 0.9907 -0.0407 -0.1295
vn 0.7971 0.5708 -0.1972
vn 0.7970 0.5708 -0.1972
vn 0.8356 0.5375 0.1133
vn 0.7650 0.5957 0.2450
vn 0.8381 0.5346 0.1085
vn 0.7665 0.5907 0.2521
vn 0.8745 0.1846 -0.4485
vn 0.8884 0.0933 -0.4494
vn 0.9202 0.2696 -0.2838
vn 0.9182 0.2784 -0.2818
vn 0.8856 0.0848 -0.4567
vn -0.8011 -0.5849 0.1268
vn -0.9244 -0.2281 0.3058
vn -0.9220 -0.2035 0.3293
vn -0.9221 -0.2043 0.3285
vn -0.9246 -0.2281 0.3050
vn -0.8737 -0.4844 0.0449
vn -0.8736 -0.4845 0.0451
vn -0.7591 -0.6301 0.1638
vn -0.7590 -0.6301 0.1638
vn -0.7137 -0.6616 0.2302
vn -0.7300 -0.4914 0.4750
vn -0.7299 -0.4969 0.4693
vn -0.7026 -0.6730 0.2310
vn 0.7509 0.6273 -0.2063
vn 0.6514 0.7579 -0.0355
vn 0.6476 0.7569 -0.0875
vn 0.6597 0.7472 -0.0806
vn 0.6503 0.7589 -0.0352
vn 0.8601 0.0900 -0.5021
vn 0.6456 0.1778 -0.7427
vn 0.6536 0.2100 -0.7271
vn 0.6497 0.2139 -0.7295
vn 0.6453 0.1759 -0.7434
vn 0.9679 -0.0854 -0.2363
vn 0.8946 0.4454 -0.0372
vn -0.8759 -0.4820 -0.0223
vn 0.5151 0.7944 -0.3218
vn 0.5150 0.7945 -0.3217
vn 0.5151 0.7944 -0.3219
vn 0.4459 0.8354 -0.3213
vn 0.4406 0.8431 -0.3084
vn 0.4412 0.8428 -0.3083
vn 0.4460 0.8352 -0.3217
vn 0.6511 0.4078 -0.6401
vn 0.6511 0.4079 -0.6401
vn 0.5359 0.4600 -0.7079
vn 0.5242 0.6641 -0.5330
vn 0.5356 0.4523 -0.7131
vn 0.5234 0.6691 -0.5275
vn -0.5396 -0.7881 0.2962
vn -0.5396 -0.7881 0.2961
vn -0.4107 -0.8739 0.2601
vn -0.4987 -0.6841 0.5322
vn -0.3997 -0.8794 0.2588
vn -0.5005 -0.6774 0.5391
vn -0.7974 -0.5961 0.0938
vn 0.9048 0.1912 -0.3804
vn 0.9048 0.1911 -0.3805
vn 0.7921 0.5957 -0.1330
vn -0.0111 -0.1565 -0.9876
vn -0.0123 -0.1570 -0.9875
vn -0.0128 -0.1565 -0.9876
vn -0.0112 -0.1563 -0.9876
vn 0.9906 0.0479 -0.1284
vn 0.9906 0.0479 -0.1285
vn -0.3250 0.9453 -0.0289
vn -0.2221 0.9748 0.0188
vn -0.4863 0.8660 -0.1164
vn -0.0807 0.9929 0.0875
vn -0.1843 -0.9692 -0.1634
vn -0.2237 -0.9551 -0.1942
vn -0.2467 -0.9349 -0.2551
vn -0.1420 -0.9799 -0.1401
vn -0.3780 -0.0482 -0.9246
vn -0.3706 -0.0737 -0.9259
vn -0.3677 -0.0831 -0.9262
vn -0.3829 -0.0345 -0.9232
vn 0.2980 0.2844 -0.9112
vn 0.2380 0.6163 -0.7507
vn 0.2984 0.2749 -0.9140
vn 0.2421 0.6254 -0.7418
vn 0.9470 0.0690 -0.3137
vn 0.9470 0.0691 -0.3137
vn 0.8667 0.4886 -0.1005
vn 0.8667 0.4886 -0.1006
vn 0.6028 0.1019 -0.7913
vn 0.6028 0.1020 -0.7913
vn 0.2160 0.9248 -0.3131
vn 0.2163 0.9255 -0.3109
vn 0.2159 0.9256 -0.3108
vn 0.2163 0.9247 -0.3132
vn 0.3920 -0.4898 -0.7787
vn 0.0330 0.9286 0.3697
vn 0.0330 0.9286 0.3696
vn 0.3485 0.9355 -0.0587
vn -0.8331 -0.2041 -0.5141
vn -0.9232 -0.1115 -0.3678
vn -0.8527 -0.2131 -0.4769
vn -0.9245 -0.1112 -0.3646
vn -0.3807 -0.9247 -0.0073
vn -0.3688 -0.9285 0.0431
vn -0.3661 -0.9290 0.0538
vn -0.3791 -0.9253 -0.0149
vn 0.6433 0.7515 -0.1465
vn 0.1762 0.9048 0.3877
vn -0.0088 0.1323 -0.9912
vn -0.0091 0.1291 -0.9916
vn -0.0093 0.1288 -0.9916
vn -0.0088 0.1327 -0.9911
vn -0.4871 0.6743 0.5550
vn -0.4299 0.6977 0.5731
vn -0.4896 0.6767 0.5499
vn -0.4266 0.6977 0.5755
vn -0.0765 -0.7070 -0.7031
vn -0.1460 -0.6765 -0.7218
vn -0.1426 -0.6827 -0.7167
vn -0.0746 -0.7118 -0.6984
vn -0.9156 -0.1223 -0.3831
vn -0.9924 0.0953 -0.0782
vn -0.9868 0.1243 -0.1039
vn -0.9153 -0.1236 -0.3833
vn -0.0144 0.9783 -0.2065
vn -0.0393 0.9891 -0.1417
vn -0.0142 0.9782 -0.2070
vn -0.0383 0.9893 -0.1408
vn -0.2009 0.9252 0.3220
vn -0.2050 0.9185 0.3382
vn -0.2048 0.9187 0.3376
vn -0.2012 0.9253 0.3215
vn 0.4485 -0.4782 -0.7550
vn 0.4485 -0.4783 -0.7550
vn 0.7531 0.1520 -0.6401
vn 0.7531 0.1521 -0.6401
vn 0.3143 -0.3580 -0.8793
vn 0.3121 -0.3811 -0.8703
vn 0.3122 -0.3818 -0.8699
vn 0.3137 -0.3575 -0.8796
vn -0.7497 -0.6391 -0.1720
vn -0.7497 -0.6390 -0.1720
vn -0.7496 -0.6391 -0.1720
vn 0.5192 0.0797 0.8509
vn 0.4972 0.0913 0.8628
vn 0.5232 0.0741 0.8490
vn 0.5421 0.0649 0.8378
vn -0.9620 0.1719 0.2123
vn -0.9590 0.2150 0.1848
vn -0.9608 0.1988 0.1932
vn -0.9634 0.1522 0.2208
vn -0.2852 -0.9572 -0.0484
vn -0.2736 -0.9600 -0.0597
vn -0.2669 -0.9614 -0.0663
vn -0.2932 -0.9552 -0.0394
vn -0.2423 0.9617 0.1279
vn -0.2354 0.9619 0.1388
vn -0.2294 0.9636 0.1370
vn -0.2462 0.9607 0.1285
vn -0.1648 0.7183 -0.6759
vn -0.1405 0.7233 -0.6761
vn -0.1401 0.7248 -0.6745
vn -0.1626 0.7149 -0.6800
vn 0.6412 0.6970 -0.3210
vn 0.5660 0.7711 -0.2917
vn 0.6010 0.7593 -0.2494
vn 0.6189 0.7014 -0.3534
vn 0.7681 0.5126 -0.3839
vn 0.7582 0.5363 -0.3708
vn 0.7733 0.5171 -0.3670
vn 0.7494 0.5413 -0.3814
vn 0.8793 0.3991 -0.2601
vn -0.6561 0.5170 -0.5498
vn -0.6155 0.5737 -0.5404
vn -0.6596 0.5186 -0.5440
vn -0.6195 0.5753 -0.5341
vn 0.4171 0.8647 -0.2800
vn 0.4692 0.8499 -0.2397
vn 0.5056 0.7958 -0.3332
vn 0.4566 0.8135 -0.3601
vn 0.7337 0.4682 -0.4924
vn 0.6501 0.6460 -0.4001
vn 0.6704 0.6433 -0.3698
vn 0.7330 0.4561 -0.5046
vn 0.8995 0.1186 -0.4206
vn -0.7940 0.4247 0.4349
vn -0.5050 0.8455 0.1737
vn -0.7858 0.4268 0.4476
vn -0.4957 0.8473 0.1907
vn 0.4872 0.7564 -0.4365
vn 0.4257 0.8315 -0.3568
vn 0.4168 0.8569 -0.3033
vn 0.5255 0.6608 -0.5360
vn 0.5606 0.7957 -0.2294
vn 0.5519 0.8201 -0.1509
vn 0.5607 0.8126 -0.1591
vn 0.5723 0.7850 -0.2372
vn 0.7636 0.6386 0.0954
vn -0.1938 0.2582 -0.9465
vn -0.2780 -0.0093 -0.9605
vn -0.2536 -0.0321 -0.9668
vn -0.1967 0.2602 -0.9453
vn 0.2079 0.8987 0.3862
vn 0.4840 0.8743 -0.0379
vn 0.3053 0.9095 -0.2822
vn 0.5354 0.8399 0.0895
vn 0.2362 0.8815 -0.4089
vn 0.6218 0.7490 0.2289
vn 0.5678 0.8219 -0.0445
vn 0.6121 0.7296 0.3050
vn 0.5536 0.8244 -0.1177
vn -0.8973 -0.2497 -0.3639
vn -0.9178 0.0681 -0.3913
vn -0.8955 -0.2614 -0.3603
vn -0.9136 0.1081 -0.3921
vn -0.7681 -0.0337 -0.6394
vn -0.7586 -0.0831 -0.6462
vn -0.7665 -0.0747 -0.6378
vn -0.7682 -0.0274 -0.6396
vn -0.2039 0.9682 0.1448
vn -0.1803 0.9503 0.2540
vn -0.2182 0.9576 0.1880
vn -0.1425 0.9604 0.2395
vn -0.3578 0.9097 0.2109
vn -0.3728 0.9255 0.0671
vn -0.3675 0.9215 0.1258
vn -0.3783 0.9257 -0.0061
vn -0.0079 0.9999 -0.0123
vn -0.0081 0.9999 -0.0118
vn -0.0078 0.9999 -0.0124
vn -0.0082 0.9999 -0.0119
vn 0.0300 0.9983 -0.0503
vn 0.0175 0.9995 -0.0272
vn 0.0446 0.9961 -0.0766
vn 0.0088 0.9999 -0.0121
vn 0.1161 -0.9900 -0.0798
vn 0.1212 -0.9887 -0.0878
vn 0.1178 -0.9896 -0.0825
vn 0.1240 -0.9880 -0.0920
vn 0.2757 -0.9261 -0.2577
vn 0.3733 -0.9108 -0.1763
vn 0.3827 -0.9121 -0.1473
vn 0.2440 -0.9323 -0.2671
vn 0.4318 -0.8842 -0.1783
vn 0.4245 -0.8715 -0.2456
vn 0.4398 -0.8940 -0.0854
vn 0.4078 -0.8410 -0.3556
vn 0.0895 -0.9911 -0.0983
vn 0.0883 -0.9915 -0.0956
vn 0.0878 -0.9916 -0.0946
vn 0.0898 -0.9911 -0.0986
vn -0.2033 -0.8882 -0.4121
vn -0.4684 -0.8835 0.0096
vn -0.3240 -0.9088 0.2631
vn -0.2149 -0.9014 0.3758
vn -0.5590 -0.8246 -0.0865
vn -0.6399 -0.7084 -0.2978
vn -0.5713 -0.8128 0.1141
vn -0.6371 -0.7365 -0.2274
vn -0.5395 -0.8226 0.1799
vn -0.4975 -0.7424 0.4487
vn -0.4365 -0.8262 0.3563
vn -0.5271 -0.6460 0.5521
vn -0.4282 -0.8509 0.3043
vn -0.5709 -0.7881 0.2303
vn -0.5691 -0.8082 0.1514
vn -0.5592 -0.8164 0.1442
vn -0.5832 -0.7771 0.2367
vn -0.7643 -0.6363 -0.1044
vn -0.4667 -0.8070 0.3617
vn -0.5158 -0.7902 0.3309
vn -0.4254 -0.8619 0.2760
vn -0.4761 -0.8457 0.2409
vn -0.7538 -0.4235 0.5024
vn -0.6594 -0.6325 0.4063
vn -0.7455 -0.4052 0.5291
vn -0.6800 -0.6307 0.3738
vn -0.8881 -0.0730 0.4539
vn -0.6488 -0.6935 0.3131
vn -0.5731 -0.7700 0.2804
vn -0.6302 -0.6954 0.3454
vn -0.6063 -0.7576 0.2420
vn -0.7628 -0.5291 0.3718
vn -0.7564 -0.5306 0.3826
vn -0.7744 -0.5043 0.3822
vn -0.7771 -0.5119 0.3662
vn -0.8803 -0.3889 0.2716
vn 0.4919 0.1920 -0.8492
vn 0.4920 0.1921 -0.8492
vn 0.3460 0.3600 -0.8664
vn -0.2372 0.0332 -0.9709
vn -0.2554 0.2061 -0.9446
vn -0.2385 0.0483 -0.9699
vn -0.2510 0.2435 -0.9369
vn 0.7880 -0.3175 -0.5275
vn 0.6571 -0.5146 -0.5509
vn 0.7902 -0.3158 -0.5252
vn 0.6555 -0.5164 -0.5511
vn 0.7616 -0.0026 -0.6481
vn 0.5227 -0.4496 -0.7243
vn 0.5312 -0.4366 -0.7261
vn 0.5246 -0.4519 -0.7216
vn 0.5210 -0.4235 -0.7411
vn 0.6054 0.1574 -0.7802
vn 0.4898 0.2112 -0.8459
vn 0.4899 0.2112 -0.8458
vn 0.4898 0.2111 -0.8459
vn 0.2474 -0.2990 -0.9216
vn 0.3042 -0.2535 -0.9182
vn 0.2493 -0.2976 -0.9216
vn 0.3057 -0.2538 -0.9177
vn 0.6260 0.1051 -0.7727
vn 0.6353 0.4381 -0.6360
vn 0.7859 0.4396 -0.4348
vn 0.8423 0.1016 -0.5293
vn -0.8350 0.2229 0.5031
vn -0.8637 -0.0483 0.5017
vn -0.8635 -0.0603 0.5007
vn -0.8341 0.2307 0.5011
vn -0.8811 -0.0422 0.4711
vn -0.8830 0.1148 0.4550
vn -0.8797 -0.0580 0.4719
vn -0.8818 0.1266 0.4543
vn 0.7921 -0.3316 -0.5125
vn 0.7082 -0.5502 -0.4423
vn 0.6571 -0.3320 -0.6768
vn 0.6571 -0.3319 -0.6768
vn -0.7452 -0.1052 0.6585
vn -0.3235 0.5259 0.7866
vn -0.3234 0.5260 0.7866
vn 0.2206 0.5985 0.7701
vn -0.0139 0.4965 0.8679
vn -0.0235 0.4904 0.8712
vn 0.2317 0.5911 0.7726
vn -0.5722 0.1312 0.8095
vn -0.5723 0.1312 0.8095
vn -0.5415 0.0322 0.8401
vn -0.1846 0.3851 0.9042
vn -0.5549 0.0152 0.8318
vn -0.1774 0.3992 0.8995
vn 0.2548 -0.5413 -0.8013
vn 0.2547 -0.5413 -0.8013
vn 0.4615 -0.1502 -0.8743
vn 0.4364 -0.1804 -0.8815
vn 0.4606 -0.1511 -0.8747
vn 0.4349 -0.1799 -0.8823
vn 0.1811 -0.4391 -0.8800
vn 0.2465 -0.5664 -0.7864
vn 0.5517 -0.4281 -0.7158
vn 0.2136 -0.6536 -0.7261
vn 0.5440 -0.4357 -0.7171
vn 0.2117 -0.6687 -0.7128
vn -0.2880 0.5639 0.7740
vn -0.1090 0.7006 0.7051
vn -0.1913 0.6890 0.6991
vn -0.1081 0.7021 0.7038
vn -0.1849 0.6756 0.7137
vn -0.5839 0.0169 0.8116
vn -0.8018 0.1163 0.5862
vn -0.7911 0.1422 0.5949
vn -0.8022 0.1146 0.5860
vn -0.7939 0.1467 0.5900
vn -0.3268 -0.1641 0.9307
vn -0.1305 0.3726 0.9188
vn -0.1305 0.3727 0.9187
vn 0.0701 -0.4112 -0.9088
vn -0.3774 0.7029 0.6029
vn -0.3773 0.7030 0.6029
vn -0.3753 0.7532 0.5403
vn -0.3551 0.7661 0.5358
vn -0.3749 0.7534 0.5402
vn -0.3550 0.7666 0.5350
vn -0.6867 0.2913 0.6660
vn -0.6867 0.2914 0.6660
vn -0.7552 0.3488 0.5550
vn -0.4847 0.6539 0.5809
vn -0.7480 0.3603 0.5574
vn -0.4763 0.6606 0.5803
vn 0.3527 -0.6941 -0.6276
vn 0.3526 -0.6941 -0.6276
vn 0.5898 -0.5831 -0.5587
vn 0.2899 -0.8117 -0.5070
vn 0.5825 -0.5907 -0.5584
vn 0.2879 -0.8192 -0.4959
vn 0.1559 -0.4740 -0.8666
vn -0.4316 0.0491 0.9007
vn -0.4317 0.0491 0.9007
vn -0.1948 0.4730 0.8592
vn -0.1948 0.4730 0.8593
vn -0.5296 -0.1833 -0.8282
vn -0.5249 -0.1947 -0.8286
vn -0.5239 -0.1953 -0.8291
vn -0.5301 -0.1826 -0.8281
vn -0.7494 -0.0167 0.6619
vn 0.1266 0.9749 -0.1829
vn 0.1483 0.9578 -0.2463
vn 0.1896 0.9166 -0.3519
vn 0.1197 0.9897 -0.0781
vn 0.1783 -0.9501 -0.2560
vn 0.1721 -0.9581 -0.2291
vn 0.1419 -0.9643 -0.2234
vn 0.1833 -0.9464 -0.2658
vn -0.3373 -0.0123 -0.9413
vn -0.3300 0.0065 -0.9440
vn -0.3377 -0.0187 -0.9411
vn -0.3286 0.0167 -0.9443
vn -0.9378 0.1626 0.3066
vn -0.7563 0.5818 0.2992
vn -0.7467 0.5918 0.3037
vn -0.9408 0.1501 0.3039
vn -0.4459 0.0150 0.8950
vn -0.4458 0.0150 0.8950
vn -0.2353 0.4425 0.8653
vn -0.2354 0.4424 0.8654
vn -0.8114 -0.0602 0.5814
vn -0.8114 -0.0603 0.5814
vn -0.4123 0.9037 -0.1156
vn -0.4181 0.8988 -0.1319
vn -0.4133 0.9030 -0.1172
vn -0.4184 0.8984 -0.1334
vn -0.7445 -0.6067 0.2786
vn 0.2902 0.9367 0.1960
vn -0.1447 0.8583 0.4923
vn -0.2360 -0.2918 -0.9269
vn -0.0671 -0.0483 -0.9966
vn -0.0368 -0.0515 -0.9980
vn -0.2385 -0.2993 -0.9239
vn 0.4267 -0.8935 -0.1395
vn 0.4135 -0.8936 -0.1747
vn 0.4302 -0.8925 -0.1357
vn 0.4110 -0.8934 -0.1814
vn -0.2239 0.6223 0.7501
vn -0.2238 0.6223 0.7501
vn -0.2240 0.6222 0.7501
vn 0.3068 0.8912 0.3341
vn -0.5828 0.1065 -0.8056
vn -0.5881 0.1318 -0.7980
vn -0.5827 0.1050 -0.8059
vn -0.5883 0.1339 -0.7975
vn 0.6610 0.6691 -0.3398
vn 0.6815 0.6944 -0.2310
vn 0.6612 0.6713 -0.3349
vn 0.6796 0.6984 -0.2246
vn -0.6240 -0.6790 -0.3867
vn -0.6443 -0.7012 -0.3053
vn -0.6538 -0.6952 -0.2986
vn -0.6268 -0.6769 -0.3859
vn 0.1570 0.0437 -0.9866
vn -0.3130 -0.3394 -0.8871
vn 0.1504 0.0698 -0.9862
vn -0.3094 -0.3480 -0.8849
vn -0.2003 0.9735 0.1104
vn -0.2866 0.9483 0.1360
vn -0.2015 0.9734 0.1090
vn -0.2873 0.9481 0.1363
vn 0.2503 0.9675 -0.0372
vn 0.2650 0.9634 -0.0411
vn 0.2656 0.9632 -0.0412
vn 0.2498 0.9676 -0.0376
vn -0.7232 -0.6027 0.3371
vn -0.7232 -0.6028 0.3371
vn -0.7232 -0.6028 0.3370
vn -0.6685 -0.0239 0.7433
vn -0.6685 -0.0238 0.7434
vn -0.8428 -0.4938 0.2142
vn -0.8567 -0.4661 0.2210
vn -0.8423 -0.4946 0.2143
vn -0.8572 -0.4654 0.2204
vn 0.3893 -0.6391 -0.6634
vn 0.3893 -0.6390 -0.6634
vn 0.3893 -0.6391 -0.6633
vn 0.2627 0.0797 0.9616
vn 0.2585 0.0740 0.9632
vn 0.2864 0.0913 0.9537
vn 0.2374 0.0649 0.9692
vn -0.8448 -0.2808 0.4556
vn -0.8448 -0.2807 0.4556
vn 0.4460 0.6548 -0.6102
vn 0.4544 0.6543 -0.6045
vn 0.4447 0.6544 -0.6115
vn 0.4395 0.6552 -0.6145
vn 0.3036 0.5847 0.7523
vn -0.3254 -0.5295 -0.7834
vn -0.3231 -0.5305 -0.7837
vn -0.3269 -0.5288 -0.7833
vn -0.3293 -0.5269 -0.7836
vn 0.9397 0.1315 -0.3158
vn 0.3699 -0.5065 0.7789
vn -0.8829 0.1361 0.4495
vn 0.2481 0.7715 0.5858
vn 0.2481 0.7716 0.5858
vn 0.3942 0.4107 0.8222
vn 0.3938 0.4109 0.8222
vn -0.9125 0.1594 0.3766
vn -0.9126 0.1594 0.3766
vn -0.4208 0.0445 -0.9061
vn -0.4208 0.0445 -0.9060
vn -0.2991 0.7489 -0.5913
vn -0.2990 0.7490 -0.5913
vn 0.8684 0.1122 -0.4830
vn -0.2782 -0.7557 -0.5928
vn -0.2782 -0.7557 -0.5929
vn -0.9509 0.0869 0.2970
vn 0.9068 0.1727 -0.3847
vn 0.9068 0.1727 -0.3846
vn 0.9067 0.1727 -0.3847
vn 0.1593 0.9483 0.2745
vn 0.1591 0.9483 0.2747
vn 0.1592 0.9483 0.2746
vn 0.8240 0.5182 0.2291
vn 0.8240 0.5182 0.2292
vn -0.1251 -0.4188 0.8994
vn -0.1224 -0.4118 0.9030
vn -0.1206 -0.4157 0.9015
vn -0.1304 -0.4146 0.9006
vn 0.8042 -0.2460 0.5410
vn 0.9121 0.3639 -0.1890
vn -0.0372 -0.6664 0.7447
vn -0.0372 -0.6663 0.7447
vn -0.0371 -0.6663 0.7447
vn 0.0454 -0.6749 0.7365
vn 0.6633 0.0764 0.7444
vn 0.9156 0.3575 -0.1840
vn 0.9156 0.3575 -0.1839
vn -0.4138 -0.2691 -0.8697
vn 0.8287 -0.2197 0.5147
vn 0.8288 -0.2197 0.5147
vn -0.4488 -0.2650 -0.8534
vn -0.4488 -0.2650 -0.8535
vn 0.9431 0.0535 -0.3282
vn 0.9431 0.0535 -0.3283
vn -0.2095 -0.4016 0.8915
vn -0.2083 -0.4023 0.8915
vn -0.2046 -0.4003 0.8932
vn -0.2096 -0.4044 0.8903
vn -0.2116 -0.9050 0.3691
vn -0.2104 -0.9003 0.3811
vn -0.2156 -0.9003 0.3781
vn -0.2083 -0.9047 0.3715
vn 0.8611 0.4223 0.2833
vn 0.8610 0.4223 0.2833
vn 0.8610 0.4223 0.2834
vn -0.5572 -0.8300 -0.0228
vn -0.5573 -0.8300 -0.0229
vn -0.5572 -0.8301 -0.0228
vn 0.6338 0.2999 -0.7130
vn 0.6337 0.2999 -0.7131
vn 0.9822 0.0363 0.1844
vn 0.9812 0.0263 0.1909
vn 0.9827 0.0336 0.1820
vn 0.9806 0.0306 0.1937
vn 0.5188 0.5426 0.6606
vn 0.5210 0.5390 0.6618
vn 0.5220 0.5378 0.6620
vn 0.5195 0.5419 0.6607
vn -0.9866 -0.1252 0.1047
vn -0.9840 -0.1418 0.1074
vn -0.9862 -0.1245 0.1090
vn -0.9844 -0.1419 0.1035
vn 0.7606 0.3888 0.5199
vn 0.7627 0.3864 0.5186
vn 0.7627 0.3852 0.5195
vn 0.7606 0.3894 0.5195
vn -0.5842 0.2422 0.7746
vn -0.5846 0.1789 0.7914
vn -0.5843 0.2052 0.7851
vn -0.5790 0.2720 0.7686
vn 0.9085 -0.2429 0.3400
vn 0.9063 -0.2334 0.3523
vn 0.9019 -0.2531 0.3501
vn 0.9094 -0.2290 0.3473
vn 0.7498 0.2608 0.6082
vn 0.7516 0.2492 0.6107
vn 0.7526 0.2425 0.6122
vn 0.7474 0.2748 0.6049
vn -0.6652 -0.4143 0.6211
vn -0.6673 -0.4085 0.6228
vn -0.6651 -0.4181 0.6188
vn -0.6663 -0.4036 0.6270
vn -0.4289 0.5014 0.7514
vn -0.4594 0.4993 0.7346
vn -0.4684 0.4978 0.7299
vn -0.4235 0.5023 0.7539
vn -0.6656 0.3715 0.6473
vn -0.6385 0.4022 0.6562
vn -0.6422 0.3965 0.6560
vn -0.6690 0.3674 0.6462
vn -0.1253 -0.6929 -0.7101
vn -0.1958 -0.6681 -0.7179
vn -0.1082 -0.6952 -0.7106
vn -0.2101 -0.6639 -0.7177
vn 0.0484 -0.6583 -0.7512
vn 0.0498 -0.6610 -0.7487
vn 0.0473 -0.6558 -0.7534
vn 0.0519 -0.6655 -0.7446
vn 0.3146 0.4182 0.8522
vn 0.3189 0.4427 0.8380
vn 0.3158 0.4277 0.8470
vn 0.3135 0.4082 0.8574
vn 0.1046 0.4173 0.9027
vn 0.1047 0.4173 0.9027
vn -0.9484 -0.0246 0.3160
vn -0.9484 -0.0245 0.3161
vn 0.8931 -0.4277 0.1395
vn 0.2305 -0.6832 -0.6929
vn 0.2305 -0.6833 -0.6928
vn 0.0777 0.2901 0.9538
vn 0.2867 -0.2530 0.9240
vn 0.2868 -0.2530 0.9240
vn -0.7545 0.2078 0.6226
vn -0.7545 0.2078 0.6225
vn 0.8737 -0.2312 0.4280
vn 0.8737 -0.2311 0.4281
vn -0.2177 0.4342 0.8741
vn -0.2178 0.4342 0.8741
vn -0.9078 -0.4181 -0.0339
vn -0.9078 -0.4180 -0.0339
vn 0.0025 -0.1686 0.9857
vn -0.1625 0.3581 0.9195
vn -0.1624 0.3581 0.9194
vn 0.7763 0.1128 0.6202
vn 0.7763 0.1127 0.6201
vn -0.8892 0.1432 0.4346
vn -0.1934 -0.6717 -0.7152
vn -0.1933 -0.6717 -0.7151
vn 0.6555 0.1349 0.7430
vn 0.6554 0.1353 0.7430
vn 0.6556 0.1348 0.7430
vn 0.6555 0.1352 0.7430
vn -0.2675 -0.6413 -0.7191
vn -0.2814 -0.6518 -0.7042
vn -0.2739 -0.6439 -0.7144
vn -0.2893 -0.6535 -0.6995
vn 0.9111 -0.2808 -0.3019
vn 0.9111 -0.2807 -0.3018
vn 0.9111 -0.2808 -0.3018
vn -0.7499 0.6548 -0.0942
vn -0.7500 0.6544 -0.0961
vn -0.7515 0.6543 -0.0843
vn -0.7486 0.6552 -0.1020
vn 0.3388 0.5847 0.7371
vn 0.3389 0.5847 0.7371
vn -0.3455 -0.5288 -0.7753
vn -0.3483 -0.5305 -0.7728
vn -0.3465 -0.5295 -0.7743
vn -0.3440 -0.5269 -0.7772
vn -0.8746 0.1315 0.4668
vn -0.8745 0.1315 0.4668
vn 0.3127 -0.5065 0.8035
vn 0.3128 -0.5065 0.8035
vn 0.9328 0.1361 -0.3338
vn 0.2558 0.7715 0.5826
vn 0.2558 0.7715 0.5825
vn 0.2558 0.7714 0.5827
vn 0.3275 0.4107 0.8509
vn 0.3279 0.4109 0.8507
vn 0.3276 0.4107 0.8509
vn 0.9002 0.1594 -0.4053
vn -0.3703 0.0445 -0.9279
vn -0.3703 0.0445 -0.9278
vn -0.2250 0.7489 -0.6233
vn -0.2249 0.7489 -0.6233
vn -0.9473 0.1122 0.3002
vn -0.2403 -0.7557 -0.6092
vn 0.8686 0.0869 -0.4879
vn -0.9020 0.1727 0.3956
vn 0.0907 0.9483 0.3043
vn 0.0905 0.9483 0.3043
vn 0.0061 0.5671 0.8236
vn 0.0061 0.5671 0.8237
vn 0.0061 0.5670 0.8237
vn 0.9105 -0.3988 0.1094
vn 0.9121 -0.3938 0.1139
vn 0.9122 -0.3924 0.1184
vn 0.9165 -0.3813 0.1210
vn 0.3237 -0.1879 0.9273
vn -0.4185 0.4058 0.8125
vn 0.7394 -0.6459 0.1900
vn 0.7394 -0.6460 0.1900
vn 0.7107 -0.6504 0.2682
vn 0.7106 -0.6504 0.2682
vn 0.7106 -0.6505 0.2682
vn 0.5516 0.1323 0.8236
vn 0.5517 0.1323 0.8235
vn -0.4144 0.3998 0.8176
vn -0.4144 0.3997 0.8176
vn -0.7330 -0.3150 -0.6029
vn -0.7330 -0.3150 -0.6028
vn 0.2917 -0.1611 0.9428
vn -0.7086 -0.3123 -0.6328
vn -0.7085 -0.3123 -0.6328
vn -0.7085 -0.3124 -0.6328
vn -0.7086 -0.3123 -0.6327
vn -0.5565 0.0937 0.8255
vn -0.5566 0.0937 0.8255
vn 0.9204 -0.3891 0.0391
vn 0.9231 -0.3827 0.0370
vn 0.9220 -0.3852 0.0396
vn 0.9246 -0.3784 0.0442
vn 0.4389 -0.8954 -0.0745
vn 0.4284 -0.9005 -0.0746
vn 0.4347 -0.8966 -0.0840
vn 0.4336 -0.8986 -0.0668
vn 0.0506 0.4749 0.8786
vn 0.0505 0.4749 0.8786
vn 0.0506 0.4748 0.8786
vn 0.1305 -0.8585 -0.4959
vn 0.1305 -0.8585 -0.4960
vn -0.8542 0.3124 0.4156
vn -0.9748 0.1131 0.1923
vn -0.9738 0.1165 0.1951
vn -0.9754 0.1214 0.1841
vn -0.9765 0.1159 0.1819
vn -0.4757 0.7759 0.4143
vn -0.4701 0.7733 0.4255
vn -0.4717 0.7780 0.4150
vn -0.4670 0.7746 0.4266
vn 0.9766 -0.0723 0.2026
vn 0.9785 -0.0494 0.2003
vn 0.9777 -0.0466 0.2047
vn 0.9770 -0.0738 0.2001
vn -0.7387 0.5760 0.3502
vn -0.7354 0.5797 0.3510
vn -0.7388 0.5758 0.3503
vn -0.7354 0.5802 0.3501
vn 0.6791 0.4234 0.5997
vn 0.6810 0.4416 0.5842
vn 0.6820 0.4567 0.5712
vn 0.6811 0.4035 0.6110
vn -0.8682 -0.0495 0.4938
vn -0.8755 -0.0455 0.4811
vn -0.8721 -0.0649 0.4850
vn -0.8693 -0.0664 0.4897
vn -0.6930 0.5267 0.4922
vn -0.6934 0.5210 0.4978
vn -0.6926 0.5317 0.4874
vn -0.6941 0.5105 0.5076
vn 0.7226 -0.1013 0.6838
vn 0.7245 -0.0967 0.6825
vn 0.7218 -0.1016 0.6846
vn 0.7204 -0.1080 0.6851
vn 0.5099 0.7021 0.4970
vn 0.4948 0.7061 0.5065
vn 0.5148 0.7003 0.4945
vn 0.4872 0.7081 0.5111
vn 0.7211 0.5059 0.4734
vn 0.7129 0.5222 0.4680
vn 0.7193 0.5109 0.4708
vn 0.7111 0.5260 0.4665
vn 0.0497 -0.8875 -0.4581
vn 0.0598 -0.8887 -0.4547
vn -0.0054 -0.8963 -0.4434
vn -0.0140 -0.8959 -0.4441
vn -0.7289 -0.6757 -0.1099
vn -0.7278 -0.6770 -0.1088
vn -0.7263 -0.6789 -0.1074
vn -0.7298 -0.6747 -0.1106
vn 0.7471 0.4555 0.4842
vn 0.7387 0.4695 0.4835
vn 0.7252 0.4900 0.4837
vn 0.7550 0.4413 0.4850
vn -0.1046 0.8260 0.5538
vn -0.1047 0.8260 0.5538
vn 0.9484 0.1435 0.2827
vn -0.8931 -0.2926 0.3417
vn -0.8931 -0.2927 0.3417
vn -0.2305 -0.9440 -0.2362
vn -0.0777 0.7440 0.6636
vn -0.2867 0.2647 0.9207
vn 0.7545 0.5013 0.4235
vn 0.7545 0.5014 0.4235
vn -0.8737 0.0253 0.4858
vn -0.8737 0.0254 0.4858
vn 0.2179 0.8255 0.5206
vn 0.2178 0.8256 0.5205
vn 0.2178 0.8256 0.5206
vn 0.9078 -0.3747 0.1885
vn 0.9078 -0.3746 0.1885
vn -0.0025 0.3689 0.9295
vn 0.1625 0.7842 0.5989
vn 0.1624 0.7842 0.5989
vn -0.7763 0.4190 0.4709
vn 0.8892 0.3484 0.2966
vn 0.1933 -0.9457 -0.2612
vn 0.1934 -0.9457 -0.2613
vn -0.6554 0.5021 0.5642
vn -0.6556 0.5017 0.5644
vn -0.6555 0.5019 0.5643
vn 0.2757 -0.8653 -0.4186
vn 0.2642 -0.8713 -0.4136
vn 0.2706 -0.8648 -0.4230
vn 0.2684 -0.8726 -0.4080
vt 0.748685 0.500000
vt 0.750000 0.500000
vt 0.747159 0.500000
vt 0.652386 0.499990
vt 0.640931 0.492931
vt 0.648000 0.500000
vt 0.658828 0.494100
vt 0.745600 0.499996
vt 0.649766 0.500000
vt 0.648000 0.500000
vt 0.648000 0.500000
vt 0.650842 0.500000
vt 0.748234 0.500000
vt 0.649048 0.500000
vt 0.648000 0.500000
vt 0.649315 0.500000
vt 0.748952 0.500000
vt 0.744393 0.500000
vt 0.741691 0.500000
vt 0.735990 0.500000
vt 0.671742 0.500000
vt 0.683089 0.500000
vt 0.726259 0.500000
vt 0.659002 0.500000
vt 0.662011 0.500000
vt 0.738999 0.500000
vt 0.655010 0.500000
vt 0.648000 0.500000
vt 0.656309 0.500000
vt 0.742990 0.500000
vt 0.653850 0.500000
vt 0.653606 0.500000
vt 0.744149 0.500000
vt 0.721113 0.528704
vt 0.750000 0.720539
vt 0.714714 0.500000
vt 0.727588 0.691831
vt 0.648000 0.720539
vt 0.678194 0.500000
vt 0.683274 0.500000
vt 0.719792 0.500000
vt 0.676927 0.528639
vt 0.670458 0.691891
vt 0.725131 0.724929
vt 0.750000 0.746139
vt 0.723692 0.745993
vt 0.750000 0.750000
vt 0.672913 0.724953
vt 0.714991 0.749123
vt 0.606328 0.749002
vt 0.648627 0.748665
vt 0.648000 0.746139
vt 0.674409 0.746156
vt 0.709310 0.750000
vt 0.689869 0.750000
vt 0.718689 0.750000
vt 0.725835 0.750000
vt 0.722321 0.750000
vt 0.723598 0.750000
vt 0.648000 0.750000
vt 0.716358 0.750000
vt 0.679339 0.750000
vt 0.648000 0.750000
vt 0.672212 0.750000
vt 0.648000 0.750000
vt 0.684716 0.750000
vt 0.681686 0.750000
vt 0.725067 0.750000
vt 0.648000 0.750000
vt 0.672971 0.750000
vt 0.720890 0.750000
vt 0.711513 0.750000
vt 0.718025 0.750000
vt 0.724362 0.750000
vt 0.726459 0.749886
vt 0.690663 0.750000
vt 0.720984 0.750000
vt 0.726862 0.749965
vt 0.673764 0.750000
vt 0.677149 0.750000
vt 0.639288 0.749326
vt 0.666479 0.749915
vt 0.589273 0.719127
vt 0.659996 0.717716
vt 0.398602 0.748929
vt 0.386250 0.746139
vt 0.595823 0.721001
vt 0.601675 0.720539
vt 0.654583 0.717856
vt 0.411258 0.721288
vt 0.491736 0.720539
vt 0.501593 0.720539
vt 0.575353 0.719872
vt 0.394020 0.717668
vt 0.510580 0.720539
vt 0.413755 0.720539
vt 0.580361 0.719255
vt 0.606416 0.728671
vt 0.392826 0.717564
vt 0.500000 0.720539
vt 0.416358 0.727601
vt 0.518551 0.720539
vt 0.582581 0.719197
vt 0.649114 0.719205
vt 0.500000 0.720539
vt 0.653967 0.719135
vt 0.586259 0.719837
vt 0.650143 0.717971
vt 0.574000 0.720539
vt 0.648000 0.720539
vt 0.389747 0.719367
vt 0.500000 0.746139
vt 0.553208 0.724605
vt 0.574000 0.746139
vt 0.500000 0.750000
vt 0.553163 0.749501
vt 0.543780 0.720770
vt 0.550838 0.720539
vt 0.394652 0.717723
vt 0.386250 0.720539
vt 0.391158 0.718318
vt 0.606327 0.749002
vt 0.632760 0.849137
vt 0.625947 0.772053
vt 0.617312 0.788231
vt 0.647364 0.863162
vt 0.588676 0.844347
vt 0.576690 0.792174
vt 0.582969 0.853761
vt 0.585186 0.800283
vt 0.611923 0.798324
vt 0.576690 0.792174
vt 0.585186 0.800283
vt 0.617312 0.788231
vt 0.611923 0.798318
vt 0.623776 0.840478
vt 0.632760 0.849137
vt 0.623405 0.840561
vt 0.582970 0.853761
vt 0.611925 0.798324
vt 0.623788 0.840519
vt 0.562973 0.779081
vt 0.573682 0.869081
vt 0.745695 0.750000
vt 0.652328 0.750000
vt 0.745860 0.750000
vt 0.652162 0.750000
vt 0.516960 0.750000
vt 0.574000 0.750000
vt 0.484934 0.750000
vt 0.590650 0.750000
vt 0.500000 0.750000
vt 0.500000 0.750000
vt 0.250000 0.750000
vt 0.386250 0.750000
vt 0.386250 0.750000
vt 0.481659 0.750000
vt 0.574000 0.750000
vt 0.500000 0.750000
vt 0.443830 0.750000
vt 0.452370 0.750000
vt 0.617209 0.750000
vt 0.624573 0.750000
vt 0.648000 0.750000
vt 0.592514 0.750000
vt 0.589973 0.750000
vt 0.618903 0.750000
vt 0.611809 0.750000
vt 0.597650 0.750000
vt 0.594994 0.750000
vt 0.625997 0.750000
vt 0.631937 0.750000
vt 0.600306 0.750000
vt 0.595056 0.750000
vt 0.500000 0.750000
vt 0.500000 0.750000
vt 0.500000 0.750000
vt 0.631460 0.766540
vt 0.568487 0.764541
vt 0.565730 0.771811
vt 0.636974 0.761027
vt 0.500000 0.777082
vt 0.500000 0.768054
vt 0.457362 0.750000
vt 0.441969 0.750000
vt 0.500000 0.759027
vt 0.571243 0.757270
vt 0.642487 0.755513
vt 0.462576 0.750000
vt 0.462093 0.750000
vt 0.435291 0.750000
vt 0.553164 0.749501
vt 0.574000 0.750000
vt 0.574000 0.750000
vt 0.574000 0.750000
vt 0.574000 0.500000
vt 0.562500 0.375000
vt 0.500000 0.500000
vt 0.570466 0.496466
vt 0.500000 0.375000
vt 0.574000 0.500000
vt 0.500000 0.786109
vt 0.500000 0.875000
vt 0.574000 0.500000
vt 0.553164 0.749501
vt 0.606328 0.749002
vt 0.606328 0.749002
vt 0.553164 0.749501
vt 0.553164 0.749501
vt 0.607665 0.748851
vt 0.555247 0.749426
vt 0.606327 0.749002
vt 0.584576 0.748646
vt 0.551686 0.749323
vt 0.572493 0.748968
vt 0.620412 0.747936
vt 0.489926 0.750000
vt 0.544650 0.749530
vt 0.282984 0.500000
vt 0.282984 0.500000
vt 0.279239 0.500000
vt 0.279996 0.500000
vt 0.277940 0.500000
vt 0.279975 0.500000
vt 0.279465 0.500000
vt 0.413755 0.720539
vt 0.411259 0.721288
vt 0.413755 0.720539
vt 0.411259 0.721288
vt 0.594830 0.721081
vt 0.601675 0.720539
vt 0.595823 0.721001
vt 0.649114 0.719205
vt 0.650143 0.717971
vt 0.608286 0.720074
vt 0.615023 0.719612
vt 0.389747 0.719367
vt 0.395675 0.719742
vt 0.404039 0.718281
vt 0.394020 0.717668
vt 0.394020 0.717668
vt 0.403732 0.719380
vt 0.636305 0.718202
vt 0.623227 0.721757
vt 0.653967 0.719135
vt 0.653967 0.719134
vt 0.606417 0.728671
vt 0.391158 0.718318
vt 0.397508 0.748962
vt 0.398602 0.748929
vt 0.398602 0.748929
vt 0.648000 0.746364
vt 0.648000 0.746139
vt 0.599374 0.749060
vt 0.648000 0.746139
vt 0.386250 0.746258
vt 0.386250 0.746139
vt 0.524575 0.750000
vt 0.502830 0.750000
vt 0.518795 0.750000
vt 0.449871 0.748644
vt 0.398602 0.748929
vt 0.399922 0.748768
vt 0.439654 0.748480
vt 0.648000 0.742881
vt 0.648000 0.743066
vt 0.648000 0.745677
vt 0.386250 0.742948
vt 0.386250 0.745659
vt 0.386250 0.742940
vt 0.363593 0.500000
vt 0.364692 0.500000
vt 0.279996 0.500000
vt 0.365347 0.500000
vt 0.468060 0.500000
vt 0.468060 0.500000
vt 0.473713 0.500000
vt 0.470936 0.500000
vt 0.470936 0.500000
vt 0.470936 0.500000
vt 0.351580 0.500000
vt 0.485468 0.500000
vt 0.364693 0.500000
vt 0.468060 0.500000
vt 0.375798 0.500000
vt 0.484030 0.500000
vt 0.486857 0.500000
vt 0.279996 0.500000
vt 0.264998 0.500000
vt 0.266492 0.500000
vt 0.263970 0.500000
vt 0.277940 0.500000
vt 0.364692 0.500000
vt 0.365347 0.500000
vt 0.250000 0.500000
vt 0.500000 0.500000
vt 0.386250 0.500000
vt 0.386250 0.500000
vt 0.398602 0.748929
vt 0.398602 0.748929
vt 0.398602 0.748929
vt 0.398602 0.748929
vt 0.500000 0.750000
vt 0.347187 0.750000
vt 0.446064 0.750000
vt 0.452031 0.750000
vt 0.276807 0.752104
vt 0.347780 0.807807
vt 0.368432 0.758426
vt 0.386250 0.500000
vt 0.386250 0.500000
vt 0.386250 0.500000
vt 0.386250 0.500000
vt 0.395095 0.491155
vt 0.386250 0.750000
vt 0.386250 0.750000
vt 0.375000 0.875000
vt 0.386250 0.750000
vt 0.375000 0.375000
vt 0.250000 0.746139
vt 0.625000 0.375000
vt 0.574000 0.720539
vt 0.648000 0.720539
vt 0.250000 0.720539
vt 0.335041 0.750000
vt 0.463058 0.750000
vt 0.340277 0.750000
vt 0.250000 0.750000
vt 0.332254 0.750000
vt 0.330655 0.750000
vt 0.463505 0.750000
vt 0.449398 0.750000
vt 0.345513 0.750000
vt 0.350749 0.750000
vt 0.329057 0.750000
vt 0.327458 0.750000
vt 0.351586 0.750000
vt 0.349387 0.750000
vt 0.449830 0.750000
vt 0.453596 0.750000
vt 0.263403 0.751052
vt 0.357789 0.756319
vt 0.347146 0.754213
vt 0.270105 0.751578
vt 0.420774 0.757180
vt 0.431306 0.754787
vt 0.353785 0.750000
vt 0.355985 0.750000
vt 0.325859 0.750000
vt 0.441838 0.752393
vt 0.336503 0.752106
vt 0.256702 0.750526
vt 0.410242 0.759574
vt 0.553208 0.724605
vt 0.553208 0.724605
vt 0.553208 0.724605
vt 0.589273 0.719127
vt 0.586259 0.719837
vt 0.570889 0.721148
vt 0.573442 0.719371
vt 0.562801 0.720075
vt 0.575353 0.719872
vt 0.550838 0.720539
vt 0.554940 0.720307
vt 0.000000 0.000000
vt 0.493651 0.669427
vt 0.574000 0.720539
vt 0.543780 0.720770
vt 0.543283 0.720810
vt 0.493651 0.720539
vt 0.500000 0.720539
vt 0.501593 0.720539
vt 0.518551 0.720539
vt 0.648000 0.720539
vt 0.648000 0.720539
vt 0.416358 0.727601
vt 0.416358 0.727601
vt 0.606416 0.728671
vt 0.606417 0.728671
vt 0.661069 0.750000
vt 0.660568 0.750000
vt 0.737000 0.750000
vt 0.737499 0.750000
vt 0.584311 0.748651
vt 0.551553 0.749325
vt 0.592635 0.748482
vt 0.555715 0.749241
vt 0.449871 0.748644
vt 0.439653 0.748480
vt 0.439654 0.748480
vt 0.449870 0.748644
vt 0.279292 0.500000
vt 0.364051 0.500000
vt 0.278672 0.500000
vt 0.302224 0.500000
vt 0.472557 0.500000
vt 0.470936 0.500000
vt 0.364051 0.500000
vt 0.364692 0.500000
vt 0.446258 0.500000
s 0
usemtl DarkGreen
f 1/1/1 2/2/1 3/2/1
f 4/3/2 5/2/2 6/2/2
s 1
f 7/4/3 8/5/3 9/6/3
s 0
f 10/7/4 11/2/4 12/5/4
f 13/8/5 14/6/5 15/2/5
f 16/9/6 17/10/6 18/11/6
s 1
f 19/12/7 20/2/7 21/10/7
s 0
f 22/13/8 23/11/8 24/2/8
f 25/14/9 26/15/9 27/11/9
f 28/16/10 29/2/10 30/15/10
f 31/17/11 32/11/11 33/2/11
f 34/18/12 35/2/12 36/2/12
f 37/19/13 38/2/13 39/2/13
f 40/20/14 41/2/14 42/2/14
f 43/21/15 44/6/15 45/10/15
f 46/22/16 47/2/16 48/6/16
s 1
f 49/23/17 50/10/17 51/2/17
s 0
f 52/24/18 53/11/18 54/15/18
s 1
f 55/25/19 56/2/19 57/11/19
s 0
f 58/26/20 59/15/20 60/2/20
f 61/27/21 62/11/21 63/28/21
f 64/29/22 65/2/22 66/11/22
f 67/30/23 68/28/23 69/2/23
f 70/31/24 71/15/24 72/11/24
f 73/32/25 74/2/25 75/15/25
f 76/33/26 77/11/26 78/2/26
s 1
f 79/34/27 80/35/27 81/2/27
f 82/36/28 83/2/28 84/2/28
s 0
f 85/37/29 86/38/29 87/35/29
f 88/39/30 89/28/30 90/15/30
f 91/40/31 92/2/31 93/28/31
f 94/41/32 95/15/32 96/2/32
f 97/42/33 98/2/33 99/11/33
f 100/43/34 101/11/34 102/38/34
f 103/44/35 104/45/35 105/35/35
f 106/46/36 107/47/36 108/45/36
f 109/48/37 110/35/37 111/38/37
f 112/49/38 113/50/38 114/47/38
f 115/51/39 116/52/39 117/50/39
f 118/53/40 119/38/40 120/52/40
f 121/54/41 122/47/41 123/55/41
f 124/56/42 125/47/42 126/47/42
f 127/57/43 128/47/43 129/47/43
f 130/58/44 131/47/44 132/47/44
f 133/59/45 134/60/45 135/47/45
f 136/61/46 137/60/46 138/47/46
f 139/62/47 140/47/47 141/63/47
f 142/64/48 143/47/48 144/65/48
f 145/66/49 146/55/49 147/60/49
f 148/67/50 149/63/50 150/60/50
f 151/68/51 152/69/51 153/47/51
f 154/70/52 155/65/52 156/69/52
f 157/71/53 158/55/53 159/47/53
f 160/72/54 161/60/54 162/55/54
f 163/73/55 164/47/55 165/47/55
f 166/74/56 167/47/56 168/47/56
f 169/75/57 170/47/57 171/47/57
f 172/76/58 173/47/58 174/60/58
f 175/77/59 176/63/59 177/47/59
f 178/78/60 179/65/60 180/47/60
f 181/79/61 182/47/61 183/69/61
f 184/80/62 185/69/62 186/63/62
f 187/81/63 188/47/63 189/50/63
f 190/82/64 191/50/64 192/65/64
f 193/83/65 194/84/65 195/83/65
f 194/84/66 193/83/66 196/84/66
f 197/85/67 198/86/67 199/85/67
s 1
f 198/86/67 197/85/67 200/86/67
s 0
f 201/87/68 202/88/68 203/87/68
f 202/88/69 201/87/69 204/88/69
f 205/89/70 206/84/70 207/89/70
f 206/84/71 205/89/71 208/84/71
f 209/90/72 210/91/72 211/90/72
f 210/91/72 209/90/72 212/91/72
f 213/92/73 214/93/73 215/92/73
f 214/93/74 213/92/74 216/93/74
f 217/94/75 218/95/75 219/94/75
f 218/95/75 217/94/75 220/95/75
f 221/96/76 222/90/76 223/96/76
f 222/90/76 221/96/76 224/90/76
f 225/97/77 226/97/77 227/95/77
f 225/97/78 227/95/78 228/95/78
f 229/98/79 230/98/79 231/52/79
f 231/52/80 232/52/80 229/98/80
f 233/99/81 234/94/81 235/99/81
f 234/94/81 233/99/81 236/94/81
f 237/100/82 238/100/82 239/96/82
f 239/96/82 240/96/82 237/100/82
f 241/86/83 242/101/83 243/86/83
f 242/101/83 241/86/83 244/101/83
f 245/102/84 246/102/84 247/99/84
f 247/99/84 248/99/84 245/102/84
f 249/103/85 250/95/85 251/95/85
f 249/103/86 252/103/86 250/95/86
f 253/104/87 254/93/87 255/93/87
f 253/104/73 256/104/73 254/93/73
f 257/101/88 258/105/88 259/101/88
f 258/105/89 257/101/89 260/105/89
f 261/102/90 262/83/90 263/102/90
f 262/83/66 261/102/66 264/83/66
f 265/106/91 266/106/91 267/107/91
s 1
f 265/106/92 267/107/92 268/107/92
s 0
f 269/108/78 270/97/78 271/97/78
f 270/97/93 269/108/93 272/108/93
f 273/105/94 274/109/94 275/105/94
f 274/109/95 273/105/95 276/109/95
f 277/108/96 278/104/96 279/108/96
f 278/104/97 277/108/97 280/104/97
f 281/110/98 282/106/98 283/106/98
f 282/106/99 281/110/99 284/110/99
f 285/111/100 286/92/100 287/111/100
f 286/92/100 285/111/100 288/92/100
s 1
f 289/112/101 290/113/102 291/105/102
f 290/113/102 289/112/101 292/114/103
f 293/112/104 294/115/105 295/116/106
f 295/116/106 296/114/107 293/112/104
f 297/38/108 298/107/109 299/109/108
f 298/107/109 297/38/108 300/106/110
s 0
f 301/84/111 302/103/111 303/83/111
f 301/84/112 304/89/112 302/103/112
s 1
f 305/108/113 306/104/114 307/93/114
f 305/108/113 307/93/114 308/97/115
f 309/88/116 310/117/117 311/118/118
f 309/88/116 312/87/117 310/117/117
f 313/118/119 314/91/120 315/100/119
f 313/118/119 316/117/120 314/91/120
f 317/96/121 318/91/121 319/90/121
f 318/91/121 317/96/121 320/100/121
f 321/97/122 322/93/122 323/92/122
s 0
f 321/97/123 323/92/123 324/95/123
s 1
f 325/95/124 326/111/125 327/119/124
f 328/92/126 326/111/125 325/95/124
f 329/83/127 330/103/127 331/95/127
s 0
f 329/83/128 331/95/128 332/102/128
s 1
f 333/102/129 334/94/130 335/99/131
f 333/102/129 336/95/132 334/94/130
f 337/109/133 338/107/134 339/102/134
f 337/109/133 339/102/134 340/105/133
f 341/120/135 342/102/135 343/121/136
f 342/102/135 341/120/135 344/105/137
f 345/85/138 346/112/139 347/86/140
f 346/112/139 345/85/138 348/115/141
f 349/114/142 350/116/143 351/122/144
f 351/122/144 352/52/145 349/114/142
f 353/101/146 354/86/147 355/112/148
f 355/112/148 356/105/149 353/101/146
f 357/114/150 358/98/151 359/113/152
f 358/98/151 357/114/150 360/52/153
f 361/123/154 362/124/154 363/125/154
f 364/126/154 362/124/154 361/123/154
f 365/127/155 366/128/156 367/129/157
f 366/128/156 365/127/155 368/130/156
f 369/131/158 370/132/158 371/133/159
f 372/134/160 370/132/158 369/131/158
f 373/123/161 374/135/162 375/136/163
f 374/135/162 373/123/161 376/125/162
f 377/127/164 378/137/164 379/138/164
f 380/139/164 378/137/164 377/127/164
f 381/140/165 382/136/166 383/135/166
f 382/136/166 381/140/165 384/141/165
f 385/129/167 386/142/167 387/143/167
f 386/142/167 385/129/167 388/128/167
f 389/139/168 390/126/168 391/137/168
f 390/126/168 389/139/168 392/143/168
f 393/141/169 394/133/169 395/127/170
f 393/141/169 396/140/169 394/133/169
s 0
f 397/127/171 398/127/171 399/138/171
s 1
f 397/127/172 399/138/172 400/141/172
s 0
f 401/130/173 402/127/173 403/133/173
f 402/127/174 401/130/174 404/127/174
s 1
f 405/133/175 406/131/176 407/133/177
f 406/131/176 405/133/175 408/140/177
f 409/144/178 410/60/179 411/145/180
f 412/47/181 410/60/179 409/144/178
f 413/146/182 414/60/182 415/47/182
f 414/60/182 413/146/182 416/147/182
f 417/47/183 418/144/184 419/146/185
f 417/47/183 419/146/185 420/47/186
f 421/147/187 422/60/187 423/60/187
f 422/60/187 421/147/187 424/145/187
f 425/148/188 426/149/189 427/150/190
f 426/149/189 425/148/188 428/151/191
f 429/151/192 430/60/193 431/149/194
f 430/60/193 429/151/192 432/55/195
f 433/115/196 434/152/197 435/153/198
f 434/152/197 433/115/196 436/115/199
f 437/154/200 438/155/201 439/156/202
f 438/155/201 437/154/200 440/154/203
f 441/115/204 442/153/205 443/156/206
f 441/115/204 443/156/206 444/155/207
f 445/115/208 446/115/209 447/152/210
f 446/115/209 445/115/208 448/148/211
f 449/157/212 450/148/213 451/150/214
f 450/148/213 449/157/212 452/115/215
f 453/154/216 454/156/217 455/155/218
f 454/156/217 453/154/216 456/154/219
f 457/157/220 458/150/221 459/155/222
f 457/157/220 459/155/222 460/156/223
f 461/158/224 462/115/225 463/115/226
f 461/158/224 464/149/227 462/115/225
f 465/60/228 466/60/229 467/47/230
f 468/47/231 465/60/228 467/47/230
f 469/60/232 470/149/233 471/158/234
f 469/60/232 472/60/235 470/149/233
f 473/159/236 474/155/237 475/155/238
f 473/159/236 476/115/239 474/155/237
f 477/155/240 478/154/240 479/155/241
f 478/154/240 477/155/240 480/154/241
f 481/159/242 482/115/243 483/115/244
f 482/115/243 481/159/242 484/115/245
f 485/60/246 486/47/247 487/60/247
f 486/47/247 485/60/246 488/47/247
f 489/115/248 490/158/248 491/115/248
f 490/158/248 489/115/248 492/158/249
f 493/160/250 494/115/250 495/115/250
f 494/115/250 493/160/250 496/161/250
f 497/162/251 498/60/251 499/163/252
f 500/164/252 498/60/251 497/162/251
f 501/165/253 502/166/253 503/158/253
f 504/158/254 503/158/253 502/166/253
f 505/167/255 506/162/256 507/163/255
f 506/162/256 505/167/255 508/168/255
f 509/169/257 510/170/258 511/165/259
f 512/166/258 511/165/259 510/170/258
f 513/171/260 514/166/261 515/170/260
f 516/172/260 514/166/261 513/171/260
f 517/173/262 518/165/263 519/174/262
f 518/165/263 517/173/262 520/169/263
f 521/173/264 522/162/265 523/168/265
f 524/174/264 522/162/265 521/173/264
f 525/171/266 526/163/267 527/172/268
f 526/163/267 525/171/266 528/167/267
f 529/172/269 530/158/269 531/166/269
f 532/60/269 530/158/269 529/172/269
f 533/174/270 534/158/271 535/158/270
f 534/158/271 533/174/270 536/165/272
f 537/164/273 538/162/273 539/174/274
f 537/164/273 539/174/274 540/158/275
f 541/172/276 542/60/276 543/60/276
f 542/60/276 541/172/276 544/163/276
f 545/156/277 546/154/277 547/155/277
f 546/154/277 545/156/277 548/154/277
f 549/175/278 550/176/279 551/177/279
f 550/176/279 549/175/278 552/159/279
f 553/156/280 554/175/280 555/177/280
f 554/175/280 553/156/280 556/155/280
f 557/178/281 558/179/281 559/180/282
f 557/178/281 560/181/281 558/179/281
f 561/178/283 562/47/284 563/181/283
f 562/47/284 561/178/283 564/47/283
f 565/182/285 566/179/285 567/183/286
f 566/179/285 565/182/285 568/180/285
f 569/184/287 570/115/287 571/159/287
f 570/115/287 569/184/287 572/185/287
f 573/155/288 574/115/289 575/155/290
f 574/115/289 573/155/288 576/175/290
f 577/159/291 578/115/291 579/175/291
f 577/159/291 580/115/292 578/115/291
f 581/155/293 582/154/293 583/155/293
f 582/154/293 581/155/293 584/154/293
f 585/186/294 586/158/294 587/115/294
f 586/158/294 585/186/294 588/187/294
f 589/188/295 590/47/296 591/164/296
f 590/47/296 589/188/295 592/47/297
f 593/188/298 594/158/298 595/187/298
f 593/188/298 596/164/298 594/158/298
f 597/155/299 598/154/299 599/156/299
f 598/154/299 597/155/299 600/154/299
f 601/177/300 602/159/301 603/175/300
f 602/159/301 601/177/300 604/176/301
f 605/175/302 606/156/303 607/177/303
f 606/156/303 605/175/302 608/155/302
f 609/187/304 610/179/304 611/181/305
f 611/181/305 612/188/304 609/187/304
f 613/181/306 614/47/307 615/188/306
f 614/47/307 613/181/306 616/47/308
f 617/183/309 618/187/310 619/186/310
f 618/187/310 617/183/309 620/179/309
f 621/115/311 622/155/312 623/155/313
f 621/115/311 624/115/314 622/155/312
f 625/154/315 626/155/316 627/155/317
f 626/155/316 625/154/315 628/154/318
f 629/115/319 630/115/320 631/115/321
f 630/115/320 629/115/319 632/115/322
f 633/189/323 634/115/324 635/190/325
f 634/115/324 633/189/323 636/115/326
f 637/60/327 638/60/328 639/158/329
f 637/60/327 639/158/329 640/158/330
f 641/191/331 642/115/332 643/115/333
f 642/115/332 641/191/331 644/160/334
f 645/158/335 646/158/336 647/115/337
f 645/158/335 647/115/337 648/115/338
f 649/153/339 650/157/340 651/156/341
f 649/153/339 651/156/341 652/156/342
f 653/154/343 654/156/344 655/156/345
f 654/156/344 653/154/343 656/154/346
f 657/152/347 658/115/348 659/153/349
f 660/157/350 659/153/349 658/115/348
f 661/115/351 662/152/352 663/115/353
f 662/152/352 661/115/351 664/115/354
f 665/115/355 666/192/356 667/115/357
f 666/192/356 665/115/355 668/193/358
f 669/194/359 670/115/360 671/195/361
f 670/115/360 669/194/359 672/115/362
f 673/28/363 674/196/364 675/196/365
f 674/196/364 673/28/363 676/11/366
f 677/15/367 678/196/368 679/196/369
f 678/196/368 677/15/367 680/28/370
f 681/197/371 682/198/371 683/199/371
f 682/198/371 681/197/371 684/200/372
f 685/196/373 686/11/374 687/196/375
f 686/11/374 685/196/373 688/15/376
f 689/193/377 690/115/378 691/194/379
f 690/115/378 689/193/377 692/115/380
f 693/195/381 694/150/382 695/149/383
f 694/150/382 693/195/381 696/115/384
f 697/148/385 698/115/386 699/149/387
f 699/149/387 700/151/388 697/148/385
f 701/201/389 702/6/390 703/196/391
f 702/6/390 701/201/389 704/10/392
f 705/202/393 706/180/394 707/182/393
f 706/180/394 705/202/393 708/142/393
f 709/158/395 710/115/396 711/115/397
f 709/158/395 712/158/398 710/115/396
f 713/203/399 714/142/400 715/202/401
f 714/142/400 713/203/399 716/143/400
s 0
f 717/196/402 718/5/402 719/199/402
f 718/5/403 717/196/403 720/6/403
s 1
f 721/196/404 722/10/405 723/201/406
f 722/10/405 721/196/404 724/11/407
f 725/196/408 726/15/409 727/196/410
f 726/15/409 725/196/408 728/11/411
f 729/204/412 730/15/413 731/196/414
f 730/15/413 729/204/412 732/11/415
f 733/205/416 734/206/417 735/205/418
f 734/206/417 733/205/416 736/206/419
f 737/192/420 738/207/421 739/208/422
f 738/207/421 737/192/420 740/50/423
f 741/206/424 742/116/425 743/205/424
f 742/116/425 741/206/424 744/122/426
f 745/209/427 746/210/428 747/211/429
f 746/210/428 745/209/427 748/212/430
s 0
f 749/100/431 750/118/431 751/100/431
f 750/118/432 749/100/432 752/118/432
f 753/52/433 754/52/433 755/122/433
f 755/122/434 756/122/434 753/52/434
s 1
f 757/205/435 758/206/436 759/205/436
f 758/206/436 757/205/435 760/206/435
f 761/207/437 762/50/438 763/192/439
f 763/192/439 764/208/440 761/207/437
f 765/211/441 766/213/442 767/214/443
f 766/213/442 765/211/441 768/210/444
f 769/215/445 770/206/446 771/205/447
f 770/206/446 769/215/445 772/216/448
f 773/217/449 774/209/450 775/115/451
f 774/209/450 773/217/449 776/218/452
f 777/115/453 778/218/454 779/217/455
f 778/218/454 777/115/453 780/192/456
s 0
f 781/89/86 782/89/86 783/103/86
f 781/89/457 783/103/457 784/103/457
f 785/113/458 786/113/458 787/98/458
f 787/98/459 788/98/459 785/113/459
f 789/118/460 790/88/460 791/118/460
f 790/88/461 789/118/461 792/88/461
f 793/87/462 794/87/462 795/117/462
f 793/87/463 795/117/463 796/117/463
s 1
f 797/219/464 798/219/465 799/219/466
f 798/219/465 797/219/464 800/219/467
f 801/219/468 802/220/469 803/219/470
f 802/220/469 801/219/468 804/219/471
f 805/221/472 806/222/473 807/223/474
f 805/221/472 807/223/474 808/223/475
f 809/221/476 810/222/477 811/222/478
f 810/222/477 809/221/476 812/224/479
f 813/225/480 814/225/481 815/223/482
f 813/225/480 815/223/482 816/223/483
f 817/220/484 818/223/485 819/219/486
f 818/223/485 817/220/484 820/223/487
f 821/222/488 822/224/489 823/225/490
f 823/225/490 824/225/491 821/222/488
f 825/223/492 826/219/493 827/219/494
f 825/223/492 828/223/495 826/219/493
f 829/222/496 830/223/497 831/223/498
f 830/223/497 829/222/496 832/225/499
f 833/222/500 834/222/501 835/222/502
f 834/222/501 833/222/500 836/225/503
f 837/219/504 838/219/505 839/219/506
f 838/219/505 837/219/504 840/219/507
s 0
f 841/226/508 842/227/508 843/228/508
f 842/227/509 841/226/509 844/229/509
s 1
f 845/230/510 846/88/511 847/231/512
f 846/88/511 845/230/510 848/232/513
f 849/232/514 850/88/514 851/88/515
f 850/88/514 849/232/514 852/87/514
s 0
f 853/115/516 854/85/516 855/115/516
f 854/85/517 853/115/517 856/85/517
f 857/105/518 858/120/518 859/120/518
f 858/120/519 857/105/519 860/105/519
s 1
f 861/233/520 862/234/521 863/234/520
f 862/234/521 861/233/520 864/233/521
f 865/235/522 866/234/523 867/236/524
f 866/234/523 865/235/522 868/233/525
f 869/119/526 870/111/526 871/119/526
f 870/111/526 869/119/526 872/237/526
f 873/119/527 874/238/528 875/239/529
f 874/238/528 873/119/527 876/111/530
f 877/237/531 878/119/531 879/111/531
f 878/119/531 877/237/531 880/119/532
f 881/233/533 882/108/534 883/234/533
f 882/108/534 881/233/533 884/104/534
s 0
f 885/95/535 886/95/535 887/119/535
f 887/119/536 888/119/536 885/95/536
f 889/122/537 890/116/537 891/116/537
f 890/116/538 889/122/538 892/122/538
f 893/99/539 894/240/539 895/99/539
f 894/240/539 893/99/539 896/241/539
s 1
f 897/242/540 898/99/541 899/240/542
f 899/240/542 900/239/543 897/242/540
s 0
f 901/243/544 902/84/544 903/84/544
f 902/84/544 901/243/544 904/89/544
s 1
f 905/243/545 906/244/546 907/236/547
f 906/244/546 905/243/545 908/84/548
s 0
f 909/89/549 910/84/549 911/84/549
f 910/84/549 909/89/549 912/89/549
f 913/117/550 914/117/550 915/91/550
f 913/117/462 915/91/462 916/91/462
f 917/120/551 918/120/551 919/121/551
f 919/121/551 920/121/551 917/120/551
s 1
f 921/245/552 922/110/552 923/246/552
f 922/110/552 921/245/552 924/110/552
f 925/246/553 926/247/554 927/244/555
f 926/247/554 925/246/553 928/110/556
f 929/248/557 930/120/557 931/120/557
f 929/248/557 932/248/557 930/120/557
f 933/101/558 934/120/559 935/248/560
f 935/248/560 936/242/561 933/101/558
f 937/120/562 938/248/563 939/120/563
f 938/248/563 937/120/562 940/121/562
s 0
f 941/109/564 942/38/564 943/109/564
f 942/38/95 941/109/95 944/38/95
f 945/105/565 946/105/565 947/113/565
s 1
f 947/113/565 948/113/565 945/105/565
f 949/115/566 950/249/567 951/250/568
f 949/115/566 952/217/569 950/249/567
f 953/251/570 954/249/571 955/217/570
f 955/217/570 956/115/572 953/251/570
f 957/252/573 958/231/574 959/253/575
f 958/231/574 957/252/573 960/230/576
f 961/50/577 962/252/578 963/254/579
f 962/252/578 961/50/577 964/255/580
f 965/254/581 966/253/582 967/212/583
f 966/253/582 965/254/581 968/252/584
f 969/86/585 970/249/586 971/256/587
f 970/249/586 969/86/585 972/250/588
f 973/249/589 974/257/590 975/256/591
f 973/249/589 976/251/592 974/257/590
f 977/256/593 978/228/594 979/227/595
f 977/256/593 980/257/596 978/228/594
f 981/192/597 982/254/598 983/218/599
f 982/254/598 981/192/597 984/50/600
f 985/218/601 986/212/602 987/209/603
f 986/212/602 985/218/601 988/254/604
s 0
f 989/96/605 990/229/605 991/226/605
f 990/229/606 989/96/606 992/90/606
s 1
f 993/258/607 994/205/608 995/115/609
f 994/205/608 993/258/607 996/215/610
f 997/259/611 998/214/612 999/260/613
f 998/214/612 997/259/611 1000/211/614
f 1001/110/615 1002/245/616 1003/106/615
f 1001/110/615 1004/110/616 1002/245/616
f 1005/261/617 1006/115/618 1007/262/619
f 1006/115/618 1005/261/617 1008/258/620
f 1009/263/621 1010/260/621 1011/264/622
f 1010/260/621 1009/263/621 1012/259/621
f 1013/265/623 1014/52/624 1015/206/625
f 1016/216/626 1013/265/623 1015/206/625
f 1017/213/627 1018/265/628 1019/216/629
f 1018/265/628 1017/213/627 1020/266/630
f 1021/210/631 1022/266/632 1023/213/633
f 1022/266/632 1021/210/631 1024/267/634
f 1025/263/635 1026/268/636 1027/269/637
f 1026/268/636 1025/263/635 1028/264/638
f 1029/268/639 1030/261/640 1031/270/641
f 1030/261/640 1029/268/639 1032/264/642
f 1033/270/643 1034/262/644 1035/86/645
f 1034/262/644 1033/270/643 1036/261/646
f 1037/266/647 1038/267/648 1039/235/649
f 1040/236/650 1037/266/647 1039/235/649
f 1041/265/651 1042/266/652 1043/236/653
f 1044/244/654 1041/265/651 1043/236/653
f 1045/52/655 1046/265/656 1047/244/657
f 1047/244/657 1048/247/658 1045/52/655
f 1049/238/659 1050/268/660 1051/239/661
f 1050/268/660 1049/238/659 1052/269/662
f 1053/239/663 1054/270/664 1055/242/665
f 1054/270/664 1053/239/663 1056/268/666
f 1057/242/667 1058/86/668 1059/101/669
f 1058/86/668 1057/242/667 1060/270/670
s 0
f 1061/99/671 1062/241/671 1063/99/671
f 1062/241/672 1061/99/672 1064/94/672
s 1
f 1065/271/673 1066/272/674 1067/271/674
f 1066/272/674 1065/271/673 1068/272/675
f 1069/223/676 1070/273/676 1071/223/676
f 1070/273/676 1069/223/676 1072/222/676
f 1073/274/677 1074/219/678 1075/274/678
f 1074/219/678 1073/274/677 1076/219/677
f 1077/223/679 1078/223/679 1079/219/679
f 1077/223/679 1079/219/679 1080/219/680
s 0
f 1081/274/681 1082/271/681 1083/274/681
f 1082/271/681 1081/274/681 1084/271/681
s 1
f 1085/272/682 1086/272/682 1087/273/682
f 1087/273/682 1088/222/682 1085/272/682
f 1089/271/683 1090/272/683 1091/271/684
f 1090/272/683 1089/271/683 1092/272/683
s 0
f 1093/274/685 1094/275/685 1095/274/685
f 1094/275/685 1093/274/685 1096/276/685
f 1097/276/686 1098/277/686 1099/275/686
f 1098/277/686 1097/276/686 1100/277/686
s 1
f 1101/278/687 1102/272/687 1103/279/688
f 1102/272/687 1101/278/687 1104/272/689
s 0
f 1105/271/690 1106/274/690 1107/274/690
f 1105/271/690 1108/271/690 1106/274/690
s 1
f 1109/277/691 1110/279/692 1111/277/693
f 1110/279/692 1109/277/691 1112/278/691
f 1113/280/694 1114/281/695 1115/282/696
f 1114/281/695 1113/280/694 1116/283/697
f 1117/284/698 1118/285/699 1119/274/700
f 1117/284/698 1120/286/701 1118/285/699
f 1121/284/702 1122/287/703 1123/286/704
f 1122/287/703 1121/284/702 1124/277/705
f 1125/288/706 1126/281/707 1127/283/708
f 1128/289/709 1126/281/707 1125/288/706
f 1129/285/710 1130/219/711 1131/274/712
f 1130/219/711 1129/285/710 1132/290/713
f 1133/277/714 1134/282/715 1135/287/716
f 1134/282/715 1133/277/714 1136/280/717
f 1137/219/718 1138/291/719 1139/292/720
f 1138/291/719 1137/219/718 1140/290/721
f 1141/288/722 1142/291/723 1143/289/724
f 1142/291/723 1141/288/722 1144/292/725
f 1145/279/726 1146/283/727 1147/278/728
f 1146/283/727 1145/279/726 1148/272/729
f 1149/280/730 1150/277/731 1151/278/732
f 1150/277/731 1149/280/730 1152/277/733
f 1153/274/734 1154/274/735 1155/219/736
f 1156/219/737 1153/274/734 1155/219/736
f 1157/272/738 1158/222/739 1159/293/740
f 1158/222/739 1157/272/738 1160/222/741
f 1161/277/742 1162/275/743 1163/277/744
f 1162/275/743 1161/277/742 1164/275/745
f 1165/275/746 1166/294/747 1167/275/748
f 1166/294/747 1165/275/746 1168/274/749
f 1169/278/750 1170/272/751 1171/280/752
f 1170/272/751 1169/278/750 1172/283/753
f 1173/223/754 1174/222/755 1175/222/756
f 1173/223/754 1176/223/757 1174/222/755
f 1177/219/758 1178/223/759 1179/223/760
f 1177/219/758 1180/219/761 1178/223/759
f 1181/219/762 1182/274/763 1183/219/764
f 1182/274/763 1181/219/762 1184/274/765
f 1185/293/766 1186/222/767 1187/272/768
f 1186/222/767 1185/293/766 1188/222/769
f 1189/277/770 1190/277/771 1191/280/772
f 1191/280/772 1192/279/773 1189/277/770
f 1193/222/774 1194/223/775 1195/222/776
f 1194/223/775 1193/222/774 1196/223/777
f 1197/223/778 1198/219/779 1199/223/780
f 1198/219/779 1197/223/778 1200/219/781
f 1201/219/782 1202/274/783 1203/219/784
f 1202/274/783 1201/219/782 1204/274/785
f 1205/274/786 1206/274/787 1207/275/788
f 1207/275/788 1208/276/789 1205/274/786
f 1209/274/790 1210/275/791 1211/294/792
f 1210/275/791 1209/274/790 1212/275/793
f 1213/277/794 1214/278/795 1215/277/796
f 1214/278/795 1213/277/794 1216/279/797
f 1217/279/798 1218/280/799 1219/272/800
f 1219/272/800 1220/272/801 1217/279/798
f 1221/274/802 1222/284/803 1223/274/804
f 1222/284/803 1221/274/802 1224/276/805
f 1225/292/806 1226/222/807 1227/223/808
f 1226/222/807 1225/292/806 1228/288/809
f 1229/272/810 1230/288/811 1231/283/812
f 1230/288/811 1229/272/810 1232/222/813
f 1233/277/814 1234/277/815 1235/279/816
f 1235/279/816 1236/280/817 1233/277/814
f 1237/276/818 1238/275/819 1239/277/820
f 1239/277/820 1240/277/821 1237/276/818
f 1241/275/822 1242/277/823 1243/275/824
f 1242/277/823 1241/275/822 1244/277/825
f 1245/272/826 1246/272/827 1247/222/828
f 1248/222/829 1245/272/826 1247/222/828
s 0
f 1249/223/830 1250/223/831 1251/219/830
f 1251/219/832 1252/219/832 1249/223/832
s 1
f 1253/295/833 1254/289/834 1255/291/835
f 1254/289/834 1253/295/833 1256/295/836
f 1257/295/837 1258/291/838 1259/290/839
f 1257/295/837 1259/290/839 1260/295/840
f 1261/282/841 1262/198/842 1263/287/843
f 1262/198/842 1261/282/841 1264/296/844
f 1265/290/845 1266/297/846 1267/295/847
f 1266/297/846 1265/290/845 1268/285/848
f 1269/289/849 1270/298/850 1271/281/851
f 1272/295/852 1270/298/850 1269/289/849
f 1273/286/853 1274/198/854 1275/198/855
f 1274/198/854 1273/286/853 1276/287/856
f 1277/286/857 1278/198/858 1279/297/859
f 1280/285/860 1277/286/857 1279/297/859
f 1281/282/861 1282/298/862 1283/296/863
f 1282/298/862 1281/282/861 1284/281/864
f 1285/206/865 1286/206/865 1287/52/866
f 1285/206/865 1287/52/866 1288/52/865
f 1289/208/867 1290/192/868 1291/115/869
f 1291/115/869 1292/115/870 1289/208/867
f 1293/115/871 1294/205/871 1295/115/871
f 1294/205/871 1293/115/871 1296/205/872
f 1297/255/873 1298/255/874 1299/50/875
f 1299/50/875 1300/207/876 1297/255/873
f 1301/299/877 1302/115/877 1303/300/877
f 1302/115/877 1301/299/877 1304/115/877
f 1305/115/878 1306/115/879 1307/250/880
f 1307/250/880 1308/301/881 1305/115/878
f 1309/300/882 1310/86/882 1311/299/882
f 1310/86/882 1309/300/882 1312/86/882
f 1313/85/883 1314/86/884 1315/300/884
f 1314/86/884 1313/85/883 1316/86/884
f 1317/300/885 1318/115/886 1319/85/886
f 1318/115/886 1317/300/885 1320/115/887
s 0
f 1321/119/888 1322/111/888 1323/111/888
f 1322/111/889 1321/119/889 1324/119/889
f 1325/121/890 1326/102/890 1327/121/890
f 1326/102/891 1325/121/891 1328/102/891
f 1329/102/892 1330/107/892 1331/102/892
f 1330/107/893 1329/102/893 1332/107/893
f 1333/116/894 1334/116/894 1335/115/894
f 1335/115/895 1336/115/895 1333/116/895
s 1
f 1337/115/896 1338/263/896 1339/251/896
f 1338/263/896 1337/115/896 1340/259/897
f 1341/212/898 1342/267/899 1343/210/900
f 1342/267/899 1341/212/898 1344/253/901
f 1345/251/902 1346/263/903 1347/269/904
f 1347/269/904 1348/257/905 1345/251/902
f 1349/115/906 1350/211/907 1351/259/908
f 1350/211/907 1349/115/906 1352/209/909
f 1353/86/910 1354/250/911 1355/86/912
f 1354/250/911 1353/86/910 1356/301/913
f 1357/86/914 1358/299/915 1359/86/916
f 1358/299/915 1357/86/914 1360/262/917
f 1361/205/918 1362/115/919 1363/115/918
f 1362/115/919 1361/205/918 1364/116/920
f 1365/52/921 1366/52/921 1367/122/921
f 1367/122/921 1368/206/921 1365/52/921
f 1369/115/922 1370/208/923 1371/115/924
f 1370/208/923 1369/115/922 1372/192/925
f 1373/86/926 1374/301/927 1375/86/928
f 1374/301/927 1373/86/926 1376/302/929
f 1377/120/930 1378/105/931 1379/120/932
f 1378/105/931 1377/120/930 1380/105/933
f 1381/115/934 1382/301/935 1383/302/936
f 1384/115/937 1382/301/935 1381/115/934
f 1385/115/938 1386/299/939 1387/262/940
f 1386/299/939 1385/115/938 1388/115/941
f 1389/52/942 1390/52/943 1391/206/944
f 1391/206/944 1392/206/945 1389/52/942
f 1393/115/946 1394/205/947 1395/115/947
f 1394/205/947 1393/115/946 1396/205/948
f 1397/155/949 1398/115/950 1399/303/949
f 1397/155/949 1400/155/950 1398/115/950
f 1401/155/951 1402/154/952 1403/155/952
f 1402/154/952 1401/155/951 1404/154/951
f 1405/304/953 1406/155/953 1407/154/953
f 1408/154/953 1405/304/953 1407/154/953
f 1409/304/954 1410/115/955 1411/155/954
f 1410/115/955 1409/304/954 1412/305/955
f 1413/306/956 1414/115/957 1415/185/958
f 1414/115/957 1413/306/956 1416/115/959
f 1417/307/960 1418/308/960 1419/309/960
f 1418/308/960 1417/307/960 1420/154/960
f 1421/155/961 1422/155/962 1423/303/961
f 1421/155/961 1423/303/961 1424/175/961
f 1425/303/963 1426/159/963 1427/175/963
f 1426/159/963 1425/303/963 1428/115/963
s 0
f 1429/155/964 1430/155/964 1431/115/964
s 1
f 1432/155/965 1433/154/966 1434/155/965
f 1433/154/966 1432/155/965 1435/154/966
f 1436/115/967 1437/159/968 1438/115/969
f 1437/159/968 1436/115/967 1439/115/970
f 1440/154/971 1441/155/972 1442/155/972
f 1441/155/972 1440/154/971 1443/154/972
f 1444/219/973 1445/219/974 1446/274/975
f 1446/274/975 1447/274/976 1444/219/973
f 1448/284/977 1449/276/978 1450/277/979
f 1450/277/979 1451/277/980 1448/284/977
f 1452/297/981 1453/310/982 1454/295/983
f 1454/295/983 1455/295/984 1452/297/981
f 1456/298/985 1457/295/986 1458/310/987
f 1457/295/986 1456/298/985 1459/295/988
f 1460/296/989 1461/196/990 1462/198/991
f 1461/196/990 1460/296/989 1463/204/992
f 1464/311/993 1465/295/994 1466/298/995
f 1465/295/994 1464/311/993 1467/295/996
f 1468/312/997 1469/295/998 1470/311/999
f 1469/295/998 1468/312/997 1471/295/1000
f 1472/313/1001 1473/295/1002 1474/312/1003
f 1473/295/1002 1472/313/1001 1475/295/1004
f 1476/198/1005 1477/196/1006 1478/198/1007
f 1477/196/1006 1476/198/1005 1479/196/1008
f 1480/198/1009 1481/201/1010 1482/198/1011
f 1481/201/1010 1480/198/1009 1483/196/1012
f 1484/314/1013 1485/295/1014 1486/313/1015
f 1485/295/1014 1484/314/1013 1487/295/1016
f 1488/115/1017 1489/315/1018 1490/115/1019
f 1489/315/1018 1488/115/1017 1491/316/1020
s 0
f 1492/198/1021 1493/199/1021 1494/198/1021
f 1493/199/1022 1492/198/1022 1495/196/1022
f 1496/203/1023 1497/308/1023 1498/317/1023
f 1496/203/1023 1499/202/1023 1497/308/1023
s 1
f 1500/134/1024 1501/142/1025 1502/132/1025
f 1503/124/1024 1501/142/1025 1500/134/1024
f 1504/178/1026 1505/124/1026 1506/47/1026
f 1507/47/1026 1504/178/1026 1506/47/1026
f 1508/47/1027 1509/164/1028 1510/47/1027
f 1509/164/1028 1508/47/1027 1511/60/1029
f 1512/115/1030 1513/155/1031 1514/150/1032
f 1513/155/1031 1512/115/1030 1515/315/1033
f 1516/115/1034 1517/316/1035 1518/115/1036
f 1517/316/1035 1516/115/1034 1519/318/1037
f 1520/120/1038 1521/86/1039 1522/120/1040
f 1522/120/1040 1521/86/1039 1523/86/1041
f 1524/155/1042 1525/154/1043 1526/155/1043
f 1525/154/1043 1524/155/1042 1527/154/1042
f 1528/180/1044 1529/142/1044 1530/124/1044
f 1530/124/1044 1531/178/1044 1528/180/1044
f 1532/198/1045 1533/196/1046 1534/198/1047
f 1533/196/1046 1532/198/1045 1535/201/1048
f 1536/198/1049 1537/200/1049 1538/314/1049
f 1537/200/1049 1539/319/1050 1538/314/1049
f 1540/149/1051 1541/55/1052 1542/151/1053
f 1541/55/1052 1540/149/1051 1543/60/1054
f 1544/63/1055 1545/149/1056 1546/60/1057
f 1545/149/1056 1544/63/1055 1547/195/1058
f 1548/315/1059 1549/154/1060 1550/155/1061
f 1549/154/1060 1548/315/1059 1551/154/1062
f 1552/155/1063 1553/159/1063 1554/155/1063
f 1553/159/1063 1552/155/1063 1555/115/1064
f 1556/318/1065 1557/154/1066 1558/316/1067
f 1557/154/1066 1556/318/1065 1559/154/1068
f 1560/65/1069 1561/194/1070 1562/69/1071
f 1561/194/1070 1560/65/1069 1563/193/1072
f 1564/320/1073 1565/302/1074 1566/86/1075
f 1565/302/1074 1564/320/1073 1567/154/1076
f 1568/50/1077 1569/52/1078 1570/207/1079
f 1571/255/1080 1570/207/1079 1569/52/1078
s 0
f 1572/198/1081 1573/314/1081 1574/313/1081
s 1
f 1572/198/1082 1575/198/1082 1573/314/1082
f 1576/198/1083 1577/196/1084 1578/198/1085
f 1577/196/1084 1576/198/1083 1579/196/1086
f 1580/197/1087 1581/199/1087 1582/5/1088
f 1580/197/1087 1582/5/1088 1583/321/1089
f 1584/198/1090 1585/198/1091 1586/313/1092
f 1584/198/1090 1586/313/1092 1587/312/1093
f 1588/109/1094 1589/322/1095 1590/323/1096
f 1590/323/1096 1591/38/1097 1588/109/1094
f 1592/115/1098 1593/318/1099 1594/115/1100
f 1593/318/1099 1592/115/1098 1595/302/1101
f 1596/196/1102 1597/198/1103 1598/198/1104
f 1597/198/1103 1596/196/1102 1599/196/1105
f 1600/105/1106 1601/296/1107 1602/298/1108
f 1600/105/1106 1602/298/1108 1603/120/1109
f 1604/198/1110 1605/312/1111 1606/311/1112
f 1604/198/1110 1607/198/1113 1605/312/1111
f 1608/196/1114 1609/198/1115 1610/198/1116
f 1609/198/1115 1608/196/1114 1611/196/1117
f 1612/198/1118 1613/311/1119 1614/298/1120
f 1613/311/1119 1612/198/1118 1615/198/1121
f 1616/69/1122 1617/195/1123 1618/63/1124
f 1617/195/1123 1616/69/1122 1619/194/1125
f 1620/316/1126 1621/154/1127 1622/315/1128
f 1621/154/1127 1620/316/1126 1623/154/1129
f 1624/193/1130 1625/50/1131 1626/192/1132
f 1625/50/1131 1624/193/1130 1627/65/1133
f 1628/323/1134 1629/52/1135 1630/38/1136
f 1629/52/1135 1628/323/1134 1631/255/1137
f 1632/324/1138 1633/86/1139 1634/120/1140
f 1633/86/1139 1632/324/1138 1635/320/1141
f 1636/318/1142 1637/302/1143 1638/154/1144
f 1636/318/1142 1638/154/1144 1639/154/1145
f 1640/198/1146 1641/298/1147 1642/310/1148
f 1640/198/1146 1643/198/1149 1641/298/1147
f 1644/297/1150 1645/198/1151 1646/310/1152
f 1645/198/1151 1644/297/1150 1647/198/1153
f 1648/280/1154 1649/279/1155 1650/272/1156
f 1651/283/1157 1648/280/1154 1650/272/1156
f 1652/219/1158 1653/223/1159 1654/219/1160
f 1653/223/1159 1652/219/1158 1655/292/1161
f 1656/109/1162 1657/11/1163 1658/204/1164
f 1657/11/1163 1656/109/1162 1659/38/1165
f 1660/298/1166 1661/324/1167 1662/120/1168
f 1661/324/1167 1660/298/1166 1663/295/1169
s 0
f 1664/1/1170 1665/2/1170 1666/2/1170
f 1667/3/1171 1668/2/1171 1669/2/1171
s 1
f 1670/4/1172 1671/6/1172 1672/5/1172
s 0
f 1673/7/1173 1674/5/1173 1675/2/1173
f 1676/8/1174 1677/2/1174 1678/6/1174
f 1679/9/1175 1680/11/1175 1681/10/1175
s 1
f 1682/12/1176 1683/10/1176 1684/2/1176
s 0
f 1685/13/1177 1686/2/1177 1687/11/1177
f 1688/14/1178 1689/11/1178 1690/15/1178
f 1691/16/1179 1692/15/1179 1693/2/1179
f 1694/17/1180 1695/2/1180 1696/11/1180
f 1697/18/1181 1698/2/1181 1699/2/1181
f 1700/19/1182 1701/2/1182 1702/2/1182
f 1703/20/1183 1704/2/1183 1705/2/1183
f 1706/21/1184 1707/10/1184 1708/6/1184
f 1709/22/1185 1710/6/1185 1711/2/1185
s 1
f 1712/23/1186 1713/2/1186 1714/10/1186
s 0
f 1715/24/1187 1716/15/1187 1717/11/1187
s 1
f 1718/25/1188 1719/11/1188 1720/2/1188
s 0
f 1721/26/1189 1722/2/1189 1723/15/1189
f 1724/27/1190 1725/28/1190 1726/11/1190
f 1727/29/1191 1728/11/1191 1729/2/1191
f 1730/30/1192 1731/2/1192 1732/28/1192
f 1733/31/1193 1734/11/1193 1735/15/1193
f 1736/32/1194 1737/15/1194 1738/2/1194
f 1739/33/1195 1740/2/1195 1741/11/1195
f 1742/34/1196 1743/2/1196 1744/35/1196
s 1
f 1745/36/1197 1746/2/1197 1747/2/1197
s 0
f 1748/37/1198 1749/35/1198 1750/38/1198
f 1751/39/1199 1752/15/1199 1753/28/1199
f 1754/40/1200 1755/28/1200 1756/2/1200
f 1757/41/1201 1758/2/1201 1759/15/1201
f 1760/42/1202 1761/11/1202 1762/2/1202
f 1763/43/1203 1764/38/1203 1765/11/1203
f 1766/44/1204 1767/35/1204 1768/45/1204
f 1769/46/1205 1770/45/1205 1771/47/1205
f 1772/48/1206 1773/38/1206 1774/35/1206
f 1775/49/1207 1776/47/1207 1777/50/1207
f 1778/51/1208 1779/50/1208 1780/52/1208
f 1781/53/1209 1782/52/1209 1783/38/1209
f 1784/54/1210 1785/55/1210 1786/47/1210
f 1787/56/1211 1788/47/1211 1789/47/1211
f 1790/57/1212 1791/47/1212 1792/47/1212
f 1793/58/1213 1794/47/1213 1795/47/1213
f 1796/59/1214 1797/47/1214 1798/60/1214
f 1799/61/1215 1800/47/1215 1801/60/1215
f 1802/62/1216 1803/63/1216 1804/47/1216
f 1805/64/1217 1806/65/1217 1807/47/1217
f 1808/66/1218 1809/60/1218 1810/55/1218
f 1811/67/1219 1812/60/1219 1813/63/1219
f 1814/68/1220 1815/47/1220 1816/69/1220
f 1817/70/1221 1818/69/1221 1819/65/1221
f 1820/71/1222 1821/47/1222 1822/55/1222
f 1823/72/1223 1824/55/1223 1825/60/1223
f 1826/73/1224 1827/47/1224 1828/47/1224
f 1829/74/1225 1830/47/1225 1831/47/1225
f 1832/75/1226 1833/47/1226 1834/47/1226
f 1835/76/1227 1836/60/1227 1837/47/1227
f 1838/77/1228 1839/47/1228 1840/63/1228
f 1841/78/1229 1842/47/1229 1843/65/1229
f 1844/79/1230 1845/69/1230 1846/47/1230
f 1847/80/1231 1848/63/1231 1849/69/1231
f 1850/81/1232 1851/50/1232 1852/47/1232
f 1853/82/1233 1854/65/1233 1855/50/1233
s 1
f 1856/84/1234 1857/83/1234 1858/83/1234
s 0
f 1857/83/1235 1856/84/1235 1859/84/1235
f 1860/85/1236 1861/86/1236 1862/86/1236
f 1861/86/1237 1860/85/1237 1863/85/1237
f 1864/88/1238 1865/87/1238 1866/87/1238
f 1865/87/1238 1864/88/1238 1867/88/1238
f 1868/84/1239 1869/89/1239 1870/89/1239
f 1869/89/1239 1868/84/1239 1871/84/1239
f 1872/90/1240 1873/91/1240 1874/91/1240
s 1
f 1873/91/1240 1872/90/1240 1875/90/1240
s 0
f 1876/92/1241 1877/93/1241 1878/93/1241
f 1877/93/1241 1876/92/1241 1879/92/1241
f 1880/94/1242 1881/95/1242 1882/95/1242
f 1881/95/1243 1880/94/1243 1883/94/1243
f 1884/96/1244 1885/90/1244 1886/90/1244
f 1885/90/1244 1884/96/1244 1887/96/1244
f 1888/97/1245 1889/97/1245 1890/95/1245
f 1891/95/1245 1890/95/1245 1889/97/1245
f 1892/98/1246 1893/52/1246 1894/98/1246
f 1895/52/1247 1893/52/1247 1892/98/1247
f 1896/99/1248 1897/94/1248 1898/94/1248
f 1897/94/1249 1896/99/1249 1899/99/1249
f 1900/100/1250 1901/100/1250 1902/96/1250
f 1903/96/1250 1902/96/1250 1901/100/1250
f 1904/101/1251 1905/86/1251 1906/86/1251
f 1905/86/1251 1904/101/1251 1907/101/1251
f 1908/102/1252 1909/102/1252 1910/99/1252
f 1911/99/1253 1910/99/1253 1909/102/1253
f 1912/95/1254 1913/103/1254 1914/95/1254
f 1913/103/1255 1912/95/1255 1915/103/1255
f 1916/93/1241 1917/93/1241 1918/104/1241
f 1918/104/1241 1917/93/1241 1919/104/1241
f 1920/105/1256 1921/101/1256 1922/101/1256
f 1921/101/1257 1920/105/1257 1923/105/1257
f 1924/83/1258 1925/102/1258 1926/102/1258
f 1925/102/1235 1924/83/1235 1927/83/1235
f 1928/107/1259 1929/107/1259 1930/106/1259
f 1930/106/1260 1929/107/1260 1931/106/1260
f 1932/108/1261 1933/108/1261 1934/97/1261
f 1935/97/1245 1934/97/1245 1933/108/1245
f 1936/109/1262 1937/105/1262 1938/105/1262
f 1937/105/1262 1936/109/1262 1939/109/1262
f 1940/104/1263 1941/108/1263 1942/108/1263
f 1941/108/1263 1940/104/1263 1943/104/1263
s 1
f 1944/106/1264 1945/110/1264 1946/110/1264
s 0
f 1947/106/1265 1944/106/1265 1946/110/1265
f 1948/111/1266 1949/92/1266 1950/92/1266
f 1949/92/1267 1948/111/1267 1951/111/1267
s 1
f 1952/113/1268 1953/112/1269 1954/105/1270
f 1953/112/1269 1952/113/1268 1955/114/1269
f 1956/112/1271 1957/116/1272 1958/115/1272
f 1957/116/1272 1956/112/1271 1959/114/1273
f 1960/38/1274 1961/107/1274 1962/106/1274
f 1963/109/1274 1961/107/1274 1960/38/1274
s 0
f 1964/84/1275 1965/103/1275 1966/89/1275
s 1
f 1967/83/1276 1965/103/1276 1964/84/1276
f 1968/108/1277 1969/93/1278 1970/104/1279
f 1971/97/1280 1969/93/1278 1968/108/1277
f 1972/87/1281 1973/88/1282 1974/117/1281
f 1975/118/1282 1974/117/1281 1973/88/1282
f 1976/117/1283 1977/118/1284 1978/91/1283
f 1979/100/1284 1978/91/1283 1977/118/1284
f 1980/96/1285 1981/91/1285 1982/100/1285
f 1981/91/1285 1980/96/1285 1983/90/1286
f 1984/97/1287 1985/92/1287 1986/93/1287
s 0
f 1987/95/1288 1985/92/1288 1984/97/1288
s 1
f 1988/95/1289 1989/119/1289 1990/111/1289
s 0
f 1991/92/1290 1988/95/1290 1990/111/1290
f 1992/83/1291 1993/95/1291 1994/103/1291
f 1995/102/1292 1993/95/1292 1992/83/1292
s 1
f 1996/95/1293 1997/102/1294 1998/94/1295
f 1999/99/1296 1998/94/1295 1997/102/1294
f 2000/109/1297 2001/102/1298 2002/107/1299
f 2003/105/1300 2001/102/1298 2000/109/1297
f 2004/102/1301 2005/120/1302 2006/121/1303
f 2005/120/1302 2004/102/1301 2007/105/1301
f 2008/85/1304 2009/112/1305 2010/115/1306
f 2009/112/1305 2008/85/1304 2011/86/1307
f 2012/114/1308 2013/122/1309 2014/116/1310
f 2013/122/1309 2012/114/1308 2015/52/1311
f 2016/101/1312 2017/112/1312 2018/86/1313
f 2019/105/1314 2017/112/1312 2016/101/1312
f 2020/98/1315 2021/114/1316 2022/113/1317
f 2021/114/1316 2020/98/1315 2023/52/1318
f 2024/124/1319 2025/123/1319 2026/125/1319
f 2024/124/1319 2027/126/1319 2025/123/1319
f 2028/128/1320 2029/127/1320 2030/129/1320
f 2029/127/1320 2028/128/1320 2031/130/1321
f 2032/132/1322 2033/131/1322 2034/133/1322
f 2032/132/1322 2035/134/1323 2033/131/1322
f 2036/135/1324 2037/123/1325 2038/136/1326
f 2037/123/1325 2036/135/1324 2039/125/1324
f 2040/137/1327 2041/127/1327 2042/138/1327
f 2040/137/1327 2043/139/1327 2041/127/1327
f 2044/140/1328 2045/136/1328 2046/141/1329
f 2045/136/1328 2044/140/1328 2047/135/1329
f 2048/142/1330 2049/129/1331 2050/143/1331
f 2049/129/1331 2048/142/1330 2051/128/1330
f 2052/126/1332 2053/143/1332 2054/139/1332
f 2052/126/1332 2054/139/1332 2055/137/1332
f 2056/133/1333 2057/141/1333 2058/127/1334
f 2057/141/1333 2056/133/1333 2059/140/1333
f 2060/141/1335 2061/138/1335 2062/127/1335
s 0
f 2063/127/1336 2062/127/1336 2061/138/1336
f 2064/130/1337 2065/127/1337 2066/127/1337
f 2065/127/1338 2064/130/1338 2067/133/1338
s 1
f 2068/131/1339 2069/133/1339 2070/133/1340
f 2069/133/1339 2068/131/1339 2071/140/1339
f 2072/60/1341 2073/47/1342 2074/144/1343
f 2072/60/1341 2074/144/1343 2075/145/1344
f 2076/146/1345 2077/60/1346 2078/147/1346
f 2077/60/1346 2076/146/1345 2079/47/1345
f 2080/47/1347 2081/47/1348 2082/146/1349
f 2080/47/1347 2082/146/1349 2083/144/1350
f 2084/60/1351 2085/147/1351 2086/60/1351
f 2085/147/1351 2084/60/1351 2087/145/1351
f 2088/148/1352 2089/149/1353 2090/151/1354
f 2089/149/1353 2088/148/1352 2091/150/1355
f 2092/151/1356 2093/60/1357 2094/55/1358
f 2093/60/1357 2092/151/1356 2095/149/1359
f 2096/152/1360 2097/115/1361 2098/153/1362
f 2097/115/1361 2096/152/1360 2099/115/1363
f 2100/155/1364 2101/154/1365 2102/156/1366
f 2100/155/1364 2103/154/1367 2101/154/1365
f 2104/156/1368 2105/115/1369 2106/155/1370
f 2105/115/1369 2104/156/1368 2107/153/1371
f 2108/115/1372 2109/115/1373 2110/152/1374
f 2109/115/1373 2108/115/1372 2111/148/1375
f 2112/157/1376 2113/148/1377 2114/115/1378
f 2113/148/1377 2112/157/1376 2115/150/1379
f 2116/156/1380 2117/154/1381 2118/155/1382
f 2116/156/1380 2119/154/1383 2117/154/1381
f 2120/155/1384 2121/157/1385 2122/156/1386
f 2121/157/1385 2120/155/1384 2123/150/1387
f 2124/115/1388 2125/158/1389 2126/115/1390
f 2125/158/1389 2124/115/1388 2127/149/1391
f 2128/60/1392 2129/47/1393 2130/60/1394
f 2131/47/1395 2129/47/1393 2128/60/1392
f 2132/149/1396 2133/60/1397 2134/158/1398
f 2133/60/1397 2132/149/1396 2135/60/1399
f 2136/155/1400 2137/159/1401 2138/155/1402
f 2137/159/1401 2136/155/1400 2139/115/1403
f 2140/155/1404 2141/154/1405 2142/154/1405
f 2141/154/1405 2140/155/1404 2143/155/1405
f 2144/115/1406 2145/159/1407 2146/115/1408
f 2145/159/1407 2144/115/1406 2147/115/1409
f 2148/60/1410 2149/47/1410 2150/47/1410
f 2149/47/1410 2148/60/1410 2151/60/1410
f 2152/115/1411 2153/158/1411 2154/158/1412
f 2153/158/1411 2152/115/1411 2155/115/1411
f 2156/160/1413 2157/115/1414 2158/161/1414
f 2157/115/1414 2156/160/1413 2159/115/1413
f 2160/162/1415 2161/163/1415 2162/60/1415
f 2162/60/1415 2163/164/1415 2160/162/1415
f 2164/166/1416 2165/165/1417 2166/158/1418
f 2166/158/1418 2167/158/1416 2164/166/1416
f 2168/167/1419 2169/162/1420 2170/168/1420
f 2169/162/1420 2168/167/1419 2171/163/1419
f 2172/170/1421 2173/169/1421 2174/165/1421
f 2174/165/1421 2175/166/1421 2172/170/1421
f 2176/166/1422 2177/171/1423 2178/170/1422
f 2176/166/1422 2179/172/1422 2177/171/1423
f 2180/173/1424 2181/165/1425 2182/169/1425
f 2181/165/1425 2180/173/1424 2183/174/1424
f 2184/173/1426 2185/168/1426 2186/162/1426
f 2186/162/1426 2187/174/1426 2184/173/1426
f 2188/167/1427 2189/171/1428 2190/163/1427
f 2191/172/1428 2190/163/1427 2189/171/1428
f 2192/158/1429 2193/172/1429 2194/166/1429
f 2192/158/1429 2195/60/1429 2193/172/1429
f 2196/174/1430 2197/158/1431 2198/165/1431
f 2197/158/1431 2196/174/1430 2199/158/1430
f 2200/164/1432 2201/158/1433 2202/174/1433
f 2203/162/1434 2200/164/1432 2202/174/1433
f 2204/60/1435 2205/60/1435 2206/172/1435
f 2206/172/1435 2205/60/1435 2207/163/1435
f 2208/156/1436 2209/154/1436 2210/154/1437
f 2209/154/1436 2208/156/1436 2211/155/1436
f 2212/176/1438 2213/175/1439 2214/177/1440
f 2213/175/1439 2212/176/1438 2215/159/1440
f 2216/175/1441 2217/156/1441 2218/177/1441
f 2219/155/1441 2217/156/1441 2216/175/1441
f 2220/179/1442 2221/178/1443 2222/180/1443
f 2221/178/1443 2220/179/1442 2223/181/1444
f 2224/178/1445 2225/47/1445 2226/47/1445
f 2225/47/1445 2224/178/1445 2227/181/1445
f 2228/182/1446 2229/179/1446 2230/180/1447
f 2229/179/1446 2228/182/1446 2231/183/1448
f 2232/184/1449 2233/115/1450 2234/185/1450
f 2233/115/1450 2232/184/1449 2235/159/1450
f 2236/115/1451 2237/155/1452 2238/155/1452
f 2237/155/1452 2236/115/1451 2239/175/1453
f 2240/115/1454 2241/159/1454 2242/175/1454
f 2241/159/1454 2240/115/1454 2243/115/1454
f 2244/155/1455 2245/154/1455 2246/154/1455
f 2245/154/1455 2244/155/1455 2247/155/1455
f 2248/186/1456 2249/158/1456 2250/187/1456
f 2249/158/1456 2248/186/1456 2251/115/1456
f 2252/188/1457 2253/47/1458 2254/47/1457
f 2253/47/1458 2252/188/1457 2255/164/1457
f 2256/158/1459 2257/188/1459 2258/187/1459
f 2257/188/1459 2256/158/1459 2259/164/1459
f 2260/155/1460 2261/154/1460 2262/154/1460
f 2261/154/1460 2260/155/1460 2263/156/1460
f 2264/159/1461 2265/177/1462 2266/175/1461
f 2265/177/1462 2264/159/1461 2267/176/1462
f 2268/175/1463 2269/156/1464 2270/155/1463
f 2269/156/1464 2268/175/1463 2271/177/1463
f 2272/187/1465 2273/181/1466 2274/179/1465
f 2273/181/1466 2272/187/1465 2275/188/1466
f 2276/181/1467 2277/47/1467 2278/47/1467
f 2277/47/1467 2276/181/1467 2279/188/1467
f 2280/183/1468 2281/187/1468 2282/179/1469
f 2281/187/1468 2280/183/1468 2283/186/1468
f 2284/155/1470 2285/115/1471 2286/155/1472
f 2285/115/1471 2284/155/1470 2287/115/1473
f 2288/155/1474 2289/154/1475 2290/155/1476
f 2288/155/1474 2291/154/1477 2289/154/1475
f 2292/115/1478 2293/115/1479 2294/115/1480
f 2292/115/1478 2295/115/1481 2293/115/1479
f 2296/189/1482 2297/190/1483 2298/115/1484
f 2298/115/1484 2299/115/1485 2296/189/1482
f 2300/158/1486 2301/60/1487 2302/158/1488
f 2301/60/1487 2300/158/1486 2303/60/1489
f 2304/191/1490 2305/115/1491 2306/160/1492
f 2305/115/1491 2304/191/1490 2307/115/1493
f 2308/115/1494 2309/158/1495 2310/115/1496
f 2309/158/1495 2308/115/1494 2311/158/1497
f 2312/156/1498 2313/153/1499 2314/156/1500
f 2313/153/1499 2312/156/1498 2315/157/1501
f 2316/156/1502 2317/154/1503 2318/156/1504
f 2316/156/1502 2319/154/1505 2317/154/1503
f 2320/115/1506 2321/153/1507 2322/157/1508
f 2320/115/1506 2323/152/1509 2321/153/1507
f 2324/152/1510 2325/115/1511 2326/115/1512
f 2325/115/1511 2324/152/1510 2327/115/1513
f 2328/115/1514 2329/192/1515 2330/193/1516
f 2329/192/1515 2328/115/1514 2331/115/1517
f 2332/115/1518 2333/194/1519 2334/195/1520
f 2333/194/1519 2332/115/1518 2335/115/1521
f 2336/11/1522 2337/28/1523 2338/196/1524
f 2339/196/1525 2338/196/1524 2337/28/1523
f 2340/28/1526 2341/15/1527 2342/196/1528
f 2343/196/1529 2342/196/1528 2341/15/1527
f 2344/197/1530 2345/198/1531 2346/200/1530
f 2345/198/1531 2344/197/1530 2347/199/1531
f 2348/11/1532 2349/196/1533 2350/196/1534
f 2349/196/1533 2348/11/1532 2351/15/1535
f 2352/115/1536 2353/193/1537 2354/194/1538
f 2353/193/1537 2352/115/1536 2355/115/1539
f 2356/150/1540 2357/195/1541 2358/149/1542
f 2357/195/1541 2356/150/1540 2359/115/1543
f 2360/148/1544 2361/149/1545 2362/115/1546
f 2361/149/1545 2360/148/1544 2363/151/1547
f 2364/6/1548 2365/201/1549 2366/196/1550
f 2365/201/1549 2364/6/1548 2367/10/1551
f 2368/202/1552 2369/180/1553 2370/142/1552
f 2369/180/1553 2368/202/1552 2371/182/1552
f 2372/115/1554 2373/158/1555 2374/115/1556
f 2373/158/1555 2372/115/1554 2375/158/1554
f 2376/203/1557 2377/142/1557 2378/143/1558
f 2377/142/1557 2376/203/1557 2379/202/1559
s 0
f 2380/5/1560 2381/196/1560 2382/199/1560
f 2381/196/1561 2380/5/1561 2383/6/1561
s 1
f 2384/10/1562 2385/196/1563 2386/201/1564
f 2385/196/1563 2384/10/1562 2387/11/1565
f 2388/15/1566 2389/196/1567 2390/196/1568
f 2389/196/1567 2388/15/1566 2391/11/1569
f 2392/15/1570 2393/204/1571 2394/196/1572
f 2393/204/1571 2392/15/1570 2395/11/1573
f 2396/206/1574 2397/205/1575 2398/205/1576
f 2397/205/1575 2396/206/1574 2399/206/1577
f 2400/207/1578 2401/192/1579 2402/208/1580
f 2401/192/1579 2400/207/1578 2403/50/1581
f 2404/122/1582 2405/206/1583 2406/116/1583
f 2407/205/1584 2406/116/1583 2405/206/1583
f 2408/210/1585 2409/209/1586 2410/211/1587
f 2409/209/1586 2408/210/1585 2411/212/1588
s 0
f 2412/118/1589 2413/100/1589 2414/100/1589
f 2413/100/1589 2412/118/1589 2415/118/1589
f 2416/122/1590 2417/122/1590 2418/52/1590
f 2419/52/1591 2418/52/1591 2417/122/1591
s 1
f 2420/206/1592 2421/205/1592 2422/205/1592
f 2421/205/1592 2420/206/1592 2423/206/1592
f 2424/207/1593 2425/192/1594 2426/50/1595
f 2427/208/1596 2425/192/1594 2424/207/1593
f 2428/213/1597 2429/211/1598 2430/214/1599
f 2429/211/1598 2428/213/1597 2431/210/1600
f 2432/206/1601 2433/215/1602 2434/205/1603
f 2433/215/1602 2432/206/1601 2435/216/1604
f 2436/209/1605 2437/217/1606 2438/115/1607
f 2437/217/1606 2436/209/1605 2439/218/1608
f 2440/218/1609 2441/115/1610 2442/217/1611
f 2441/115/1610 2440/218/1609 2443/192/1612
s 0
f 2444/103/1613 2445/103/1613 2446/89/1613
f 2446/89/1613 2445/103/1613 2447/89/1613
f 2448/113/1614 2449/98/1614 2450/113/1614
f 2451/98/1615 2449/98/1615 2448/113/1615
s 1
f 2452/88/1616 2453/118/1616 2454/118/1616
s 0
f 2453/118/1589 2452/88/1589 2455/88/1589
f 2456/117/1617 2457/117/1617 2458/87/1617
f 2458/87/1617 2457/117/1617 2459/87/1617
s 1
f 2460/219/1618 2461/219/1619 2462/219/1620
f 2462/219/1620 2463/219/1621 2460/219/1618
f 2464/219/1622 2465/219/1623 2466/220/1624
f 2467/219/1625 2464/219/1622 2466/220/1624
f 2468/223/1626 2469/221/1627 2470/223/1628
f 2469/221/1627 2468/223/1626 2471/222/1629
f 2472/221/1630 2473/222/1631 2474/224/1632
f 2473/222/1631 2472/221/1630 2475/222/1633
f 2476/225/1634 2477/225/1635 2478/223/1636
f 2479/223/1637 2478/223/1636 2477/225/1635
f 2480/220/1638 2481/223/1639 2482/223/1640
f 2481/223/1639 2480/220/1638 2483/219/1641
f 2484/224/1642 2485/222/1643 2486/225/1644
f 2487/225/1645 2486/225/1644 2485/222/1643
f 2488/223/1646 2489/223/1647 2490/219/1648
f 2491/219/1649 2490/219/1648 2489/223/1647
f 2492/225/1650 2493/222/1651 2494/223/1652
f 2495/223/1653 2494/223/1652 2493/222/1651
f 2496/222/1654 2497/222/1655 2498/225/1656
f 2497/222/1655 2496/222/1654 2499/222/1657
f 2500/219/1658 2501/219/1659 2502/219/1660
f 2501/219/1659 2500/219/1658 2503/219/1661
s 0
f 2504/226/1662 2505/227/1662 2506/229/1662
f 2505/227/1663 2504/226/1663 2507/228/1663
s 1
f 2508/230/1664 2509/231/1665 2510/88/1666
f 2511/232/1667 2508/230/1664 2510/88/1666
f 2512/87/1668 2513/232/1668 2514/88/1669
f 2515/88/1669 2514/88/1669 2513/232/1668
s 0
f 2516/115/1670 2517/85/1670 2518/85/1670
f 2517/85/1671 2516/115/1671 2519/115/1671
f 2520/105/1672 2521/105/1672 2522/120/1672
f 2523/120/1673 2522/120/1673 2521/105/1673
s 1
f 2524/233/1674 2525/233/1674 2526/234/1675
f 2527/234/1675 2526/234/1675 2525/233/1674
f 2528/233/1676 2529/235/1677 2530/234/1678
f 2531/236/1679 2530/234/1678 2529/235/1677
f 2532/119/1680 2533/111/1680 2534/237/1680
f 2533/111/1680 2532/119/1680 2535/119/1680
f 2536/119/1681 2537/238/1682 2538/111/1683
f 2537/238/1682 2536/119/1681 2539/239/1684
f 2540/119/1685 2541/237/1686 2542/111/1685
f 2541/237/1686 2540/119/1685 2543/119/1686
f 2544/233/1687 2545/108/1688 2546/104/1688
f 2547/234/1687 2545/108/1688 2544/233/1687
s 0
f 2548/95/1689 2549/95/1689 2550/119/1689
f 2551/119/1690 2550/119/1690 2549/95/1690
s 1
f 2552/122/1691 2553/122/1691 2554/116/1691
s 0
f 2555/116/1692 2554/116/1692 2553/122/1692
f 2556/99/1693 2557/240/1693 2558/241/1693
f 2557/240/1693 2556/99/1693 2559/99/1693
s 1
f 2560/242/1694 2561/240/1695 2562/99/1696
f 2563/239/1697 2561/240/1695 2560/242/1694
s 0
f 2564/243/1698 2565/84/1698 2566/84/1698
f 2567/89/1698 2564/243/1698 2566/84/1698
s 1
f 2568/244/1699 2569/243/1700 2570/236/1701
f 2569/243/1700 2568/244/1699 2571/84/1702
s 0
f 2572/89/1703 2573/89/1703 2574/84/1703
f 2575/84/1703 2574/84/1703 2573/89/1703
f 2576/91/1617 2577/117/1617 2578/91/1617
f 2577/117/1617 2576/91/1617 2579/117/1617
f 2580/120/1704 2581/121/1704 2582/120/1704
s 1
f 2583/121/1704 2581/121/1704 2580/120/1704
f 2584/245/1705 2585/110/1705 2586/110/1705
f 2585/110/1705 2584/245/1705 2587/246/1705
f 2588/247/1706 2589/246/1707 2590/244/1708
f 2589/246/1707 2588/247/1706 2591/110/1709
f 2592/120/1710 2593/248/1710 2594/120/1710
f 2593/248/1710 2592/120/1710 2595/248/1710
f 2596/242/1711 2597/248/1712 2598/101/1713
f 2599/120/1714 2598/101/1713 2597/248/1712
f 2600/120/1715 2601/248/1716 2602/121/1715
f 2601/248/1716 2600/120/1715 2603/120/1716
f 2604/38/1717 2605/109/1717 2606/109/1717
s 0
f 2605/109/1262 2604/38/1262 2607/38/1262
f 2608/105/1718 2609/113/1718 2610/105/1718
f 2611/113/1719 2609/113/1719 2608/105/1719
s 1
f 2612/249/1720 2613/115/1721 2614/250/1722
f 2613/115/1721 2612/249/1720 2615/217/1723
f 2616/251/1724 2617/217/1725 2618/249/1726
f 2617/217/1725 2616/251/1724 2619/115/1727
f 2620/252/1728 2621/231/1729 2622/230/1730
f 2621/231/1729 2620/252/1728 2623/253/1731
f 2624/50/1732 2625/252/1733 2626/255/1734
f 2625/252/1733 2624/50/1732 2627/254/1735
f 2628/254/1736 2629/253/1737 2630/252/1738
f 2629/253/1737 2628/254/1736 2631/212/1739
f 2632/86/1740 2633/249/1741 2634/250/1742
f 2633/249/1741 2632/86/1740 2635/256/1743
f 2636/257/1744 2637/249/1745 2638/256/1746
f 2637/249/1745 2636/257/1744 2639/251/1747
f 2640/228/1748 2641/256/1749 2642/227/1750
f 2641/256/1749 2640/228/1748 2643/257/1751
f 2644/254/1752 2645/192/1753 2646/218/1754
f 2645/192/1753 2644/254/1752 2647/50/1755
f 2648/212/1756 2649/218/1757 2650/209/1758
f 2649/218/1757 2648/212/1756 2651/254/1759
s 0
f 2652/96/1760 2653/229/1760 2654/90/1760
f 2653/229/1761 2652/96/1761 2655/226/1761
s 1
f 2656/205/1762 2657/258/1763 2658/115/1764
f 2657/258/1763 2656/205/1762 2659/215/1765
f 2660/259/1766 2661/214/1767 2662/211/1768
f 2661/214/1767 2660/259/1766 2663/260/1769
f 2664/110/1770 2665/245/1771 2666/110/1771
f 2667/106/1770 2665/245/1771 2664/110/1770
f 2668/115/1772 2669/261/1773 2670/262/1774
f 2669/261/1773 2668/115/1772 2671/258/1775
f 2672/263/1776 2673/260/1776 2674/259/1776
f 2673/260/1776 2672/263/1776 2675/264/1776
f 2676/52/1777 2677/265/1778 2678/206/1779
f 2679/216/1780 2678/206/1779 2677/265/1778
f 2680/265/1781 2681/213/1782 2682/216/1783
f 2681/213/1782 2680/265/1781 2683/266/1784
f 2684/266/1785 2685/210/1786 2686/213/1787
f 2685/210/1786 2684/266/1785 2687/267/1788
f 2688/263/1789 2689/268/1790 2690/264/1791
f 2689/268/1790 2688/263/1789 2691/269/1792
f 2692/268/1793 2693/261/1794 2694/264/1795
f 2693/261/1794 2692/268/1793 2695/270/1796
f 2696/270/1797 2697/262/1798 2698/261/1799
f 2697/262/1798 2696/270/1797 2699/86/1800
f 2700/266/1801 2701/235/1802 2702/267/1803
f 2703/236/1804 2701/235/1802 2700/266/1801
f 2704/265/1805 2705/236/1806 2706/266/1807
f 2707/244/1808 2705/236/1806 2704/265/1805
f 2708/52/1809 2709/244/1810 2710/265/1811
f 2709/244/1810 2708/52/1809 2711/247/1812
f 2712/268/1813 2713/238/1814 2714/239/1815
f 2713/238/1814 2712/268/1813 2715/269/1816
f 2716/270/1817 2717/239/1818 2718/242/1819
f 2717/239/1818 2716/270/1817 2719/268/1820
f 2720/242/1821 2721/86/1822 2722/270/1823
f 2721/86/1822 2720/242/1821 2723/101/1824
s 0
f 2724/99/1825 2725/241/1825 2726/94/1825
f 2725/241/1825 2724/99/1825 2727/99/1825
s 1
f 2728/271/1826 2729/272/1826 2730/272/1826
f 2729/272/1826 2728/271/1826 2731/271/1827
f 2732/273/1828 2733/223/1828 2734/223/1828
f 2733/223/1828 2732/273/1828 2735/222/1828
f 2736/274/1829 2737/219/1829 2738/219/1829
f 2737/219/1829 2736/274/1829 2739/274/1829
f 2740/223/1830 2741/223/1831 2742/219/1830
f 2743/219/1831 2742/219/1830 2741/223/1831
s 0
f 2744/274/1832 2745/271/1832 2746/271/1832
f 2745/271/1832 2744/274/1832 2747/274/1832
s 1
f 2748/272/1833 2749/273/1833 2750/272/1833
f 2751/222/1833 2749/273/1833 2748/272/1833
f 2752/272/1834 2753/271/1834 2754/271/1835
f 2753/271/1834 2752/272/1834 2755/272/1834
s 0
f 2756/275/1836 2757/274/1836 2758/274/1836
f 2757/274/1836 2756/275/1836 2759/276/1836
f 2760/276/1837 2761/277/1837 2762/277/1837
f 2761/277/1837 2760/276/1837 2763/275/1837
s 1
f 2764/278/1838 2765/272/1838 2766/272/1838
f 2765/272/1838 2764/278/1838 2767/279/1839
s 0
f 2768/271/1840 2769/271/1840 2770/274/1840
f 2771/274/1840 2770/274/1840 2769/271/1840
s 1
f 2772/277/1841 2773/279/1842 2774/278/1841
f 2773/279/1842 2772/277/1841 2775/277/1842
f 2776/281/1843 2777/280/1844 2778/282/1845
f 2777/280/1844 2776/281/1843 2779/283/1846
f 2780/285/1847 2781/284/1848 2782/274/1849
f 2781/284/1848 2780/285/1847 2783/286/1850
f 2784/284/1851 2785/287/1852 2786/277/1853
f 2785/287/1852 2784/284/1851 2787/286/1854
f 2788/288/1855 2789/283/1856 2790/281/1857
f 2791/289/1858 2788/288/1855 2790/281/1857
f 2792/219/1859 2793/285/1860 2794/274/1861
f 2793/285/1860 2792/219/1859 2795/290/1862
f 2796/277/1863 2797/282/1864 2798/280/1865
f 2797/282/1864 2796/277/1863 2799/287/1866
f 2800/291/1867 2801/219/1868 2802/292/1869
f 2800/291/1867 2803/290/1870 2801/219/1868
f 2804/291/1871 2805/288/1872 2806/289/1873
f 2805/288/1872 2804/291/1871 2807/292/1874
f 2808/279/1875 2809/283/1876 2810/272/1877
f 2809/283/1876 2808/279/1875 2811/278/1878
f 2812/280/1879 2813/277/1880 2814/277/1881
f 2813/277/1880 2812/280/1879 2815/278/1882
f 2816/274/1883 2817/274/1884 2818/219/1885
f 2819/219/1886 2818/219/1885 2817/274/1884
f 2820/272/1887 2821/222/1888 2822/222/1889
f 2821/222/1888 2820/272/1887 2823/293/1890
f 2824/277/1891 2825/275/1892 2826/275/1893
f 2825/275/1892 2824/277/1891 2827/277/1894
f 2828/275/1895 2829/294/1896 2830/274/1897
f 2829/294/1896 2828/275/1895 2831/275/1898
f 2832/278/1899 2833/272/1900 2834/283/1901
f 2833/272/1900 2832/278/1899 2835/280/1902
f 2836/222/1903 2837/223/1904 2838/222/1905
f 2837/223/1904 2836/222/1903 2839/223/1906
f 2840/223/1907 2841/219/1908 2842/223/1909
f 2841/219/1908 2840/223/1907 2843/219/1910
f 2844/219/1911 2845/274/1912 2846/274/1913
f 2845/274/1912 2844/219/1911 2847/219/1914
f 2848/293/1915 2849/222/1916 2850/222/1917
f 2849/222/1916 2848/293/1915 2851/272/1918
f 2852/277/1919 2853/277/1920 2854/280/1920
f 2855/279/1921 2854/280/1920 2853/277/1920
f 2856/222/1922 2857/223/1923 2858/223/1922
f 2857/223/1923 2856/222/1922 2859/222/1924
f 2860/223/1925 2861/219/1926 2862/219/1927
f 2861/219/1926 2860/223/1925 2863/223/1928
f 2864/274/1929 2865/219/1930 2866/219/1931
f 2865/219/1930 2864/274/1929 2867/274/1932
f 2868/274/1933 2869/275/1934 2870/274/1935
f 2869/275/1934 2868/274/1933 2871/276/1936
f 2872/275/1937 2873/274/1938 2874/294/1939
f 2873/274/1938 2872/275/1937 2875/275/1940
f 2876/278/1941 2877/277/1942 2878/277/1943
f 2877/277/1942 2876/278/1941 2879/279/1944
f 2880/279/1945 2881/272/1946 2882/280/1947
f 2883/272/1948 2881/272/1946 2880/279/1945
f 2884/274/1949 2885/284/1950 2886/276/1951
f 2885/284/1950 2884/274/1949 2887/274/1952
f 2888/222/1953 2889/292/1954 2890/223/1955
f 2889/292/1954 2888/222/1953 2891/288/1956
f 2892/272/1957 2893/288/1958 2894/222/1959
f 2893/288/1958 2892/272/1957 2895/283/1960
f 2896/277/1961 2897/279/1962 2898/277/1963
f 2897/279/1962 2896/277/1961 2899/280/1964
f 2900/275/1965 2901/276/1966 2902/277/1967
f 2903/277/1968 2902/277/1967 2901/276/1966
f 2904/277/1969 2905/275/1970 2906/275/1971
f 2905/275/1970 2904/277/1969 2907/277/1972
f 2908/272/1973 2909/272/1974 2910/222/1975
f 2911/222/1976 2910/222/1975 2909/272/1974
s 0
f 2912/223/1977 2913/223/1977 2914/219/1977
f 2915/219/1978 2914/219/1978 2913/223/1978
s 1
f 2916/295/1979 2917/289/1980 2918/295/1981
f 2917/289/1980 2916/295/1979 2919/291/1982
f 2920/295/1983 2921/290/1984 2922/291/1985
f 2920/295/1983 2923/295/1986 2921/290/1984
f 2924/198/1987 2925/282/1988 2926/287/1989
f 2924/198/1987 2927/296/1990 2925/282/1988
f 2928/290/1991 2929/297/1992 2930/285/1993
f 2929/297/1992 2928/290/1991 2931/295/1994
f 2932/289/1995 2933/281/1996 2934/298/1997
f 2935/295/1998 2932/289/1995 2934/298/1997
f 2936/286/1999 2937/198/2000 2938/287/2001
f 2937/198/2000 2936/286/1999 2939/198/2002
f 2940/286/2003 2941/297/2004 2942/198/2005
f 2941/297/2004 2940/286/2003 2943/285/2006
f 2944/298/2007 2945/282/2008 2946/296/2009
f 2945/282/2008 2944/298/2007 2947/281/2010
f 2948/52/2011 2949/206/2011 2950/52/2011
f 2951/206/2012 2949/206/2011 2948/52/2011
f 2952/208/2013 2953/115/2014 2954/192/2015
f 2955/115/2016 2953/115/2014 2952/208/2013
f 2956/205/2017 2957/115/2017 2958/115/2018
f 2957/115/2017 2956/205/2017 2959/205/2017
f 2960/255/2019 2961/255/2020 2962/50/2021
f 2963/207/2022 2962/50/2021 2961/255/2020
f 2964/115/2023 2965/299/2023 2966/300/2024
f 2965/299/2023 2964/115/2023 2967/115/2023
f 2968/115/2025 2969/115/2026 2970/250/2027
f 2971/301/2028 2970/250/2027 2969/115/2026
f 2972/86/2029 2973/300/2030 2974/299/2029
f 2973/300/2030 2972/86/2029 2975/86/2029
f 2976/85/2031 2977/86/2031 2978/86/2031
f 2977/86/2031 2976/85/2031 2979/300/2031
f 2980/115/2032 2981/300/2032 2982/85/2033
f 2981/300/2032 2980/115/2032 2983/115/2032
s 0
f 2984/119/2034 2985/119/2034 2986/111/2034
f 2987/111/2034 2986/111/2034 2985/119/2034
f 2988/121/2035 2989/102/2035 2990/102/2035
f 2989/102/2036 2988/121/2036 2991/121/2036
f 2992/102/1260 2993/107/1260 2994/107/1260
f 2993/107/1260 2992/102/1260 2995/102/1260
f 2996/116/2037 2997/116/2037 2998/115/2037
f 2999/115/2038 2998/115/2038 2997/116/2038
s 1
f 3000/259/2039 3001/115/2040 3002/263/2039
f 3003/251/2039 3002/263/2039 3001/115/2040
f 3004/267/2041 3005/212/2042 3006/210/2043
f 3005/212/2042 3004/267/2041 3007/253/2044
f 3008/263/2045 3009/251/2046 3010/269/2047
f 3011/257/2048 3010/269/2047 3009/251/2046
f 3012/211/2049 3013/115/2050 3014/259/2049
f 3013/115/2050 3012/211/2049 3015/209/2051
f 3016/86/2052 3017/250/2053 3018/301/2054
f 3017/250/2053 3016/86/2052 3019/86/2055
f 3020/299/2056 3021/86/2057 3022/86/2058
f 3021/86/2057 3020/299/2056 3023/262/2059
f 3024/116/2060 3025/205/2060 3026/115/2060
f 3027/115/2060 3026/115/2060 3025/205/2060
f 3028/122/2061 3029/52/2062 3030/206/2062
f 3031/52/2061 3029/52/2062 3028/122/2061
f 3032/208/2063 3033/115/2064 3034/115/2065
f 3033/115/2064 3032/208/2063 3035/192/2066
f 3036/301/2067 3037/86/2068 3038/86/2069
f 3037/86/2068 3036/301/2067 3039/302/2070
f 3040/105/2071 3041/120/2072 3042/120/2073
f 3041/120/2072 3040/105/2071 3043/105/2074
f 3044/115/2075 3045/302/2076 3046/301/2077
f 3047/115/2078 3044/115/2075 3046/301/2077
f 3048/115/2079 3049/115/2080 3050/299/2081
f 3051/262/2082 3050/299/2081 3049/115/2080
f 3052/52/2083 3053/206/2084 3054/52/2085
f 3055/206/2086 3053/206/2084 3052/52/2083
f 3056/205/2087 3057/115/2088 3058/115/2089
f 3057/115/2088 3056/205/2087 3059/205/2090
f 3060/155/2091 3061/155/2091 3062/115/2091
f 3063/303/2091 3062/115/2091 3061/155/2091
f 3064/155/2092 3065/154/2092 3066/154/2092
f 3065/154/2092 3064/155/2092 3067/155/2092
f 3068/304/2093 3069/154/2093 3070/155/2094
f 3069/154/2093 3068/304/2093 3071/154/2093
f 3072/304/2095 3073/115/2096 3074/305/2096
f 3073/115/2096 3072/304/2095 3075/155/2095
f 3076/306/2097 3077/185/2098 3078/115/2099
f 3078/115/2099 3079/115/2100 3076/306/2097
f 3080/307/2101 3081/309/2102 3082/308/2102
f 3082/308/2102 3083/154/2101 3080/307/2101
f 3084/303/2103 3085/155/2103 3086/175/2103
f 3087/155/2103 3085/155/2103 3084/303/2103
f 3088/159/2104 3089/303/2105 3090/175/2104
f 3089/303/2105 3088/159/2104 3091/115/2106
s 0
f 3092/155/2107 3093/115/2107 3094/155/2107
s 1
f 3095/155/2108 3096/154/2109 3097/154/2109
f 3096/154/2109 3095/155/2108 3098/155/2110
f 3099/159/2111 3100/115/2112 3101/115/2113
f 3099/159/2111 3102/115/2114 3100/115/2112
f 3103/155/2115 3104/154/2115 3105/155/2115
f 3106/154/2115 3104/154/2115 3103/155/2115
f 3107/219/2116 3108/274/2117 3109/219/2118
f 3110/274/2119 3108/274/2117 3107/219/2116
f 3111/284/2120 3112/277/2121 3113/276/2122
f 3112/277/2121 3111/284/2120 3114/277/2123
f 3115/297/2124 3116/295/2125 3117/310/2126
f 3118/295/2127 3116/295/2125 3115/297/2124
f 3119/298/2128 3120/295/2129 3121/295/2130
f 3120/295/2129 3119/298/2128 3122/310/2131
f 3123/196/2132 3124/296/2133 3125/198/2134
f 3124/296/2133 3123/196/2132 3126/204/2135
f 3127/311/2136 3128/295/2137 3129/295/2138
f 3128/295/2137 3127/311/2136 3130/298/2139
f 3131/312/2140 3132/295/2141 3133/295/2142
f 3132/295/2141 3131/312/2140 3134/311/2143
f 3135/313/2144 3136/295/2145 3137/295/2146
f 3136/295/2145 3135/313/2144 3138/312/2147
f 3139/196/2148 3140/198/2149 3141/198/2150
f 3140/198/2149 3139/196/2148 3142/196/2151
f 3143/201/2152 3144/198/2153 3145/198/2154
f 3144/198/2153 3143/201/2152 3146/196/2155
f 3147/314/2156 3148/295/2157 3149/295/2158
f 3148/295/2157 3147/314/2156 3150/313/2159
f 3151/315/2160 3152/115/2161 3153/115/2162
f 3152/115/2161 3151/315/2160 3154/316/2163
s 0
f 3155/199/2164 3156/198/2164 3157/198/2164
f 3156/198/2165 3155/199/2165 3158/196/2165
f 3159/203/2166 3160/317/2166 3161/308/2166
f 3162/202/2166 3159/203/2166 3161/308/2166
s 1
f 3163/142/2167 3164/134/2168 3165/132/2167
f 3163/142/2167 3166/124/2168 3164/134/2168
f 3167/178/2169 3168/47/2169 3169/124/2169
f 3170/47/2169 3168/47/2169 3167/178/2169
f 3171/164/2170 3172/47/2170 3173/47/2170
f 3172/47/2170 3171/164/2170 3174/60/2170
f 3175/155/2171 3176/115/2172 3177/150/2173
f 3176/115/2172 3175/155/2171 3178/315/2174
f 3179/316/2175 3180/115/2176 3181/115/2177
f 3180/115/2176 3179/316/2175 3182/318/2178
f 3183/86/2179 3184/120/2180 3185/86/2181
f 3183/86/2179 3186/120/2182 3184/120/2180
f 3187/155/2183 3188/154/2183 3189/154/2183
f 3188/154/2183 3187/155/2183 3190/155/2183
f 3191/180/2184 3192/124/2184 3193/142/2184
f 3192/124/2184 3191/180/2184 3194/178/2184
f 3195/196/2185 3196/198/2186 3197/198/2187
f 3196/198/2186 3195/196/2185 3198/201/2188
f 3199/314/2189 3200/200/2190 3201/198/2189
f 3200/200/2190 3199/314/2189 3202/319/2190
f 3203/149/2191 3204/55/2192 3205/60/2193
f 3204/55/2192 3203/149/2191 3206/151/2194
f 3207/149/2195 3208/63/2196 3209/60/2197
f 3208/63/2196 3207/149/2195 3210/195/2198
f 3211/315/2199 3212/154/2200 3213/154/2201
f 3212/154/2200 3211/315/2199 3214/155/2202
f 3215/155/2203 3216/159/2203 3217/115/2203
f 3216/159/2203 3215/155/2203 3218/155/2204
f 3219/318/2205 3220/154/2206 3221/154/2207
f 3220/154/2206 3219/318/2205 3222/316/2208
f 3223/194/2209 3224/65/2210 3225/69/2211
f 3224/65/2210 3223/194/2209 3226/193/2212
f 3227/320/2213 3228/86/2214 3229/302/2215
f 3229/302/2215 3230/154/2216 3227/320/2213
f 3231/52/2217 3232/50/2218 3233/207/2219
f 3234/255/2220 3231/52/2217 3233/207/2219
f 3235/198/2221 3236/198/2221 3237/314/2221
s 0
f 3238/313/2222 3237/314/2222 3236/198/2222
s 1
f 3239/196/2223 3240/198/2224 3241/198/2225
f 3240/198/2224 3239/196/2223 3242/196/2226
f 3243/197/2227 3244/5/2227 3245/199/2227
f 3243/197/2227 3246/321/2227 3244/5/2227
f 3247/198/2228 3248/198/2229 3249/313/2230
f 3250/312/2231 3249/313/2230 3248/198/2229
f 3251/109/2232 3252/323/2233 3253/322/2234
f 3252/323/2233 3251/109/2232 3254/38/2235
f 3255/115/2236 3256/318/2237 3257/302/2238
f 3256/318/2237 3255/115/2236 3258/115/2239
f 3259/196/2240 3260/196/2241 3261/198/2242
f 3262/198/2243 3261/198/2242 3260/196/2241
f 3263/298/2244 3264/105/2245 3265/120/2246
f 3266/296/2247 3264/105/2245 3263/298/2244
f 3267/198/2248 3268/198/2249 3269/312/2250
f 3270/311/2251 3269/312/2250 3268/198/2249
f 3271/196/2252 3272/196/2253 3273/198/2254
f 3274/198/2255 3273/198/2254 3272/196/2253
f 3275/198/2256 3276/198/2257 3277/311/2258
f 3278/298/2259 3277/311/2258 3276/198/2257
f 3279/195/2260 3280/69/2261 3281/63/2262
f 3280/69/2261 3279/195/2260 3282/194/2263
f 3283/316/2264 3284/154/2265 3285/154/2266
f 3284/154/2265 3283/316/2264 3286/315/2267
f 3287/193/2268 3288/50/2269 3289/65/2270
f 3288/50/2269 3287/193/2268 3290/192/2271
f 3291/323/2272 3292/52/2273 3293/255/2274
f 3292/52/2273 3291/323/2272 3294/38/2275
f 3295/86/2276 3296/324/2277 3297/120/2278
f 3295/86/2276 3298/320/2279 3296/324/2277
f 3299/154/2280 3300/302/2281 3301/318/2282
f 3301/318/2282 3302/154/2283 3299/154/2280
f 3303/198/2284 3304/198/2285 3305/298/2286
f 3306/310/2287 3305/298/2286 3304/198/2285
f 3307/198/2288 3308/297/2289 3309/310/2290
f 3308/297/2289 3307/198/2288 3310/198/2291
f 3311/279/2292 3312/280/2293 3313/272/2294
f 3314/283/2295 3313/272/2294 3312/280/2293
f 3315/223/2296 3316/219/2297 3317/219/2298
f 3316/219/2297 3315/223/2296 3318/292/2299
f 3319/11/2300 3320/109/2301 3321/204/2302
f 3320/109/2301 3319/11/2300 3322/38/2303
f 3323/298/2304 3324/324/2305 3325/295/2306
f 3324/324/2305 3323/298/2304 3326/120/2307
usemtl Red
f 3327/325/2308 3328/326/2309 3329/327/2310
f 3330/189/2311 3329/327/2310 3328/326/2309
f 3331/328/2312 3332/325/2313 3333/154/2314
f 3334/327/2315 3333/154/2314 3332/325/2313
f 3335/329/2316 3336/154/2317 3337/330/2318
f 3336/154/2317 3335/329/2316 3338/154/2319
f 3339/331/2320 3340/330/2321 3341/332/2322
f 3340/330/2321 3339/331/2320 3342/329/2323
f 3343/333/2324 3344/334/2325 3345/154/2326
f 3346/154/2327 3343/333/2324 3345/154/2326
f 3347/190/2328 3348/334/2329 3349/333/2330
f 3350/306/2331 3348/334/2329 3347/190/2328
f 3351/335/2332 3352/160/2332 3353/191/2332
f 3352/160/2332 3351/335/2332 3354/336/2333
f 3355/154/2334 3356/336/2335 3357/335/2335
f 3356/336/2335 3355/154/2334 3358/154/2335
f 3359/337/2336 3360/338/2336 3361/154/2336
f 3361/154/2336 3362/154/2336 3359/337/2336
f 3363/339/2337 3364/337/2337 3365/340/2337
f 3364/337/2337 3363/339/2337 3366/338/2337
f 3367/341/2338 3368/342/2338 3369/343/2338
f 3368/342/2338 3367/341/2338 3370/344/2339
f 3371/343/2340 3372/345/2341 3373/346/2342
f 3372/345/2341 3371/343/2340 3374/342/2341
f 3375/185/2343 3376/347/2344 3377/348/2343
f 3376/347/2344 3375/185/2343 3378/184/2344
f 3379/348/2345 3380/347/2346 3381/154/2346
f 3381/154/2346 3382/154/2346 3379/348/2345
f 3383/349/2347 3384/350/2347 3385/161/2347
f 3384/350/2347 3383/349/2347 3386/351/2347
f 3387/154/2348 3388/351/2348 3389/349/2349
f 3388/351/2348 3387/154/2348 3390/352/2349
f 3391/347/2350 3392/337/2351 3393/154/2352
f 3393/154/2352 3394/154/2350 3391/347/2350
f 3395/347/2353 3396/340/2353 3397/337/2353
f 3396/340/2353 3395/347/2353 3398/184/2354
f 3399/352/2355 3400/343/2355 3401/351/2355
f 3400/343/2355 3399/352/2355 3402/341/2355
f 3403/351/2356 3404/346/2356 3405/350/2357
f 3404/346/2356 3403/351/2356 3406/343/2356
f 3407/154/2358 3408/327/2359 3409/154/2360
f 3410/333/2361 3409/154/2360 3408/327/2359
f 3411/190/2362 3412/327/2363 3413/189/2364
f 3412/327/2363 3411/190/2362 3414/333/2365
f 3415/332/2366 3416/335/2367 3417/191/2368
f 3416/335/2367 3415/332/2366 3418/330/2369
f 3419/330/2370 3420/154/2371 3421/335/2372
f 3420/154/2371 3419/330/2370 3422/154/2373
f 3423/325/2374 3424/154/2375 3425/329/2376
f 3424/154/2375 3423/325/2374 3426/328/2377
f 3427/329/2378 3428/331/2379 3429/325/2380
f 3430/326/2381 3429/325/2380 3428/331/2379
f 3431/305/2382 3432/338/2383 3433/339/2383
f 3432/338/2383 3431/305/2382 3434/304/2382
f 3435/306/2384 3436/348/2385 3437/334/2386
f 3436/348/2385 3435/306/2384 3438/185/2387
f 3439/334/2388 3440/348/2389 3441/154/2390
f 3442/154/2391 3439/334/2388 3441/154/2390
f 3443/304/2392 3444/154/2392 3445/338/2393
f 3444/154/2392 3443/304/2392 3446/154/2392
f 3447/154/2394 3448/349/2394 3449/336/2394
f 3448/349/2394 3447/154/2394 3450/154/2394
f 3451/336/2395 3452/161/2396 3453/160/2396
f 3452/161/2396 3451/336/2395 3454/349/2396
f 3455/342/2397 3456/309/2398 3457/353/2399
f 3457/353/2399 3458/345/2400 3455/342/2397
f 3459/344/2401 3460/309/2402 3461/342/2403
f 3460/309/2402 3459/344/2401 3462/307/2402
f 3463/326/2404 3464/325/2405 3465/327/2406
f 3466/189/2407 3463/326/2404 3465/327/2406
f 3467/325/2408 3468/328/2409 3469/154/2410
f 3467/325/2408 3469/154/2410 3470/327/2411
f 3471/329/2412 3472/154/2413 3473/154/2414
f 3472/154/2413 3471/329/2412 3474/330/2415
f 3475/331/2416 3476/330/2417 3477/329/2418
f 3476/330/2417 3475/331/2416 3478/332/2419
f 3479/333/2420 3480/154/2421 3481/334/2422
f 3482/154/2423 3480/154/2421 3479/333/2420
f 3483/190/2424 3484/333/2425 3485/334/2426
f 3486/306/2427 3483/190/2424 3485/334/2426
f 3487/160/2428 3488/336/2429 3489/335/2429
f 3487/160/2428 3489/335/2429 3490/191/2430
f 3491/336/2431 3492/154/2431 3493/154/2431
f 3491/336/2431 3493/154/2431 3494/335/2431
f 3495/337/2432 3496/154/2432 3497/338/2432
f 3498/154/2432 3496/154/2432 3495/337/2432
f 3499/339/2433 3500/337/2434 3501/338/2433
f 3500/337/2434 3499/339/2433 3502/340/2433
f 3503/342/2435 3504/341/2436 3505/343/2436
f 3506/344/2435 3504/341/2436 3503/342/2435
f 3507/343/2437 3508/346/2437 3509/345/2438
f 3510/342/2437 3507/343/2437 3509/345/2438
f 3511/185/2439 3512/348/2439 3513/347/2440
f 3514/184/2441 3511/185/2439 3513/347/2440
f 3515/348/2442 3516/154/2443 3517/347/2442
f 3518/154/2444 3516/154/2443 3515/348/2442
f 3519/349/2445 3520/161/2445 3521/350/2445
f 3522/351/2445 3519/349/2445 3521/350/2445
f 3523/351/2446 3524/154/2446 3525/349/2447
f 3526/352/2447 3524/154/2446 3523/351/2446
f 3527/347/2448 3528/154/2449 3529/337/2449
f 3530/154/2450 3528/154/2449 3527/347/2448
f 3531/347/2451 3532/340/2451 3533/184/2452
f 3532/340/2451 3531/347/2451 3534/337/2451
f 3535/352/2453 3536/351/2454 3537/343/2454
f 3538/341/2454 3535/352/2453 3537/343/2454
f 3539/351/2455 3540/350/2455 3541/346/2455
f 3542/343/2455 3539/351/2455 3541/346/2455
f 3543/327/2456 3544/154/2457 3545/154/2458
f 3543/327/2456 3545/154/2458 3546/333/2459
f 3547/327/2460 3548/190/2461 3549/189/2462
f 3548/190/2461 3547/327/2460 3550/333/2463
f 3551/332/2464 3552/335/2465 3553/330/2466
f 3552/335/2465 3551/332/2464 3554/191/2467
f 3555/330/2468 3556/154/2469 3557/154/2470
f 3556/154/2469 3555/330/2468 3558/335/2471
f 3559/325/2472 3560/154/2473 3561/328/2474
f 3560/154/2473 3559/325/2472 3562/329/2475
f 3563/331/2476 3564/329/2477 3565/325/2478
f 3563/331/2476 3565/325/2478 3566/326/2479
f 3567/305/2480 3568/338/2481 3569/304/2482
f 3568/338/2481 3567/305/2480 3570/339/2481
f 3571/306/2483 3572/334/2484 3573/348/2485
f 3573/348/2485 3574/185/2486 3571/306/2483
f 3575/334/2487 3576/154/2488 3577/348/2489
f 3578/154/2490 3576/154/2488 3575/334/2487
f 3579/304/2491 3580/154/2491 3581/154/2492
f 3580/154/2491 3579/304/2491 3582/338/2493
f 3583/154/2494 3584/336/2495 3585/349/2496
f 3585/349/2496 3586/154/2494 3583/154/2494
f 3587/336/2497 3588/160/2497 3589/161/2498
f 3590/349/2498 3587/336/2497 3589/161/2498
f 3591/342/2499 3592/345/2500 3593/353/2501
f 3594/309/2502 3591/342/2499 3593/353/2501
f 3595/344/2503 3596/342/2504 3597/309/2503
f 3598/307/2503 3595/344/2503 3597/309/2503
usemtl Yellow
f 3599/170/2505 3600/169/2506 3601/167/2507
f 3601/167/2507 3602/171/2507 3599/170/2505
f 3603/169/2508 3604/173/2508 3605/168/2508
f 3605/168/2508 3606/167/2508 3603/169/2508
f 3607/170/2509 3608/167/2510 3609/169/2511
f 3608/167/2510 3607/170/2509 3610/171/2511
f 3611/169/2512 3612/167/2512 3613/168/2513
f 3611/169/2512 3613/168/2513 3614/173/2512
s 0
usemtl Teeth
f 3615/159/2514 3616/159/2514 3617/176/2514
f 3618/176/2515 3619/176/2515 3620/340/2515
f 3621/340/2516 3622/340/2516 3623/339/2516
f 3624/161/2517 3625/161/2517 3626/115/2517
f 3627/186/2518 3628/186/2518 3629/350/2518
f 3630/350/2519 3631/350/2519 3632/161/2519
s 1
f 3633/346/2520 3634/346/2520 3635/350/2520
s 0
f 3636/350/2521 3637/350/2521 3638/186/2521
s 1
f 3639/353/2522 3640/353/2522 3641/345/2522
s 0
f 3642/186/2523 3643/186/2523 3644/183/2523
f 3645/182/2524 3646/182/2524 3647/202/2524
f 3648/202/2525 3649/202/2525 3650/353/2525
s 1
f 3651/345/2526 3652/345/2526 3653/346/2526
s 0
f 3654/115/2527 3655/115/2527 3656/186/2527
f 3657/305/2528 3658/305/2528 3659/115/2528
f 3660/339/2529 3661/339/2529 3662/305/2529
f 3663/115/2530 3664/115/2530 3665/159/2530
f 3666/159/2531 3667/159/2531 3668/184/2531
f 3669/340/2532 3670/340/2532 3671/176/2532
f 3672/176/2533 3673/176/2533 3674/159/2533
f 3675/182/2534 3676/182/2534 3677/345/2534
f 3678/339/2535 3679/339/2535 3680/159/2535
f 3681/183/2536 3682/183/2536 3683/346/2536
f 3684/345/2537 3685/345/2537 3686/182/2537
f 3687/184/2538 3688/184/2538 3689/340/2538
f 3690/183/2539 3691/183/2539 3692/182/2539
f 3693/159/2540 3694/159/2540 3695/339/2540
f 3696/346/2541 3697/346/2541 3698/183/2541
f 3699/159/2542 3700/176/2542 3701/159/2542
f 3702/176/2543 3703/340/2543 3704/176/2543
f 3705/340/2544 3706/339/2544 3707/340/2544
f 3708/161/2545 3709/115/2545 3710/161/2545
f 3711/186/2546 3712/350/2546 3713/186/2546
f 3714/350/2547 3715/161/2547 3716/350/2547
f 3717/346/2548 3718/350/2548 3719/346/2548
f 3720/350/2549 3721/186/2549 3722/350/2549
s 1
f 3723/353/2550 3724/345/2550 3725/353/2550
s 0
f 3726/186/2551 3727/183/2551 3728/186/2551
f 3729/182/2552 3730/202/2552 3731/182/2552
f 3732/202/2553 3733/353/2553 3734/202/2553
s 1
f 3735/345/2554 3736/346/2554 3737/345/2554
s 0
f 3738/115/2555 3739/186/2555 3740/115/2555
f 3741/305/2556 3742/115/2556 3743/305/2556
f 3744/339/2557 3745/305/2557 3746/339/2557
f 3747/115/2558 3748/159/2558 3749/115/2558
f 3750/159/2559 3751/184/2559 3752/159/2559
f 3753/340/2560 3754/176/2560 3755/340/2560
f 3756/176/2561 3757/159/2561 3758/176/2561
f 3759/182/2562 3760/345/2562 3761/182/2562
f 3762/339/2563 3763/159/2563 3764/339/2563
f 3765/183/2564 3766/346/2564 3767/183/2564
f 3768/345/2565 3769/182/2565 3770/345/2565
f 3771/184/2566 3772/340/2566 3773/184/2566
f 3774/183/2567 3775/182/2567 3776/183/2567
f 3777/159/2568 3778/339/2568 3779/159/2568
f 3780/346/2569 3781/183/2569 3782/346/2569
s 1
usemtl Green
f 3783/326/2570 3784/332/2571 3785/189/2572
f 3786/331/2573 3784/332/2571 3783/326/2570
f 3787/332/2574 3788/115/2575 3789/115/2576
f 3788/115/2575 3787/332/2574 3790/191/2577
f 3791/306/2578 3792/115/2579 3793/115/2580
f 3792/115/2579 3791/306/2578 3794/190/2581
f 3795/105/2582 3796/113/2583 3797/109/2584
f 3796/113/2583 3795/105/2582 3798/105/2585
f 3799/113/2586 3800/109/2587 3801/109/2588
f 3800/109/2587 3799/113/2586 3802/354/2589
f 3803/109/2590 3804/354/2591 3805/355/2592
f 3804/354/2591 3803/109/2590 3806/109/2593
s 0
f 3807/109/2594 3808/355/2594 3809/356/2594
s 1
f 3810/107/2595 3811/83/2596 3812/102/2597
f 3812/102/2597 3813/102/2598 3810/107/2595
f 3814/83/2599 3815/107/2600 3816/357/2601
f 3817/358/2602 3816/357/2601 3815/107/2600
f 3818/357/2603 3819/358/2604 3820/358/2605
f 3819/358/2604 3818/357/2603 3821/357/2606
s 0
f 3822/357/2607 3823/358/2607 3824/359/2607
s 1
f 3825/103/2608 3826/97/2609 3827/95/2610
f 3827/95/2610 3828/95/2611 3825/103/2608
f 3829/97/2612 3830/103/2613 3831/103/2614
f 3830/103/2613 3829/97/2612 3832/97/2615
f 3833/97/2616 3834/360/2617 3835/97/2618
f 3836/103/2619 3834/360/2617 3833/97/2616
f 3837/97/2620 3838/360/2620 3839/361/2620
f 3840/93/2621 3841/100/2622 3842/92/2623
f 3841/100/2622 3840/93/2621 3843/118/2624
s 0
f 3844/362/2625 3845/118/2625 3846/93/2625
s 1
f 3847/118/2626 3848/362/2627 3849/362/2628
f 3848/362/2627 3847/118/2626 3850/118/2629
f 3851/363/2630 3852/362/2631 3853/364/2632
f 3852/362/2631 3851/363/2630 3854/118/2633
f 3855/91/2634 3856/365/2635 3857/366/2636
f 3856/365/2635 3855/91/2634 3858/117/2637
f 3859/365/2638 3860/204/2639 3861/366/2640
f 3861/366/2640 3860/204/2639 3862/296/2641
f 3863/109/2642 3864/367/2643 3865/322/2644
f 3863/109/2642 3866/365/2645 3864/367/2643
f 3867/204/2646 3868/365/2647 3869/365/2648
f 3870/109/2649 3867/204/2646 3869/365/2648
f 3871/368/2650 3872/365/2651 3873/117/2652
f 3872/365/2651 3871/368/2650 3874/365/2653
f 3875/369/2654 3876/365/2655 3877/368/2656
f 3876/365/2655 3875/369/2654 3878/367/2657
f 3879/91/2658 3880/91/2659 3881/370/2660
f 3882/371/2661 3879/91/2658 3881/370/2660
f 3883/105/2662 3884/370/2663 3885/105/2664
f 3884/370/2663 3883/105/2662 3886/371/2665
f 3887/296/2666 3888/370/2667 3889/366/2668
f 3888/370/2667 3887/296/2666 3890/105/2669
f 3891/366/2670 3892/91/2671 3893/91/2672
f 3892/91/2671 3891/366/2670 3894/370/2673
s 0
f 3895/92/2674 3896/100/2674 3897/372/2674
s 1
f 3898/372/2675 3899/100/2676 3900/100/2677
f 3900/100/2677 3901/372/2678 3898/372/2675
f 3902/100/2679 3903/372/2680 3904/100/2681
f 3902/100/2679 3905/92/2682 3903/372/2680
f 3906/95/2683 3907/95/2684 3908/95/2685
f 3908/95/2685 3909/95/2686 3906/95/2683
f 3910/95/2687 3911/95/2688 3912/95/2689
f 3911/95/2688 3910/95/2687 3913/95/2690
s 0
f 3914/95/2691 3915/95/2691 3916/95/2691
s 1
f 3917/373/2692 3918/373/2693 3919/102/2694
f 3917/373/2692 3919/102/2694 3920/102/2695
f 3921/373/2696 3922/373/2697 3923/373/2698
f 3922/373/2697 3921/373/2696 3924/373/2699
s 0
f 3925/102/2700 3926/373/2700 3927/373/2700
s 1
f 3928/105/2701 3929/105/2702 3930/105/2703
f 3929/105/2702 3928/105/2701 3931/105/2704
f 3932/105/2705 3933/105/2706 3934/105/2707
f 3933/105/2706 3932/105/2705 3935/105/2708
s 0
f 3936/105/2709 3937/105/2709 3938/105/2709
s 1
f 3939/109/2710 3940/38/2711 3941/109/2711
f 3940/38/2711 3939/109/2710 3942/38/2710
s 0
f 3943/357/2712 3944/84/2712 3945/83/2712
f 3944/84/2713 3943/357/2713 3946/84/2713
s 1
f 3947/230/2714 3948/374/2715 3949/367/2716
f 3947/230/2714 3949/367/2716 3950/369/2717
f 3951/356/2718 3952/38/2719 3953/109/2720
f 3952/38/2719 3951/356/2718 3954/247/2721
f 3955/109/2722 3956/38/2722 3957/109/2722
f 3956/38/2722 3955/109/2722 3958/38/2722
f 3959/244/2723 3960/84/2724 3961/357/2725
f 3961/357/2725 3962/359/2726 3959/244/2723
s 0
f 3963/357/2727 3964/84/2727 3965/357/2727
f 3964/84/2727 3963/357/2727 3966/84/2727
s 1
f 3967/97/2728 3968/108/2728 3969/97/2728
f 3968/108/2728 3967/97/2728 3970/234/2729
f 3971/236/2730 3972/234/2731 3973/97/2732
f 3973/97/2732 3974/361/2733 3971/236/2730
f 3975/97/2734 3976/234/2735 3977/97/2735
f 3976/234/2735 3975/97/2734 3978/234/2735
s 0
f 3979/118/2736 3980/88/2736 3981/118/2736
f 3980/88/2736 3979/118/2736 3982/88/2736
f 3983/363/2737 3984/88/2737 3985/118/2737
f 3984/88/2738 3983/363/2738 3986/231/2738
s 1
f 3987/232/2739 3988/369/2740 3989/368/2741
f 3987/232/2739 3990/230/2742 3988/369/2740
f 3991/229/2743 3992/91/2744 3993/227/2745
f 3992/91/2744 3991/229/2743 3994/91/2746
s 0
f 3995/100/2747 3996/226/2747 3997/228/2747
f 3995/100/2748 3998/100/2748 3996/226/2748
f 3999/100/2749 4000/96/2749 4001/226/2749
f 3999/100/2749 4002/100/2749 4000/96/2749
s 1
f 4003/90/2750 4004/91/2750 4005/229/2751
f 4004/91/2750 4003/90/2750 4006/91/2750
f 4007/233/2752 4008/233/2753 4009/362/2752
f 4007/233/2752 4009/362/2752 4010/362/2752
f 4011/233/2754 4012/364/2755 4013/362/2756
f 4011/233/2754 4014/235/2757 4012/364/2755
f 4015/372/2758 4016/111/2758 4017/237/2758
f 4015/372/2758 4018/372/2758 4016/111/2758
f 4019/111/2759 4020/92/2760 4021/238/2761
f 4020/92/2760 4019/111/2759 4022/372/2762
f 4023/119/2763 4024/95/2763 4025/119/2763
f 4024/95/2763 4023/119/2763 4026/95/2763
f 4027/95/2764 4028/95/2765 4029/119/2766
f 4029/119/2766 4030/239/2767 4027/95/2764
f 4031/119/2768 4032/95/2769 4033/119/2768
f 4032/95/2769 4031/119/2768 4034/95/2768
s 0
f 4035/99/2770 4036/373/2770 4037/99/2770
f 4036/373/2771 4035/99/2771 4038/373/2771
s 1
f 4039/102/2772 4040/373/2773 4041/99/2774
f 4041/99/2774 4042/242/2775 4039/102/2772
s 0
f 4043/89/2776 4044/360/2776 4045/103/2776
f 4043/89/2776 4046/243/2776 4044/360/2776
s 1
f 4047/360/2777 4048/236/2778 4049/361/2779
f 4048/236/2778 4047/360/2777 4050/243/2780
s 0
f 4051/95/2781 4052/95/2781 4053/240/2781
f 4051/95/2781 4053/240/2781 4054/241/2781
s 1
f 4055/240/2782 4056/95/2783 4057/239/2784
f 4056/95/2783 4055/240/2782 4058/95/2785
s 0
f 4059/95/2786 4060/95/2786 4061/241/2786
f 4059/95/2786 4061/241/2786 4062/94/2786
f 4063/89/2787 4064/89/2787 4065/103/2787
f 4063/89/2787 4065/103/2787 4066/103/2787
f 4067/99/2788 4068/102/2788 4069/99/2788
f 4068/102/2788 4067/99/2788 4070/373/2788
s 1
f 4071/245/2789 4072/246/2790 4073/358/2791
f 4071/245/2789 4073/358/2791 4074/358/2789
f 4075/246/2792 4076/244/2793 4077/359/2794
f 4075/246/2792 4077/359/2794 4078/358/2795
f 4079/373/2796 4080/248/2797 4081/248/2796
f 4079/373/2796 4082/373/2797 4080/248/2797
f 4083/373/2798 4084/242/2799 4085/248/2800
f 4083/373/2798 4086/102/2801 4084/242/2799
f 4087/120/2802 4088/105/2803 4089/120/2803
f 4088/105/2803 4087/120/2802 4090/105/2802
f 4091/105/2804 4092/120/2805 4093/101/2806
f 4092/120/2805 4091/105/2804 4094/105/2807
f 4095/120/2808 4096/105/2808 4097/120/2808
f 4096/105/2808 4095/120/2808 4098/105/2808
f 4099/102/2809 4100/373/2810 4101/248/2809
f 4099/102/2809 4101/248/2809 4102/121/2809
f 4103/106/2811 4104/245/2811 4105/358/2811
f 4103/106/2811 4105/358/2811 4106/107/2811
f 4107/322/2812 4108/367/2813 4109/374/2814
f 4109/374/2814 4110/323/2815 4107/322/2812
f 4111/87/2816 4112/232/2816 4113/368/2817
f 4111/87/2816 4113/368/2817 4114/117/2817
f 4115/375/2818 4116/252/2819 4117/253/2820
f 4115/375/2818 4118/230/2821 4116/252/2819
f 4119/120/2822 4120/256/2823 4121/227/2824
f 4120/256/2823 4119/120/2822 4122/257/2825
f 4123/227/2826 4124/371/2827 4125/120/2828
f 4124/371/2827 4123/227/2826 4126/91/2829
f 4127/105/2830 4128/101/2831 4129/376/2832
f 4128/101/2831 4127/105/2830 4130/105/2833
f 4131/92/2834 4132/372/2835 4133/237/2835
f 4131/92/2834 4133/237/2835 4134/111/2834
f 4135/104/2836 4136/362/2837 4137/93/2836
f 4135/104/2836 4138/233/2837 4136/362/2837
f 4139/377/2838 4140/105/2838 4141/376/2838
f 4140/105/2838 4139/377/2838 4142/105/2839
f 4143/323/2840 4144/375/2841 4145/253/2842
f 4145/253/2842 4146/255/2843 4143/323/2840
f 4147/86/2844 4148/376/2844 4149/86/2844
f 4148/376/2844 4147/86/2844 4150/377/2844
f 4151/378/2845 4152/379/2846 4153/52/2846
f 4153/52/2846 4154/52/2846 4151/378/2845
f 4155/379/2847 4156/378/2847 4157/355/2847
f 4155/379/2847 4157/355/2847 4158/354/2847
f 4159/228/2848 4160/92/2849 4161/100/2850
f 4159/228/2848 4162/238/2851 4160/92/2849
f 4163/120/2852 4164/257/2853 4165/120/2854
f 4164/257/2853 4163/120/2852 4166/86/2855
f 4167/354/2856 4168/113/2856 4169/98/2856
f 4169/98/2856 4170/379/2856 4167/354/2856
f 4171/379/2857 4172/98/2857 4173/52/2857
f 4173/52/2857 4174/52/2857 4171/379/2857
f 4175/120/2858 4176/105/2859 4177/120/2860
f 4176/105/2859 4175/120/2858 4178/371/2861
f 4179/231/2862 4180/267/2863 4181/253/2864
f 4180/267/2863 4179/231/2862 4182/235/2865
f 4183/257/2866 4184/269/2867 4185/238/2868
f 4185/238/2868 4186/228/2869 4183/257/2866
f 4187/364/2870 4188/231/2871 4189/363/2872
f 4188/231/2871 4187/364/2870 4190/235/2873
f 4191/378/2874 4192/356/2875 4193/355/2876
f 4191/378/2874 4194/247/2877 4192/356/2875
f 4195/247/2878 4196/378/2879 4197/52/2880
f 4197/52/2880 4198/52/2881 4195/247/2878
f 4199/86/2882 4200/377/2883 4201/86/2883
f 4200/377/2883 4199/86/2882 4202/101/2883
f 4203/101/2884 4204/105/2884 4205/377/2884
f 4204/105/2884 4203/101/2884 4206/105/2885
f 4207/101/2886 4208/86/2887 4209/376/2888
f 4208/86/2887 4207/101/2886 4210/86/2889
f 4211/202/2890 4212/353/2891 4213/309/2890
f 4211/202/2890 4213/309/2890 4214/308/2892
f 4215/115/2893 4216/189/2894 4217/332/2895
f 4218/115/2896 4215/115/2893 4217/332/2895
f 4219/326/2897 4220/189/2898 4221/332/2899
f 4221/332/2899 4222/331/2900 4219/326/2897
f 4223/332/2901 4224/115/2902 4225/191/2903
f 4224/115/2902 4223/332/2901 4226/115/2904
f 4227/306/2905 4228/115/2906 4229/190/2907
f 4228/115/2906 4227/306/2905 4230/115/2908
f 4231/105/2909 4232/113/2910 4233/105/2911
f 4232/113/2910 4231/105/2909 4234/109/2912
f 4235/109/2913 4236/113/2914 4237/109/2915
f 4236/113/2914 4235/109/2913 4238/354/2916
f 4239/109/2917 4240/354/2918 4241/109/2919
f 4240/354/2918 4239/109/2917 4242/355/2920
s 0
f 4243/109/2921 4244/356/2921 4245/355/2921
s 1
f 4246/83/2922 4247/107/2923 4248/102/2924
f 4249/102/2925 4248/102/2924 4247/107/2923
f 4250/107/2926 4251/83/2927 4252/357/2928
f 4250/107/2926 4252/357/2928 4253/358/2929
f 4254/357/2930 4255/358/2931 4256/357/2932
f 4255/358/2931 4254/357/2930 4257/358/2933
s 0
f 4258/357/2934 4259/359/2934 4260/358/2934
s 1
f 4261/97/2935 4262/103/2936 4263/95/2937
f 4264/95/2938 4263/95/2937 4262/103/2936
f 4265/103/2939 4266/97/2940 4267/103/2941
f 4266/97/2940 4265/103/2939 4268/97/2942
f 4269/97/2943 4270/97/2944 4271/360/2945
f 4272/103/2946 4269/97/2943 4271/360/2945
s 0
f 4273/97/2947 4274/361/2947 4275/360/2947
s 1
f 4276/100/2948 4277/93/2949 4278/92/2950
f 4277/93/2949 4276/100/2948 4279/118/2951
s 0
f 4280/362/2952 4281/93/2952 4282/118/2952
s 1
f 4283/362/2953 4284/118/2954 4285/362/2955
f 4284/118/2954 4283/362/2953 4286/118/2956
f 4287/362/2957 4288/363/2958 4289/364/2959
f 4288/363/2958 4287/362/2957 4290/118/2960
f 4291/365/2961 4292/91/2962 4293/366/2963
f 4292/91/2962 4291/365/2961 4294/117/2964
f 4295/204/2965 4296/365/2966 4297/366/2967
f 4297/366/2967 4298/296/2968 4295/204/2965
f 4299/322/2969 4300/367/2970 4301/109/2971
f 4301/109/2971 4300/367/2970 4302/365/2972
f 4303/365/2973 4304/204/2974 4305/365/2975
f 4306/109/2976 4305/365/2975 4304/204/2974
f 4307/368/2977 4308/365/2978 4309/365/2979
f 4308/365/2978 4307/368/2977 4310/117/2980
f 4311/369/2981 4312/365/2982 4313/367/2983
f 4312/365/2982 4311/369/2981 4314/368/2984
f 4315/91/2985 4316/91/2986 4317/370/2987
f 4318/371/2988 4317/370/2987 4316/91/2986
f 4319/370/2989 4320/105/2990 4321/105/2991
f 4320/105/2990 4319/370/2989 4322/371/2992
f 4323/296/2993 4324/370/2994 4325/105/2995
f 4324/370/2994 4323/296/2993 4326/366/2996
f 4327/366/2997 4328/91/2998 4329/370/2999
f 4328/91/2998 4327/366/2997 4330/91/3000
f 4331/92/3001 4332/372/3001 4333/100/3001
f 4334/372/3002 4335/100/3003 4336/100/3004
f 4335/100/3003 4334/372/3002 4337/372/3005
f 4338/92/3006 4339/100/3007 4340/372/3008
f 4341/100/3009 4340/372/3008 4339/100/3007
f 4342/95/3010 4343/95/3011 4344/95/3012
f 4343/95/3011 4342/95/3010 4345/95/3013
f 4346/95/3014 4347/95/3015 4348/95/3016
f 4347/95/3015 4346/95/3014 4349/95/3017
s 0
f 4350/95/3018 4351/95/3018 4352/95/3018
s 1
f 4353/373/3019 4354/373/3020 4355/102/3021
f 4356/102/3022 4355/102/3021 4354/373/3020
f 4357/373/3023 4358/373/3024 4359/373/3025
f 4358/373/3024 4357/373/3023 4360/373/3026
s 0
f 4361/102/3027 4362/373/3027 4363/373/3027
s 1
f 4364/105/3028 4365/105/3029 4366/105/3030
f 4364/105/3028 4367/105/3031 4365/105/3029
f 4368/105/3032 4369/105/3033 4370/105/3034
f 4370/105/3034 4371/105/3035 4368/105/3032
s 0
f 4372/105/3036 4373/105/3036 4374/105/3036
s 1
f 4375/38/3037 4376/109/3038 4377/109/3037
f 4376/109/3038 4375/38/3037 4378/38/3038
s 0
f 4379/84/3039 4380/357/3039 4381/83/3039
f 4380/357/3039 4379/84/3039 4382/84/3039
s 1
f 4383/374/3040 4384/230/3041 4385/367/3042
f 4386/369/3043 4385/367/3042 4384/230/3041
f 4387/38/3044 4388/356/3045 4389/109/3046
f 4388/356/3045 4387/38/3044 4390/247/3047
f 4391/38/3048 4392/109/3048 4393/109/3048
f 4392/109/3048 4391/38/3048 4394/38/3048
f 4395/84/3049 4396/244/3050 4397/357/3051
f 4398/359/3052 4397/357/3051 4396/244/3050
s 0
f 4399/84/3053 4400/357/3053 4401/357/3053
f 4400/357/3053 4399/84/3053 4402/84/3053
s 1
f 4403/108/3054 4404/97/3055 4405/97/3056
f 4404/97/3055 4403/108/3054 4406/234/3056
f 4407/234/3057 4408/236/3058 4409/97/3059
f 4410/361/3060 4409/97/3059 4408/236/3058
f 4411/234/3061 4412/97/3061 4413/97/3061
f 4412/97/3061 4411/234/3061 4414/234/3061
s 0
f 4415/88/3062 4416/118/3062 4417/118/3062
f 4416/118/3062 4415/88/3062 4418/88/3062
f 4419/88/3063 4420/363/3063 4421/118/3063
f 4420/363/3064 4419/88/3064 4422/231/3064
s 1
f 4423/369/3065 4424/232/3066 4425/368/3067
f 4424/232/3066 4423/369/3065 4426/230/3068
f 4427/229/3069 4428/91/3070 4429/91/3071
f 4428/91/3070 4427/229/3069 4430/227/3072
s 0
f 4431/100/3073 4432/100/3073 4433/226/3073
f 4434/228/3074 4433/226/3074 4432/100/3074
f 4435/100/3075 4436/100/3075 4437/96/3075
f 4438/226/3076 4437/96/3076 4436/100/3076
s 1
f 4439/90/3077 4440/91/3077 4441/91/3077
f 4440/91/3077 4439/90/3077 4442/229/3077
f 4443/362/3078 4444/362/3079 4445/233/3079
f 4445/233/3079 4444/362/3079 4446/233/3079
f 4447/364/3080 4448/233/3081 4449/362/3082
f 4448/233/3081 4447/364/3080 4450/235/3083
f 4451/237/3084 4452/111/3084 4453/372/3084
f 4453/372/3084 4452/111/3084 4454/372/3085
f 4455/111/3086 4456/92/3087 4457/372/3088
f 4456/92/3087 4455/111/3086 4458/238/3089
f 4459/95/3090 4460/119/3091 4461/119/3090
f 4460/119/3091 4459/95/3090 4462/95/3091
f 4463/95/3092 4464/95/3093 4465/119/3094
f 4466/239/3095 4465/119/3094 4464/95/3093
f 4467/95/3096 4468/119/3096 4469/119/3096
f 4468/119/3096 4467/95/3096 4470/95/3096
s 0
f 4471/373/3097 4472/99/3097 4473/99/3097
f 4472/99/3097 4471/373/3097 4474/373/3097
s 1
f 4475/373/3098 4476/102/3099 4477/99/3100
f 4478/242/3101 4477/99/3100 4476/102/3099
s 0
f 4479/103/3102 4480/360/3102 4481/89/3102
f 4481/89/3102 4480/360/3102 4482/243/3102
s 1
f 4483/360/3103 4484/236/3104 4485/243/3105
f 4484/236/3104 4483/360/3103 4486/361/3106
s 0
f 4487/241/3107 4488/240/3107 4489/95/3107
f 4489/95/3107 4488/240/3107 4490/95/3107
s 1
f 4491/240/3108 4492/95/3109 4493/95/3110
f 4492/95/3109 4491/240/3108 4494/239/3111
s 0
f 4495/94/3112 4496/241/3112 4497/95/3112
f 4497/95/3112 4496/241/3112 4498/95/3112
f 4499/103/3113 4500/103/3113 4501/89/3113
f 4501/89/3114 4500/103/3114 4502/89/3114
f 4503/102/3115 4504/99/3115 4505/99/3115
f 4504/99/3115 4503/102/3115 4506/373/3115
s 1
f 4507/358/3116 4508/358/3116 4509/245/3117
f 4509/245/3117 4508/358/3116 4510/246/3116
f 4511/358/3118 4512/359/3119 4513/246/3120
f 4513/246/3120 4512/359/3119 4514/244/3121
f 4515/248/3122 4516/248/3123 4517/373/3122
f 4517/373/3122 4516/248/3123 4518/373/3122
f 4519/248/3124 4520/242/3125 4521/373/3126
f 4521/373/3126 4520/242/3125 4522/102/3127
f 4523/105/3128 4524/120/3129 4525/120/3128
f 4524/120/3129 4523/105/3128 4526/105/3128
f 4527/105/3130 4528/105/3131 4529/120/3132
f 4530/101/3133 4529/120/3132 4528/105/3131
f 4531/105/3134 4532/120/3134 4533/120/3134
f 4532/120/3134 4531/105/3134 4534/105/3134
f 4535/121/3135 4536/248/3136 4537/102/3136
f 4537/102/3136 4536/248/3136 4538/373/3135
f 4539/107/3137 4540/358/3138 4541/106/3137
f 4541/106/3137 4540/358/3138 4542/245/3138
f 4543/322/3139 4544/374/3140 4545/367/3141
f 4544/374/3140 4543/322/3139 4546/323/3142
f 4547/368/3143 4548/87/3143 4549/117/3143
f 4548/87/3143 4547/368/3143 4550/232/3143
f 4551/252/3144 4552/375/3145 4553/253/3146
f 4552/375/3145 4551/252/3144 4554/230/3147
f 4555/120/3148 4556/256/3149 4557/257/3150
f 4556/256/3149 4555/120/3148 4558/227/3151
f 4559/371/3152 4560/227/3153 4561/120/3154
f 4560/227/3153 4559/371/3152 4562/91/3155
f 4563/105/3156 4564/101/3157 4565/105/3158
f 4566/376/3159 4564/101/3157 4563/105/3156
f 4567/111/3160 4568/237/3160 4569/92/3160
f 4569/92/3160 4568/237/3160 4570/372/3161
f 4571/93/3162 4572/362/3163 4573/104/3162
f 4573/104/3162 4572/362/3163 4574/233/3163
f 4575/105/3164 4576/377/3164 4577/376/3165
f 4576/377/3164 4575/105/3164 4578/105/3165
f 4579/375/3166 4580/323/3167 4581/253/3168
f 4582/255/3169 4581/253/3168 4580/323/3167
f 4583/376/3170 4584/86/3170 4585/86/3170
f 4584/86/3170 4583/376/3170 4586/377/3170
f 4587/378/3171 4588/52/3171 4589/379/3171
f 4590/52/3171 4588/52/3171 4587/378/3171
f 4591/354/3172 4592/355/3172 4593/379/3172
f 4593/379/3172 4592/355/3172 4594/378/3172
f 4595/92/3173 4596/228/3174 4597/100/3175
f 4596/228/3174 4595/92/3173 4598/238/3176
f 4599/120/3177 4600/257/3178 4601/86/3179
f 4600/257/3178 4599/120/3177 4602/120/3180
f 4603/379/3181 4604/98/3182 4605/354/3183
f 4606/113/3182 4605/354/3183 4604/98/3182
f 4607/52/3184 4608/379/3184 4609/52/3184
f 4610/98/3184 4608/379/3184 4607/52/3184
f 4611/105/3185 4612/120/3186 4613/120/3187
f 4612/120/3186 4611/105/3185 4614/371/3188
f 4615/235/3189 4616/231/3190 4617/267/3191
f 4618/253/3192 4617/267/3191 4616/231/3190
f 4619/257/3193 4620/238/3194 4621/269/3195
f 4622/228/3196 4620/238/3194 4619/257/3193
f 4623/231/3197 4624/364/3198 4625/363/3199
f 4624/364/3198 4623/231/3197 4626/235/3200
f 4627/247/3201 4628/378/3202 4629/356/3203
f 4630/355/3204 4629/356/3203 4628/378/3202
f 4631/247/3205 4632/52/3206 4633/378/3207
f 4634/52/3208 4632/52/3206 4631/247/3205
f 4635/86/3209 4636/377/3210 4637/101/3209
f 4636/377/3210 4635/86/3209 4638/86/3211
f 4639/105/3212 4640/101/3213 4641/377/3212
f 4640/101/3213 4639/105/3212 4642/105/3213
f 4643/86/3214 4644/101/3215 4645/376/3216
f 4644/101/3215 4643/86/3214 4646/86/3217
f 4647/202/3218 4648/309/3218 4649/353/3219
f 4647/202/3218 4650/308/3220 4648/309/3218
f 4651/115/3221 4652/332/3222 4653/189/3223
f 4654/115/3224 4652/332/3222 4651/115/3221
usemtl Black.001
f 4655/380/3225 4656/147/3225 4657/381/3226
f 4658/145/3225 4656/147/3225 4655/380/3225
f 4659/144/3227 4660/382/3228 4661/383/3229
f 4659/144/3227 4661/383/3229 4662/146/3230
f 4663/383/3231 4664/147/3231 4665/146/3231
f 4664/147/3231 4663/383/3231 4666/381/3231
f 4667/382/3232 4668/144/3233 4669/145/3234
f 4670/380/3235 4667/382/3232 4669/145/3234
s 0
f 4671/383/3236 4672/382/3236 4673/382/3236
f 4671/383/3236 4674/383/3236 4672/382/3236
f 4675/383/3237 4676/381/3237 4677/383/3237
f 4676/381/3237 4675/383/3237 4678/381/3237
f 4679/381/3238 4680/380/3238 4681/380/3238
f 4679/381/3238 4682/381/3238 4680/380/3238
s 1
f 4683/380/3239 4684/381/3239 4685/383/3239
f 4686/382/3240 4683/380/3239 4685/383/3239
f 4687/383/3241 4688/381/3242 4689/383/3241
f 4688/381/3242 4687/383/3241 4690/381/3241
f 4691/381/3243 4692/380/3244 4693/381/3244
f 4692/380/3244 4691/381/3243 4694/380/3243
f 4695/380/3245 4696/382/3246 4697/380/3246
f 4696/382/3246 4695/380/3245 4698/382/3245
s 0
f 4699/380/3247 4700/380/3247 4701/382/3247
f 4701/382/3248 4702/382/3248 4699/380/3248
s 1
f 4703/382/3249 4704/382/3249 4705/383/3249
f 4705/383/3249 4706/383/3249 4703/382/3249
f 4707/380/3250 4708/382/3250 4709/380/3250
f 4708/382/3250 4707/380/3250 4710/382/3251
f 4711/381/3252 4712/380/3252 4713/381/3252
f 4712/380/3252 4711/381/3252 4714/380/3252
f 4715/382/3253 4716/382/3254 4717/383/3254
f 4715/382/3253 4717/383/3254 4718/383/3255
f 4719/381/3256 4720/383/3257 4721/383/3256
f 4720/383/3257 4719/381/3256 4722/381/3258
f 4723/384/3259 4724/214/3260 4725/213/3260
f 4724/214/3260 4723/384/3259 4726/385/3259
f 4727/215/3261 4728/258/3262 4729/258/3263
f 4727/215/3261 4730/215/3264 4728/258/3262
f 4731/386/3265 4732/215/3265 4733/387/3265
f 4734/216/3265 4732/215/3265 4731/386/3265
f 4735/384/3266 4736/386/3266 4737/385/3266
f 4738/387/3266 4737/385/3266 4736/386/3266
f 4739/258/3267 4740/215/3268 4741/215/3267
f 4739/258/3267 4742/258/3269 4740/215/3268
f 4743/215/3270 4744/216/3270 4745/216/3270
f 4743/215/3270 4746/215/3270 4744/216/3270
f 4747/384/3271 4748/216/3271 4749/386/3271
f 4748/216/3271 4747/384/3271 4750/216/3271
f 4751/385/3272 4752/387/3272 4753/260/3273
f 4754/260/3272 4753/260/3273 4752/387/3272
f 4755/388/3274 4756/389/3274 4757/390/3274
f 4756/389/3274 4755/388/3274 4758/391/3274
f 4759/260/3275 4760/215/3275 4761/258/3276
f 4760/215/3275 4759/260/3275 4762/387/3275
f 4763/390/3277 4764/258/3278 4765/388/3278
f 4764/258/3278 4763/390/3277 4766/260/3277
f 4767/260/3279 4768/389/3280 4769/264/3279
f 4768/389/3280 4767/260/3279 4770/260/3280
f 4771/216/3281 4772/215/3282 4773/215/3283
f 4771/216/3281 4774/216/3284 4772/215/3282
f 4775/391/3285 4776/258/3286 4777/261/3287
f 4776/258/3286 4775/391/3285 4778/258/3288
f 4779/385/3289 4780/260/3290 4781/214/3290
f 4780/260/3290 4779/385/3289 4782/260/3291
f 4783/391/3292 4784/388/3293 4785/258/3294
f 4786/258/3293 4785/258/3294 4784/388/3293
f 4787/260/3295 4788/390/3296 4789/389/3295
f 4787/260/3295 4790/260/3296 4788/390/3296
f 4791/223/3297 4792/219/3298 4793/219/3299
f 4792/219/3298 4791/223/3297 4794/223/3300
f 4795/224/3301 4796/222/3302 4797/225/3303
f 4797/225/3303 4798/225/3304 4795/224/3301
f 4799/223/3305 4800/220/3306 4801/219/3307
f 4800/220/3306 4799/223/3305 4802/223/3308
f 4803/223/3309 4804/225/3310 4805/223/3311
f 4804/225/3310 4803/223/3309 4806/225/3312
f 4807/223/3313 4808/223/3314 4809/222/3315
f 4809/222/3315 4810/392/3316 4807/223/3313
f 4811/223/3317 4812/219/3318 4813/219/3319
f 4814/223/3320 4812/219/3318 4811/223/3317
f 4815/223/3321 4816/222/3322 4817/223/3323
f 4816/222/3322 4815/223/3321 4818/225/3324
f 4819/223/3325 4820/219/3326 4821/219/3327
f 4819/223/3325 4822/223/3328 4820/219/3326
f 4823/392/3329 4824/224/3330 4825/221/3331
f 4824/224/3330 4823/392/3329 4826/222/3332
f 4827/223/3333 4828/223/3334 4829/392/3335
f 4829/392/3335 4830/221/3336 4827/223/3333
f 4831/219/3337 4832/219/3338 4833/220/3339
f 4831/219/3337 4834/219/3340 4832/219/3338
f 4835/389/3341 4836/261/3342 4837/264/3343
f 4836/261/3342 4835/389/3341 4838/391/3344
f 4839/216/3345 4840/216/3346 4841/384/3347
f 4842/213/3348 4839/216/3345 4841/384/3347
f 4843/283/3349 4844/273/3350 4845/272/3349
f 4844/273/3350 4843/283/3349 4846/222/3349
f 4847/274/3351 4848/274/3352 4849/393/3352
f 4849/393/3352 4850/271/3351 4847/274/3351
f 4851/219/3353 4852/394/3353 4853/395/3353
f 4852/394/3353 4851/219/3353 4854/223/3353
f 4855/395/3354 4856/274/3355 4857/219/3355
f 4856/274/3355 4855/395/3354 4858/274/3354
f 4859/283/3356 4860/393/3356 4861/394/3356
f 4862/222/3356 4859/283/3356 4861/394/3356
f 4863/393/3357 4864/274/3358 4865/395/3357
f 4866/394/3357 4863/393/3357 4865/395/3357
f 4867/277/3359 4868/396/3360 4869/397/3360
f 4869/397/3360 4870/278/3359 4867/277/3359
f 4871/274/3361 4872/398/3362 4873/274/3362
f 4872/398/3362 4871/274/3361 4874/271/3361
f 4875/278/3363 4876/397/3364 4877/399/3364
f 4878/272/3364 4875/278/3363 4877/399/3364
f 4879/276/3365 4880/400/3366 4881/396/3366
f 4881/396/3366 4882/277/3365 4879/276/3365
f 4883/400/3367 4884/398/3367 4885/396/3367
f 4884/398/3367 4883/400/3367 4886/274/3367
f 4887/397/3368 4888/396/3369 4889/398/3369
f 4890/399/3369 4887/397/3368 4889/398/3369
f 4891/273/3370 4892/222/3370 4893/223/3370
f 4894/394/3371 4893/223/3370 4892/222/3370
f 4895/271/3372 4896/393/3372 4897/283/3372
f 4897/283/3372 4898/272/3372 4895/271/3372
f 4899/400/3373 4900/274/3374 4901/274/3373
f 4900/274/3374 4899/400/3373 4902/276/3374
f 4903/272/3375 4904/399/3376 4905/271/3377
f 4906/398/3378 4905/271/3377 4904/399/3376
f 4907/219/3379 4908/219/3380 4909/219/3381
f 4910/219/3382 4909/219/3381 4908/219/3380
f 4911/380/3383 4912/147/3384 4913/145/3385
f 4911/380/3383 4914/381/3384 4912/147/3384
f 4915/144/3386 4916/383/3387 4917/382/3388
f 4915/144/3386 4918/146/3389 4916/383/3387
f 4919/147/3390 4920/383/3391 4921/146/3391
f 4920/383/3391 4919/147/3390 4922/381/3390
f 4923/145/3392 4924/144/3393 4925/382/3394
f 4926/380/3395 4923/145/3392 4925/382/3394
s 0
f 4927/382/3396 4928/383/3396 4929/382/3396
f 4928/383/3397 4927/382/3397 4930/383/3397
f 4931/381/3398 4932/383/3398 4933/383/3398
f 4932/383/3399 4931/381/3399 4934/381/3399
f 4935/381/3400 4936/381/3400 4937/380/3400
f 4938/380/3400 4937/380/3400 4936/381/3400
s 1
f 4939/380/3401 4940/383/3401 4941/381/3402
f 4942/382/3403 4940/383/3401 4939/380/3401
f 4943/383/3404 4944/381/3405 4945/381/3406
f 4944/381/3405 4943/383/3404 4946/383/3404
f 4947/380/3407 4948/381/3407 4949/381/3407
f 4948/381/3407 4947/380/3407 4950/380/3407
f 4951/382/3408 4952/380/3409 4953/380/3408
f 4952/380/3409 4951/382/3408 4954/382/3409
s 0
f 4955/380/3410 4956/382/3410 4957/380/3410
f 4958/382/3411 4956/382/3411 4955/380/3411
s 1
f 4959/382/3412 4960/382/3412 4961/383/3412
f 4962/383/3412 4961/383/3412 4960/382/3412
f 4963/380/3413 4964/382/3413 4965/382/3413
f 4964/382/3413 4963/380/3413 4966/380/3413
f 4967/381/3414 4968/380/3414 4969/380/3414
f 4968/380/3414 4967/381/3414 4970/381/3414
f 4971/382/3415 4972/383/3415 4973/383/3415
f 4974/382/3415 4971/382/3415 4973/383/3415
f 4975/383/3416 4976/381/3417 4977/381/3417
f 4978/383/3417 4975/383/3416 4977/381/3417
f 4979/214/3418 4980/384/3418 4981/213/3419
f 4980/384/3418 4979/214/3418 4982/385/3420
f 4983/215/3421 4984/215/3422 4985/258/3423
f 4986/258/3424 4985/258/3423 4984/215/3422
f 4987/386/3425 4988/387/3425 4989/215/3425
f 4989/215/3425 4990/216/3425 4987/386/3425
f 4991/385/3426 4992/386/3426 4993/384/3426
f 4992/386/3426 4991/385/3426 4994/387/3426
f 4995/258/3427 4996/258/3428 4997/215/3427
f 4998/215/3427 4997/215/3427 4996/258/3428
f 4999/215/3429 5000/215/3430 5001/216/3429
f 5002/216/3431 5001/216/3429 5000/215/3430
f 5003/216/3432 5004/384/3433 5005/386/3432
f 5004/384/3433 5003/216/3432 5006/216/3432
f 5007/260/3434 5008/387/3435 5009/385/3434
f 5008/387/3435 5007/260/3434 5010/260/3435
f 5011/389/3436 5012/391/3436 5013/388/3436
f 5011/389/3436 5013/388/3436 5014/390/3437
f 5015/260/3438 5016/215/3438 5017/387/3438
f 5016/215/3438 5015/260/3438 5018/258/3438
f 5019/390/3439 5020/258/3440 5021/260/3441
f 5020/258/3440 5019/390/3439 5022/388/3442
f 5023/260/3443 5024/264/3444 5025/389/3444
f 5025/389/3444 5026/260/3444 5023/260/3443
f 5027/216/3445 5028/216/3446 5029/215/3447
f 5030/215/3448 5029/215/3447 5028/216/3446
f 5031/258/3449 5032/391/3450 5033/261/3451
f 5032/391/3450 5031/258/3449 5034/258/3452
f 5035/260/3453 5036/385/3454 5037/214/3455
f 5036/385/3454 5035/260/3453 5038/260/3455
f 5039/391/3456 5040/258/3456 5041/388/3457
f 5040/258/3456 5042/258/3457 5041/388/3457
f 5043/260/3458 5044/260/3458 5045/390/3458
f 5045/390/3458 5044/260/3458 5046/389/3458
f 5047/223/3459 5048/219/3460 5049/219/3461
f 5050/223/3462 5047/223/3459 5049/219/3461
f 5051/222/3463 5052/224/3464 5053/225/3465
f 5054/225/3466 5053/225/3465 5052/224/3464
f 5055/223/3467 5056/220/3468 5057/223/3469
f 5058/219/3470 5056/220/3468 5055/223/3467
f 5059/223/3471 5060/225/3472 5061/225/3473
f 5060/225/3472 5059/223/3471 5062/223/3474
f 5063/223/3475 5064/222/3476 5065/223/3477
f 5066/392/3478 5064/222/3476 5063/223/3475
f 5067/223/3479 5068/219/3480 5069/219/3481
f 5070/223/3482 5067/223/3479 5069/219/3481
f 5071/222/3483 5072/223/3484 5073/223/3485
f 5072/223/3484 5071/222/3483 5074/225/3486
f 5075/223/3487 5076/219/3488 5077/219/3489
f 5075/223/3487 5077/219/3489 5078/223/3490
f 5079/392/3491 5080/224/3492 5081/222/3493
f 5080/224/3492 5079/392/3491 5082/221/3494
f 5083/223/3495 5084/223/3496 5085/392/3497
f 5085/392/3497 5084/223/3496 5086/221/3498
f 5087/219/3499 5088/220/3500 5089/219/3501
f 5090/219/3502 5087/219/3499 5089/219/3501
f 5091/389/3503 5092/261/3504 5093/391/3505
f 5092/261/3504 5091/389/3503 5094/264/3506
f 5095/216/3507 5096/384/3508 5097/216/3509
f 5096/384/3508 5095/216/3507 5098/213/3510
f 5099/283/3511 5100/273/3512 5101/222/3511
f 5100/273/3512 5099/283/3511 5102/272/3511
f 5103/274/3513 5104/393/3513 5105/274/3513
f 5104/393/3513 5103/274/3513 5106/271/3513
f 5107/394/3514 5108/219/3515 5109/395/3514
f 5108/219/3515 5107/394/3514 5110/223/3515
f 5111/395/3516 5112/274/3516 5113/274/3516
f 5112/274/3516 5111/395/3516 5114/219/3516
f 5115/283/3517 5116/394/3517 5117/393/3517
f 5116/394/3517 5115/283/3517 5118/222/3517
f 5119/274/3518 5120/393/3518 5121/395/3518
f 5121/395/3518 5120/393/3518 5122/394/3518
f 5123/396/3519 5124/277/3520 5125/397/3520
f 5125/397/3520 5124/277/3520 5126/278/3520
f 5127/398/3521 5128/274/3521 5129/274/3522
f 5128/274/3521 5127/398/3521 5130/271/3521
f 5131/278/3523 5132/399/3524 5133/397/3525
f 5132/399/3524 5131/278/3523 5134/272/3525
f 5135/276/3526 5136/396/3527 5137/400/3527
f 5136/396/3527 5135/276/3526 5138/277/3526
f 5139/400/3528 5140/398/3528 5141/274/3528
f 5140/398/3528 5139/400/3528 5142/396/3528
f 5143/397/3529 5144/398/3530 5145/396/3530
f 5146/399/3530 5144/398/3530 5143/397/3529
f 5147/222/3531 5148/223/3531 5149/394/3531
f 5148/223/3531 5147/222/3531 5150/273/3531
f 5151/271/3532 5152/283/3532 5153/393/3532
f 5151/271/3532 5154/272/3532 5152/283/3532
f 5155/274/3533 5156/400/3534 5157/274/3534
f 5155/274/3533 5158/276/3533 5156/400/3534
f 5159/399/3535 5160/271/3536 5161/398/3537
f 5160/271/3536 5159/399/3535 5162/272/3537
f 5163/219/3538 5164/219/3539 5165/219/3540
f 5164/219/3539 5163/219/3538 5166/219/3541
